term,source_slug,occurrences
generic diagnostic,longevity_technology_clinics,124
cardiovascular,longevity_technology_clinics,122
food as medicine,longevity_technology_clinics,121
client portal,longevity_technology_clinics,115
hormones and regenerative,longevity_technology_clinics,114
immunity and allergy,longevity_technology_clinics,114
wearable integration,longevity_technology_clinics,112
brain health,longevity_technology_clinics,109
pharmaceutical,longevity_technology_clinics,109
cognitive,longevity_technology_clinics,108
holistic medicine,longevity_technology_clinics,104
on site lab,longevity_technology_clinics,104
diagnostic imaging,longevity_technology_clinics,96
Wellness center,biohacking_map,90
biohacking,longevity_technology_clinics,89
client app,longevity_technology_clinics,89
Medical clinic,biohacking_map,82
aesthetic management,longevity_technology_clinics,78
Alternative medicine practitioner,biohacking_map,40
Medical Center,biohacking_map,39
Holistic medicine practitioner,biohacking_map,38
Health consultant,biohacking_map,33
Doctor,biohacking_map,30
Naturopathic practitioner,biohacking_map,29
traditional chinese medicine tcm,longevity_technology_clinics,26
Medical spa,biohacking_map,25
Nutritionist,biohacking_map,25
Detox,medical_travel_market_longevity_programs,23
Longevity,medical_travel_market_longevity_programs,23
Plastic Surgery,medical_travel_market_longevity_programs,23
Acupuncturist,biohacking_map,22
Plastic Surgery,gangnam_medical_tourism,22
Health spa,biohacking_map,20
Pain management physician,biohacking_map,20
Plastic Surgery,placidway_antiaging_south_korea,20
Plastic Surgery,placidway_antiaging_turkey,20
Anti-Aging,korea_health_pages_anti_aging_gangnam,19
Anti-Aging,korea_health_pages_iv_drip,19
Anti-Aging,placidway_antiaging_south_korea,19
Anti-Aging,placidway_antiaging_turkey,19
Longevity,placidway_antiaging_south_korea,19
Plastic Surgery,placidway_antiaging_thailand,19
Wellness program,biohacking_map,19
Anti-Aging,korea_health_pages_prp_skin,18
Anti-Aging,korea_health_pages_rejuran,18
Anti-Aging,placidway_antiaging_thailand,18
Longevity,placidway_antiaging_turkey,18
Physical therapist,biohacking_map,17
Specialized clinic,biohacking_map,17
Sports medicine clinic,biohacking_map,17
Hyperbaric medicine physician,biohacking_map,16
Longevity,placidway_antiaging_thailand,16
Medical office,biohacking_map,16
Weight loss service,biohacking_map,16
Physical therapy clinic,biohacking_map,15
Anti-Aging,gangnam_medical_tourism,14
Massage therapist,biohacking_map,14
Sports medicine physician,biohacking_map,14
Acupuncture clinic,biohacking_map,13
Anti-Aging,mymeditravel_regenerative_thailand,12
Plastic Surgery,placidway_stem_cell_thailand,12
Skin care clinic,biohacking_map,12
Osteopath,biohacking_map,11
Pain control clinic,biohacking_map,11
Women's health clinic,biohacking_map,11
Dermatology,placidway_antiaging_south_korea,10
Regenerative Medicine,placidway_antiaging_south_korea,10
Regenerative Medicine,placidway_antiaging_thailand,10
Anti-Aging,placidway_stem_cell_thailand,9
Longevity,placidway_stem_cell_thailand,9
Plastic Surgery,placidway_stem_cell_turkey,9
Plastic Surgery,uniclinics_turkey_clinics,9
Regenerative Medicine,placidway_stem_cell_thailand,9
Chinese medicine clinic,biohacking_map,8
Fitness center,biohacking_map,8
Massage spa,biohacking_map,8
Medical group,biohacking_map,8
Personal trainer,biohacking_map,7
Rehabilitation center,biohacking_map,7
Blood testing service,biohacking_map,6
Counselor,biohacking_map,6
Dermatologist,biohacking_map,6
Herbalist,biohacking_map,6
Ozone Therapy,medical_travel_market_longevity_programs,6
Regenerative Medicine,placidway_antiaging_turkey,6
Anti-Aging,korea_health_pages_regenerative_medicine,5
Coaching center,biohacking_map,5
Dermatology,uniclinics_turkey_clinics,5
Detox,placidway_antiaging_thailand,5
Diagnostic center,biohacking_map,5
Endocrinologist,biohacking_map,5
Family practice physician,biohacking_map,5
Longevity,placidway_stem_cell_turkey,5
Lymph drainage therapist,biohacking_map,5
Psychotherapist,biohacking_map,5
Telomere Analysis,world_longevity_clinics,5
Vitamin & supplements store,biohacking_map,5
Additional Maxillary Sinus Surgery (in addition to FESS),bookimed_longevity,4
Additional Maxillary Sinus Surgery (in addition to FESS),bookimed_longevity_turkey,4
Anti-Aging,spannr,4
Dermatology,placidway_antiaging_thailand,4
Dermatology,placidway_stem_cell_turkey,4
Detox,placidway_antiaging_turkey,4
Facial spa,biohacking_map,4
Jejunostomy / Ileostomy Creation or Closure,bookimed_longevity,4
Jejunostomy / Ileostomy Creation or Closure,bookimed_longevity_turkey,4
Men's health physician,biohacking_map,4
Orthopedic clinic,biohacking_map,4
Physiatrist,biohacking_map,4
Pilates studio,biohacking_map,4
Psychiatrist,biohacking_map,4
Robot-Assisted Lung Resection with Mediastinal Lymph Node Dissection,bookimed_longevity,4
Robot-Assisted Lung Resection with Mediastinal Lymph Node Dissection,bookimed_longevity_turkey,4
Selective Nerve Root Block (per level),bookimed_longevity,4
Selective Nerve Root Block (per level),bookimed_longevity_turkey,4
AI-Powered Diagnostics,world_longevity_clinics,3
Anti-Aging,placidway_stem_cell_turkey,3
Biofeedback therapist,biohacking_map,3
Biotechnology company,biohacking_map,3
Cardiovascular Screening,world_longevity_clinics,3
Chiropractor,biohacking_map,3
Cystocele or Rectocele Repair,bookimed_longevity,3
Cystocele or Rectocele Repair,bookimed_longevity_turkey,3
Dermatology,placidway_antiaging_turkey,3
Dermatology,placidway_stem_cell_thailand,3
Detox,placidway_stem_cell_thailand,3
Fertility clinic,biohacking_map,3
Fertility physician,biohacking_map,3
General practitioner,biohacking_map,3
Gym,biohacking_map,3
Health and beauty shop,biohacking_map,3
Health counselor,biohacking_map,3
Hemorrhoidal Artery Ligation / THD (Transanal Hemorrhoidal Dearterialization),bookimed_longevity,3
Hemorrhoidal Artery Ligation / THD (Transanal Hemorrhoidal Dearterialization),bookimed_longevity_turkey,3
Homeopath,biohacking_map,3
Internist,biohacking_map,3
Laparoscopic Cholecystectomy (Robotic Surgery),bookimed_longevity,3
Laparoscopic Cholecystectomy (Robotic Surgery),bookimed_longevity_turkey,3
Laparoscopic Myomectomy (Robotic Surgery),bookimed_longevity,3
Laparoscopic Myomectomy (Robotic Surgery),bookimed_longevity_turkey,3
Mental health clinic,biohacking_map,3
Ozone Therapy,world_longevity_clinics,3
Physical fitness program,biohacking_map,3
"Posterior Cervical (C3–C7) Decompression, Fixation and Graft Placement",bookimed_longevity,3
Public medical center,biohacking_map,3
Regenerative Medicine,placidway_stem_cell_turkey,3
Spa and health club,biohacking_map,3
Standard Facelift,bookimed_longevity,3
Advanced Imaging,world_longevity_clinics,2
Allergist,biohacking_map,2
Anti-Aging,immortality_clinic,2
Anti-Aging,korea_health_pages_stem_cell,2
Anti-Aging,medical_travel_market_longevity_programs,2
Anti-Aging,mymeditravel_regenerative_southkorea,2
Anti-Aging,mymeditravel_regenerative_turkey,2
Anti-Aging,placidway_stem_cell_south_korea,2
Arthroscopic Partial Meniscectomy of the Knee,bookimed_longevity,2
Arthroscopic Partial Meniscectomy of the Knee,bookimed_longevity_turkey,2
Association / Organization,biohacking_map,2
Coaching service,biohacking_map,2
Cognitive Assessment,world_longevity_clinics,2
Cystorectocele Repair,bookimed_longevity,2
Cystorectocele Repair,bookimed_longevity_turkey,2
Day spa,biohacking_map,2
Diabetes center,biohacking_map,2
Dietitian,biohacking_map,2
General Hospital,gangnam_medical_tourism,2
Gymnastics center,biohacking_map,2
Health resort,biohacking_map,2
Home health care service,biohacking_map,2
Hormone Panels,biohacking_map,2
Hydrocephalus Surgery – Shunt Procedures (Shunt Device Excluded),bookimed_longevity,2
Hydrocephalus Surgery – Shunt Procedures (Shunt Device Excluded),bookimed_longevity_turkey,2
Hypnotherapy service,biohacking_map,2
Hysteroscopic Polyp Excision,bookimed_longevity,2
Hysteroscopic Polyp Excision,bookimed_longevity_turkey,2
Laparoscopic Ovarian or Paraovarian Cyst Excision,bookimed_longevity,2
Laparoscopic Ovarian or Paraovarian Cyst Excision,bookimed_longevity_turkey,2
Medical diagnostic imaging center,biohacking_map,2
Metabolic Markers,biohacking_map,2
Metabolic Testing,world_longevity_clinics,2
Microbiome Analysis,world_longevity_clinics,2
Neurofeedback,world_longevity_clinics,2
Occupational therapist,biohacking_map,2
Orthopedic surgeon,biohacking_map,2
Oxygen equipment supplier,biohacking_map,2
Ozone Therapy,placidway_antiaging_turkey,2
Ozone Therapy,placidway_stem_cell_thailand,2
Ozone Therapy,placidway_stem_cell_turkey,2
Physical examination center,biohacking_map,2
Physiotherapy,bookimed_longevity,2
Plastic Surgery,longevita_clinics,2
Plastic Surgery,placidway_stem_cell_south_korea,2
Plastic surgery clinic,biohacking_map,2
"Posterior Cervical (C3–C7) Decompression, Fixation and Graft Placement",bookimed_longevity_turkey,2
PREMIUM 50 million mesenchymal stem cell & exosomes treatment (hotel & ground transportation included),bookimed_longevity,2
Psychologist,biohacking_map,2
Psychosomatic medical practitioner,biohacking_map,2
Radical Total Gastrectomy (Including Splenectomy and Minimum D2 Lymph Node Dissection),bookimed_longevity,2
Radical Total Gastrectomy (Including Splenectomy and Minimum D2 Lymph Node Dissection),bookimed_longevity_turkey,2
Regenerative Medicine,placidway_stem_cell_south_korea,2
Research institute,biohacking_map,2
Robotic Laparoscopic Multiple Myomectomy,bookimed_longevity,2
Robotic Laparoscopic Multiple Myomectomy,bookimed_longevity_turkey,2
Service establishment,biohacking_map,2
Sleep clinic,biohacking_map,2
Sports massage therapist,biohacking_map,2
Standard Liquid Facelift,bookimed_longevity,2
Vascular surgeon,biohacking_map,2
Vertebroplasty (Per Level) (Cement or Graft),bookimed_longevity,2
Vertebroplasty (Per Level) (Cement or Graft),bookimed_longevity_turkey,2
Yoga studio,biohacking_map,2
1 bill Exosomes with hialuronic acid for joints,bookimed_longevity,1
1 Billion Exosomes Facial Rejuvenation with Hyaluronic Acid — Outpatient,bookimed_longevity,1
1-Month Family Care Stroke Rehabilitation — Bangkok's #1 Network with Family Training Included,bookimed_longevity,1
1-Month Family Care Stroke Rehabilitation — Bangkok's #1 Network with Family Training Included,bookimed_longevity_thailand,1
"1-Month First Step Stroke Rehabilitation Bangkok — 28 Sessions, Family Orientation, AACI Accredited",bookimed_longevity,1
"1-Month First Step Stroke Rehabilitation Bangkok — 28 Sessions, Family Orientation, AACI Accredited",bookimed_longevity_thailand,1
100 Million Mesenchymal Stem Cell (IA - INTRA ARTICULAR),bookimed_longevity,1
100 Million Mesenchymal Stem Cell - IV DRIP,bookimed_longevity,1
15 Day All Inclusive Retreat - Bungalow,bookimed_longevity,1
15 Day All Inclusive Retreat - Bungalow,bookimed_longevity_thailand,1
16 E-max Veneers with Free Bleaching — 4★ Hotel & Airport Transfer Included,bookimed_longevity_korea,1
16 Zirconia Crowns with Free Whitening — 5★ Hotel & VIP Transfer Included,bookimed_longevity_korea,1
2 bill Exosomes with hialuronic acid for scalp Hair Regrowth,bookimed_longevity,1
20 E-max Veneers for a Natural-Looking Hollywood Smile — Transfer Included,bookimed_longevity,1
20 E-max Veneers for a Natural-Looking Hollywood Smile — Transfer Included,bookimed_longevity_turkey,1
20 E-max Veneers with Free Bleaching for a Hollywood Smile — 4★ Hotel Included,bookimed_longevity_korea,1
20 Porcelain Crowns with Free Bleaching — 5★ Hotel & VIP Transfer Included,bookimed_longevity_korea,1
20 Zirconia Crowns with 5-Year Warranty — Ministry-Certified Clinic & VIP Transfer,bookimed_longevity,1
20 Zirconia Crowns with 5-Year Warranty — Ministry-Certified Clinic & VIP Transfer,bookimed_longevity_turkey,1
20 Zirconia Crowns with Free Whitening — 5★ Hotel & Airport Transfer,bookimed_longevity_korea,1
22 Day All Inclusive Retreat - Superior Room,bookimed_longevity,1
22 Day All Inclusive Retreat - Superior Room,bookimed_longevity_thailand,1
270° Gynecomastia + Chest Lift for Complete Definition — 5★ Hotel,bookimed_longevity,1
270° Gynecomastia + Chest Lift for Complete Definition — 5★ Hotel,bookimed_longevity_turkey,1
"28 Zirconia Crowns with Digital Smile Design — 4★ Hotel, 5 Nights",bookimed_longevity_korea,1
29 Day All Inclusive Retreat - Superior Room,bookimed_longevity,1
29 Day All Inclusive Retreat - Superior Room,bookimed_longevity_thailand,1
3 Bill of Exosomes with aminoacids,bookimed_longevity,1
"3-Unit Dental Bridge for Durable Smile Restoration — 5★ Hotel, 3 Days",bookimed_longevity_korea,1
350+ Biomarkers,biohacking_map,1
360° Liposuction + Tummy Tuck & BBL — 5 Nights Hotel & VIP Transfer,bookimed_longevity_korea,1
360° Liposuction by Professor with 900+ Procedures — 5★ Hotel & VIP Transfer,bookimed_longevity,1
360° Liposuction by Professor with 900+ Procedures — 5★ Hotel & VIP Transfer,bookimed_longevity_turkey,1
450+ Biomarker Panel,world_longevity_clinics,1
5-Day Mesenchymal Stem Cell Rejuvenation — Boost Energy and Immunity,bookimed_longevity,1
"50M MSCs & Exosomes for Autism by Specialist with 1,100+ Cases — Hyatt Place & Transfer Included",bookimed_longevity,1
8 Composite Veneers with Free Whitening — 5★ Hotel & VIP Transfer Included,bookimed_longevity_korea,1
8 Day All Inclusive Retreat - Bungalow,bookimed_longevity,1
8 Day All Inclusive Retreat - Bungalow,bookimed_longevity_thailand,1
8 Day All Inclusive Retreat - Superior Room,bookimed_longevity,1
8 Day All Inclusive Retreat - Superior Room,bookimed_longevity_thailand,1
8 E-max Porcelain Veneers for a Radiant Hollywood Smile — 5★ Hotel & VIP Transfer,bookimed_longevity_korea,1
"90-Day Golden Period Stroke Rehabilitation Bangkok — Outcome Guarantee, TMS, Family Training, AACI Accredited",bookimed_longevity,1
"90-Day Golden Period Stroke Rehabilitation Bangkok — Outcome Guarantee, TMS, Family Training, AACI Accredited",bookimed_longevity_thailand,1
Abdomen Liposuction with Tumescent Technique for Flat & Toned Profile,bookimed_longevity,1
Abdomen Liposuction with Tumescent Technique for Flat & Toned Profile,bookimed_longevity_korea,1
Abdominal Ct Scan So8 1800,mymeditravel_chaum_medical_center,1
Abdominal Etching for Six-Pack Definition — 5★ Hotel Included,bookimed_longevity,1
Abdominal Etching for Six-Pack Definition — 5★ Hotel Included,bookimed_longevity_turkey,1
Abdominal Total Hysterectomy,bookimed_longevity,1
Abdominal Total Hysterectomy,bookimed_longevity_turkey,1
Abdominal Ultrasound Bk 12505,mymeditravel_regenerative_thailand,1
Abdominal Ultrasound Bk 1877,mymeditravel_regenerative_thailand,1
Abdominal Ultrasound Pa 1612,mymeditravel_regenerative_thailand,1
Abdominal Ultrasound So8 1801,mymeditravel_chaum_medical_center,1
Acne Scar Treatment Sp 358,mymeditravel_regenerative_thailand,1
Acne Treatment Sp 359,mymeditravel_regenerative_thailand,1
Acupuncture Bk 12171,mymeditravel_regenerative_thailand,1
Acupuncture Bk 13165,mymeditravel_regenerative_thailand,1
Addiction treatment center,biohacking_map,1
Additional Level Lumbar Posterior Instrumentation,bookimed_longevity,1
Additional Level Lumbar Posterior Instrumentation,bookimed_longevity_turkey,1
Advanced Autoimmune Disease Treatment Program,bookimed_longevity,1
Advanced Autoimmune Disease Treatment Program,bookimed_longevity_thailand,1
Advanced CCTA,biohacking_map,1
Advanced Diagnostics,world_longevity_clinics,1
ADVANCED DISEASES PACKAGE 9 bill Exosomes with,bookimed_longevity,1
AI Endoscopy,world_longevity_clinics,1
AI Epigenetic Optimization,world_longevity_clinics,1
AI-Driven Risk Assessment,world_longevity_clinics,1
Alar Reduction Bk 14664,mymeditravel_regenerative_thailand,1
Alarplasty Bk 14663,mymeditravel_regenerative_thailand,1
Alcoholism Treatment Tu2 1246,mymeditravel_regenerative_turkey,1
All-Inclusive Package: Premium chin Liposuction,bookimed_longevity,1
"All-Inclusive Penis Enlargement — Fat Graft Thickening, Ligament Release, Post-Op Care",bookimed_longevity_korea,1
All-on-4 Implants with BEGO for Complete Smile Restoration — Lifetime Warranty,bookimed_longevity,1
All-on-4 Implants with BEGO for Complete Smile Restoration — Lifetime Warranty,bookimed_longevity_turkey,1
All-on-4 Implants with Straumann/Neodent — 4★ Hotel & VIP Transfer,bookimed_longevity,1
All-on-4 Straumann Implants for Complete Smile Restoration — 5★ Hotel,bookimed_longevity_korea,1
All-on-6 Implants with BEGO & Temporary Prosthesis — Lifetime Guarantee,bookimed_longevity,1
All-on-6 Implants with BEGO & Temporary Prosthesis — Lifetime Guarantee,bookimed_longevity_turkey,1
All-on-6 Implants with Straumann — 5★ Hotel & Airport Transfer,bookimed_longevity_korea,1
Allergy Screening Inhalation Allergy And Food Allergy Bk 14433,mymeditravel_regenerative_thailand,1
Allergy Testing Bk 1904,mymeditravel_regenerative_thailand,1
Allergy Testing Pa 1570,mymeditravel_regenerative_thailand,1
Allergy Testing Ph 1370,mymeditravel_regenerative_thailand,1
Allergy Testing Ph 833,mymeditravel_regenerative_thailand,1
Allogenic Bone Marrow Transplant From A Non-related Donor,bookimed_longevity,1
Allogenic Bone Marrow Transplant From A Non-related Donor,bookimed_longevity_turkey,1
Allogenic Bone Marrow Transplant From A Related Donor,bookimed_longevity,1
Allogenic Bone Marrow Transplant From A Related Donor,bookimed_longevity_turkey,1
Allon4 Tu2 1147,mymeditravel_regenerative_turkey,1
Allon6 Tu2 1239,mymeditravel_regenerative_turkey,1
Alternative medicine,biohacking_map,1
Anesthesia Bk 14280,mymeditravel_regenerative_thailand,1
Anesthesia Cm 1550,mymeditravel_regenerative_thailand,1
"Aneurysm Surgery, Multiple Aneurysms (Separate Incisions)",bookimed_longevity,1
"Aneurysm Surgery, Multiple Aneurysms (Separate Incisions)",bookimed_longevity_turkey,1
"Aneurysm Surgery, Single Aneurysm (Clip Excluded) – Ruptured",bookimed_longevity,1
"Aneurysm Surgery, Single Aneurysm (Clip Excluded) – Ruptured",bookimed_longevity_turkey,1
Ankle Arthroscopy Tu3 65,mymeditravel_regenerative_turkey,1
Ankle Arthroscopy Tu5 806,mymeditravel_regenerative_turkey,1
Ankle Fusion Surgery Tu3 69,mymeditravel_regenerative_turkey,1
Anterior Cervical Corpectomy + Fusion + Stabilization (Single Level),bookimed_longevity,1
Anterior Cervical Corpectomy + Fusion + Stabilization (Single Level),bookimed_longevity_turkey,1
"Anterior Cervical Corpectomy, Each Additional Level",bookimed_longevity,1
"Anterior Cervical Corpectomy, Each Additional Level",bookimed_longevity_turkey,1
Anti-Aging,istanbul_stem_cell_aging,1
Anti-Aging,korea_health_pages_medical_tourism_services,1
Anti-Aging,longevity_suite_istanbul_biohacking,1
Anti-Aging,meditrip_seoul,1
Anti-Aging,mymeditravel_antiaging_stemcell_bangkok,1
Anti-Aging,mymeditravel_antiaging_stemcell_thailand,1
Anti-Aging,mymeditravel_antiaging_stemcell_turkey,1
Anti-Aging,mymeditravel_chaum_medical_center,1
Anti-Aging,turkey_healthcare_group_regenerative,1
Anti-Aging,uniclinics_turkey_clinics,1
Antiaging Stem Cell Treatment Bk 14053,mymeditravel_regenerative_thailand,1
Antiaging Stem Cell Treatment Bk 14374,mymeditravel_regenerative_thailand,1
Antiaging Stem Cell Treatment Bk 14650,mymeditravel_regenerative_thailand,1
Antiaging Stem Cell Treatment Cm 1551,mymeditravel_regenerative_thailand,1
Antiaging Stem Cell Treatment Cr 33,mymeditravel_regenerative_thailand,1
Antiaging Stem Cell Treatment Pa 1608,mymeditravel_regenerative_thailand,1
Antiaging Stem Cell Treatment Ph 1547,mymeditravel_regenerative_thailand,1
Antiaging Stem Cell Treatment Ph 854,mymeditravel_regenerative_thailand,1
Antiaging Stem Cell Treatment So8 3555,mymeditravel_regenerative_southkorea,1
Antiaging Stem Cell Treatment Sp 362,mymeditravel_regenerative_thailand,1
Appendectomy Bk 13180,mymeditravel_regenerative_thailand,1
Areola Reduction Bk 14645,mymeditravel_regenerative_thailand,1
Arm Lift Tu1 701,mymeditravel_regenerative_turkey,1
Arm Lift Tu2 1267,mymeditravel_regenerative_turkey,1
Arm Lift with VASER Liposuction — 5★ Hotel & Translation Service Included,bookimed_longevity,1
Arm Lift with VASER Liposuction — 5★ Hotel & Translation Service Included,bookimed_longevity_turkey,1
Arm Liposuction Bk 13207,mymeditravel_regenerative_thailand,1
Arm Liposuction Bk 14640,mymeditravel_regenerative_thailand,1
Arm Liposuction So8 5888,mymeditravel_regenerative_southkorea,1
Arm Liposuction with Tumescent Technique for Defined Silhouette,bookimed_longevity,1
Arm Liposuction with Tumescent Technique for Defined Silhouette,bookimed_longevity_korea,1
Arthroscopic Meniscus Repair of the Knee,bookimed_longevity,1
Arthroscopic Meniscus Repair of the Knee,bookimed_longevity_turkey,1
Atrial Septal Defect Asd Closure So8 1775,mymeditravel_chaum_medical_center,1
Autism Hospitalization Package for 1 month,bookimed_longevity,1
Autism Hospitalization Package for 1 month,bookimed_longevity_turkey,1
"Autism Spectrum Disorder medical treatment (Ages 2–12, 14 Days)",bookimed_longevity,1
Autologous Bone Marrow Transplant,bookimed_longevity,1
Autologous Bone Marrow Transplant,bookimed_longevity_turkey,1
Ayurvedic clinic,biohacking_map,1
Ayurvedic Wellness Protocols,world_longevity_clinics,1
Back Lift with VASER Liposuction for Sculpted Contour — 6 Nights at Hotel,bookimed_longevity,1
Back Lift with VASER Liposuction for Sculpted Contour — 6 Nights at Hotel,bookimed_longevity_turkey,1
Balance And Vestibular Rehabilitation Therapy Bk 14432,mymeditravel_regenerative_thailand,1
Bangkok NIFTY Prenatal Screening Package,bookimed_longevity,1
Bangkok NIFTY Prenatal Screening Package,bookimed_longevity_thailand,1
Bariatric sleeve surgery,bookimed_longevity,1
Bariatric sleeve surgery,bookimed_longevity_thailand,1
Bariatric Surgery Check-up with Dietitian & Psychotherapy — Translation Included,bookimed_longevity,1
Bariatric Surgery Check-up with Dietitian & Psychotherapy — Translation Included,bookimed_longevity_turkey,1
Bartholins Cyst Treatment So8 1822,mymeditravel_chaum_medical_center,1
Basic Double Chin Liposuction,bookimed_longevity,1
Basic Health Check-up Package for Under 30 — Metabolic & Organ Function,bookimed_longevity,1
Basic Health Check-up Package for Under 30 — Metabolic & Organ Function,bookimed_longevity_thailand,1
Beard Transplant So8 6061,mymeditravel_regenerative_southkorea,1
Beautician,biohacking_map,1
Beauty salon,biohacking_map,1
"BEGO Dental Implant with Zirconia Crown — 10,000+ Implants Placed Experience",bookimed_longevity,1
"BEGO Dental Implant with Zirconia Crown — 10,000+ Implants Placed Experience",bookimed_longevity_turkey,1
Biohacking,longevity_suite_istanbul_biohacking,1
Biomarker Panel (100+),world_longevity_clinics,1
Bipolar Affective Disorder Diagnostics,bookimed_longevity,1
Bipolar Affective Disorder Diagnostics,bookimed_longevity_turkey,1
Blepharoplasty for Refreshed & Youthful Eyes — 5★ Hotel & VIP Transfer,bookimed_longevity,1
Blepharoplasty for Refreshed & Youthful Eyes — 5★ Hotel & VIP Transfer,bookimed_longevity_turkey,1
Blood Tests Bk 13424,mymeditravel_regenerative_thailand,1
Blood Tests Pa 1613,mymeditravel_regenerative_thailand,1
Blood Tests Tu2 1252,mymeditravel_regenerative_turkey,1
Bone Fracture Treatment Tu5 805,mymeditravel_regenerative_turkey,1
Bone Marrow Transplantation,bookimed_longevity,1
Bone Marrow Transplantation,bookimed_longevity_turkey,1
Bone Mineral Densitometry Bmd So8 1802,mymeditravel_chaum_medical_center,1
Braces Bk 13159,mymeditravel_regenerative_thailand,1
Brain & Nerve Rehabilitation Package,bookimed_longevity,1
Brain & Nerve Rehabilitation Package,bookimed_longevity_turkey,1
Brain EEG (WAVi),biohacking_map,1
Brain Tumor Removal by Surgeon with 900+ Brain Tumor Procedures — VIP Transfer Included,bookimed_longevity,1
Brain Tumor Removal by Surgeon with 900+ Brain Tumor Procedures — VIP Transfer Included,bookimed_longevity_turkey,1
Brain Tumor Surgery Bk 14372,mymeditravel_regenerative_thailand,1
Brazilian Butt Lift Bk 14659,mymeditravel_regenerative_thailand,1
Brazilian Butt Lift So8 3562,mymeditravel_regenerative_southkorea,1
Brazilian Butt Lift with Pre-Op Tests & Full Post-Op Care — 6 Nights at 3★ Hotel & Transfers Included,bookimed_longevity,1
Brazilian Butt Lift with Pre-Op Tests & Full Post-Op Care — 6 Nights at 3★ Hotel & Transfers Included,bookimed_longevity_turkey,1
Breast Augmentation + Lift with Mentor Implants — 5 Nights at Hotel Included,bookimed_longevity_korea,1
Breast Augmentation + Lift with Motiva® Ergonomix2® Implants — 5★ Hotel & VIP Transfer,bookimed_longevity,1
Breast Augmentation + Lift with Motiva® Ergonomix2® Implants — 5★ Hotel & VIP Transfer,bookimed_longevity_turkey,1
Breast Augmentation Bk 12485,mymeditravel_regenerative_thailand,1
Breast Augmentation Bk 13209,mymeditravel_regenerative_thailand,1
Breast Augmentation Bk 14633,mymeditravel_regenerative_thailand,1
"Breast Augmentation by Surgeon with 3,500+ Procedures Performed — 4★ Hotel & Transfers Included",bookimed_longevity,1
"Breast Augmentation by Surgeon with 3,500+ Procedures Performed — 4★ Hotel & Transfers Included",bookimed_longevity_korea,1
"Breast Augmentation by Surgeon with 3,500+ Procedures Performed — 4★ Hotel & Transfers Included",bookimed_longevity_turkey,1
Breast Augmentation So8 3535,mymeditravel_regenerative_southkorea,1
Breast Augmentation Tu1 702,mymeditravel_regenerative_turkey,1
Breast Augmentation with Mentor Implants — 5 Nights at 5★ Hotel,bookimed_longevity,1
Breast Augmentation with Mentor Implants — 5 Nights at 5★ Hotel,bookimed_longevity_turkey,1
Breast Augmentation with Mentor MemoryGel for Natural-Looking Results,bookimed_longevity_korea,1
Breast Augmentation with Mentor XTRA for Natural Feel & Shape,bookimed_longevity,1
Breast Augmentation with Mentor XTRA for Natural Feel & Shape,bookimed_longevity_korea,1
Breast Augmentation with Motiva Implants + 360° Lipo & Tummy Tuck — 5-Night Hotel Stay Included,bookimed_longevity_korea,1
Breast Augmentation with Motiva Implants by EBOPRAS Fellow — 5★ Hotel,bookimed_longevity,1
Breast Augmentation with Motiva Implants by EBOPRAS Fellow — 5★ Hotel,bookimed_longevity_turkey,1
Breast Augmentation with Motiva Implants — 5★ Hotel & VIP Transfer,bookimed_longevity,1
Breast Augmentation with Motiva Implants — 5★ Hotel & VIP Transfer,bookimed_longevity_turkey,1
Breast Augmentation with Silicone Implants Surgery,bookimed_longevity,1
Breast Augmentation with Silicone Implants Surgery,bookimed_longevity_turkey,1
Breast Cancer Surgery at Hospital with 25+ Years & 160 Countries Experience — VIP Transfer Included,bookimed_longevity,1
Breast Cancer Surgery at Hospital with 25+ Years & 160 Countries Experience — VIP Transfer Included,bookimed_longevity_turkey,1
Breast Enhancement with Motiva Implants for Natural Proportions,bookimed_longevity,1
Breast Enhancement with Motiva Implants for Natural Proportions,bookimed_longevity_korea,1
Breast Imaging Tu1 707,mymeditravel_regenerative_turkey,1
Breast Implant Removal Bk 14658,mymeditravel_regenerative_thailand,1
Breast Implant Revision Bk 14636,mymeditravel_regenerative_thailand,1
Breast Implants Bk 14634,mymeditravel_regenerative_thailand,1
Breast Implants So8 3617,mymeditravel_regenerative_southkorea,1
Breast Implants Tu2 1265,mymeditravel_regenerative_turkey,1
Breast Lift & Augmentation with Motiva Ergonomix Teardrop Implants — 4 Nights at 5★ Hotel,bookimed_longevity,1
Breast Lift & Augmentation with Motiva Ergonomix Teardrop Implants — 4 Nights at 5★ Hotel,bookimed_longevity_turkey,1
Breast Lift Bk 13210,mymeditravel_regenerative_thailand,1
Breast Lift Bk 14657,mymeditravel_regenerative_thailand,1
"Breast Lift by Surgeon with 1,100+ Procedures Performed — 24hr Nurse Care",bookimed_longevity,1
"Breast Lift by Surgeon with 1,100+ Procedures Performed — 24hr Nurse Care",bookimed_longevity_korea,1
Breast Lift So8 3536,mymeditravel_regenerative_southkorea,1
Breast Lift Tu2 1266,mymeditravel_regenerative_turkey,1
Breast Lift with Compression Garments — 6-Night Hotel Stay with Companion Included,bookimed_longevity,1
Breast Lift with Compression Garments — 6-Night Hotel Stay with Companion Included,bookimed_longevity_turkey,1
Breast Lift with Implants by EBOPRAS-Certified Surgeon — 6 Nights at 4★ Hotel,bookimed_longevity,1
Breast Lift with Lollipop Technique — 7 Nights at 4★ Hotel Included,bookimed_longevity,1
Breast Lift with Lollipop Technique — 7 Nights at 4★ Hotel Included,bookimed_longevity_korea,1
Breast Lift with Lollipop Technique — 7 Nights at 4★ Hotel Included,bookimed_longevity_turkey,1
Breast Lift with Nipple Correction — 5-Night Hotel Stay & VIP Transfer Included,bookimed_longevity_korea,1
Breast Liposuction So8 5909,mymeditravel_regenerative_southkorea,1
Breast Reconstruction Bk 12486,mymeditravel_regenerative_thailand,1
Breast Reconstruction So8 3538,mymeditravel_regenerative_southkorea,1
"Breast Reduction & Lift for a Natural, Balanced Silhouette — 5★ Hotel & Transfers",bookimed_longevity,1
"Breast Reduction & Lift for a Natural, Balanced Silhouette — 5★ Hotel & Transfers",bookimed_longevity_turkey,1
Breast Reduction Bk 14644,mymeditravel_regenerative_thailand,1
Breast Reduction by EBOPRAS-Certified Surgeon — 6 Nights at 4★ Hotel & VIP Transfer,bookimed_longevity_turkey,1
Breast Reduction by European Board Certified Surgeon — All Included,bookimed_longevity,1
Breast Reduction by European Board Certified Surgeon — All Included,bookimed_longevity_turkey,1
Breast Reduction So8 3537,mymeditravel_regenerative_southkorea,1
Breast Reduction with Comprehensive Testing — 1 Night Hospital Stay,bookimed_longevity_korea,1
"Breast Reduction with Motiva Ergonomix Implants — 5★ Hotel, Transfers & 1-Year Follow-Up Included",bookimed_longevity,1
"Breast Reduction with Motiva Ergonomix Implants — 5★ Hotel, Transfers & 1-Year Follow-Up Included",bookimed_longevity_turkey,1
Breast Tumor Removal Bk 14161,mymeditravel_regenerative_thailand,1
Breast Uplift Surgery with European Board-Certified Surgeon — All Included,bookimed_longevity,1
Breast Uplift Surgery with European Board-Certified Surgeon — All Included,bookimed_longevity_turkey,1
Brow Lift Bk 14631,mymeditravel_regenerative_thailand,1
Brow Lift by EBOPRAS-Certified Surgeon — 6 Nights & VIP Transfer Included,bookimed_longevity,1
Brow Lift by EBOPRAS-Certified Surgeon — 6 Nights & VIP Transfer Included,bookimed_longevity_turkey,1
Brow Lift So8 3548,mymeditravel_regenerative_southkorea,1
Brow Lift Tu1 703,mymeditravel_regenerative_turkey,1
Buccal Fat Extraction Bk 14661,mymeditravel_regenerative_thailand,1
Business management consultant,biohacking_map,1
Buttock Augmentation So8 3561,mymeditravel_regenerative_southkorea,1
Buttock Implants So8 3563,mymeditravel_regenerative_southkorea,1
Buttock Liposuction Bk 14641,mymeditravel_regenerative_thailand,1
Buttock Liposuction So8 6014,mymeditravel_regenerative_southkorea,1
Calf Liposuction So8 5972,mymeditravel_regenerative_southkorea,1
Cancer Risk Assessment,world_longevity_clinics,1
CAR T-cell Therapy by Mayo Clinic-Trained Hematologist at JCI Center,bookimed_longevity,1
CAR T-cell Therapy by Mayo Clinic-Trained Hematologist at JCI Center,bookimed_longevity_turkey,1
Cardiac Assessment So8 206,mymeditravel_chaum_medical_center,1
Cardiac Ct So8 1778,mymeditravel_chaum_medical_center,1
Cardiologist,biohacking_map,1
Cardiology Consultation So8 94,mymeditravel_chaum_medical_center,1
Cardiovascular Imaging,world_longevity_clinics,1
Carotid Ultrasound,world_longevity_clinics,1
"Cataract Surgery by Ophthalmologist with 10,000+ Eye Surgeries at JCI-Accredited Hospital",bookimed_longevity,1
"Cataract Surgery by Ophthalmologist with 10,000+ Eye Surgeries at JCI-Accredited Hospital",bookimed_longevity_turkey,1
Cataract Surgery Cr 44,mymeditravel_regenerative_thailand,1
"Cataract Surgery with Trifocal IOL by Specialist with 1,100+ Eye Surgeries",bookimed_longevity,1
"Cataract Surgery with Trifocal IOL by Specialist with 1,100+ Eye Surgeries",bookimed_longevity_turkey,1
Cellulite Treatment Ph 835,mymeditravel_regenerative_thailand,1
Cellulite Treatment Tu1 710,mymeditravel_regenerative_turkey,1
Cervical Cancer Treatment Bk 14370,mymeditravel_regenerative_thailand,1
Cervical Cancer Treatment So8 447,mymeditravel_chaum_medical_center,1
Cervical LEEP + Endocervical Curettage (ECC),bookimed_longevity,1
Cervical LEEP + Endocervical Curettage (ECC),bookimed_longevity_turkey,1
Cervical Polyp Removal So8 1825,mymeditravel_chaum_medical_center,1
Cesarean Childbirth at JCI-Accredited Hospital with Airport Transfer Included,bookimed_longevity,1
Cesarean Childbirth at JCI-Accredited Hospital with Airport Transfer Included,bookimed_longevity_turkey,1
Charity,biohacking_map,1
Cheek Augmentation So8 3541,mymeditravel_regenerative_southkorea,1
Cheekbone Reduction So8 3542,mymeditravel_regenerative_southkorea,1
Chemical Peel Bk 13163,mymeditravel_regenerative_thailand,1
Chemical Peel Ph 836,mymeditravel_regenerative_thailand,1
Chemotherapy Bk 13193,mymeditravel_regenerative_thailand,1
Chest Wall Resection + Reconstruction (Without Prosthesis),bookimed_longevity,1
Chest Wall Resection + Reconstruction (Without Prosthesis),bookimed_longevity_turkey,1
Chest Xray So8 1803,mymeditravel_chaum_medical_center,1
Childbirth at JCI-Accredited Hospital — Airport Transfer & 6 Days Care,bookimed_longevity,1
Childbirth at JCI-Accredited Hospital — Airport Transfer & 6 Days Care,bookimed_longevity_turkey,1
Childbirth with Epidural Anesthesia — Transfer & Comprehensive Support,bookimed_longevity,1
Childbirth with Epidural Anesthesia — Transfer & Comprehensive Support,bookimed_longevity_turkey,1
Chin Augmentation Bk 14628,mymeditravel_regenerative_thailand,1
Chin Augmentation So8 3543,mymeditravel_regenerative_southkorea,1
Cholecystectomy Bk 13183,mymeditravel_regenerative_thailand,1
"Circle Premium DNA Test — Health, Fitness & Ancestry Analysis",bookimed_longevity,1
"Circle Premium DNA Test — Health, Fitness & Ancestry Analysis",bookimed_longevity_thailand,1
Circumcision Bk 13429,mymeditravel_regenerative_thailand,1
Cleerly CCTA,biohacking_map,1
Clitoral Hood Reduction Bk 14666,mymeditravel_regenerative_thailand,1
CLP Extract Therapy,world_longevity_clinics,1
Cognitive Enhancement,world_longevity_clinics,1
Cognitive Function Assessment,world_longevity_clinics,1
Colonoscopy So8 168,mymeditravel_chaum_medical_center,1
Colorectal Medicine Consultation So8 1874,mymeditravel_chaum_medical_center,1
Community health center,biohacking_map,1
Complete Men's Health Check-up Ages 41-50 with Testosterone Testing,bookimed_longevity,1
Complete Men's Health Check-up Ages 41-50 with Testosterone Testing,bookimed_longevity_thailand,1
Composite Bonding for a Natural-Looking Smile — 5★ Hotel & VIP Transfer,bookimed_longevity_korea,1
Comprehensive Brain Check-up with 24 Tests & Neuropsychological Evaluation,bookimed_longevity,1
Comprehensive Brain Check-up with 24 Tests & Neuropsychological Evaluation,bookimed_longevity_turkey,1
Comprehensive diagnosis of epilepsy,bookimed_longevity,1
Comprehensive diagnosis of epilepsy,bookimed_longevity_turkey,1
Comprehensive Health Check-Up Program (Men & Women),bookimed_longevity,1
Comprehensive Mental Health Program with Video-EEG & Neuropsychologist — Transfer Included,bookimed_longevity,1
Comprehensive Mental Health Program with Video-EEG & Neuropsychologist — Transfer Included,bookimed_longevity_turkey,1
Cone Beam Computed Tomography Cbct So8 1804,mymeditravel_chaum_medical_center,1
Consultant,biohacking_map,1
Consultation with a psychologist | 20 years+ of Experience,bookimed_longevity,1
"Contracture Release, Large Joint",bookimed_longevity,1
"Contracture Release, Large Joint",bookimed_longevity_turkey,1
Coolsculpting Bk 13422,mymeditravel_regenerative_thailand,1
Coolsculpting Pa 1558,mymeditravel_regenerative_thailand,1
Coolsculpting Ph 857,mymeditravel_regenerative_thailand,1
Corneal Transplant by Dr. Mones with 900+ Transplants at JCI-Accredited Hospital,bookimed_longevity,1
Corneal Transplant with DSEK & DMEK Techniques — Transfer & Interpreter Included,bookimed_longevity,1
Corneal Transplant with DSEK & DMEK Techniques — Transfer & Interpreter Included,bookimed_longevity_turkey,1
Coronary Angiogram So8 1784,mymeditravel_chaum_medical_center,1
Coronary Angioplasty So8 549,mymeditravel_chaum_medical_center,1
Coronary Artery Bypass Graft Cabg Surgery Bk 13185,mymeditravel_regenerative_thailand,1
Coronary Artery Bypass Graft Cabg Surgery So8 692,mymeditravel_chaum_medical_center,1
Coronary Calcium Score,world_longevity_clinics,1
"Coronary Stenting by Surgeon with 1,000+ Cardiac Procedures Annually",bookimed_longevity,1
Coronavirus Treatment So8 3608,mymeditravel_regenerative_southkorea,1
Cosmetic Dentistry Consultation Bk 14282,mymeditravel_regenerative_thailand,1
Covid19 Vaccination Bk 14436,mymeditravel_regenerative_thailand,1
Craniosacral therapy,biohacking_map,1
Cryoablation For Atrial Fibrillation So8 1786,mymeditravel_chaum_medical_center,1
CT Coronary Calcium Score,world_longevity_clinics,1
Ct Scan Computed Tomography So8 223,mymeditravel_chaum_medical_center,1
Cystocele Repair So8 1826,mymeditravel_chaum_medical_center,1
Deep Brain Stimulation for Parkinson's Disease with Neuronavigation & Neuromonitoring — All-Inclusive Package,bookimed_longevity,1
Deep Brain Stimulation for Parkinson's Disease with Neuronavigation & Neuromonitoring — All-Inclusive Package,bookimed_longevity_turkey,1
Deep Brain Stimulation Surgery by Surgeon with 900+ Neurosurgeries — 5★ Hotel,bookimed_longevity,1
Deep Brain Stimulation Surgery by Surgeon with 900+ Neurosurgeries — 5★ Hotel,bookimed_longevity_turkey,1
Deep Plane Facelift & Neck Lift — 5 Nights at Hotel & VIP Transfer Included,bookimed_longevity_korea,1
Defect Repair with Pedicled Fasciocutaneous Flap — Complex Reconstructive Surgery,bookimed_longevity,1
Defect Repair with Pedicled Fasciocutaneous Flap — Complex Reconstructive Surgery,bookimed_longevity_turkey,1
Dental Bonding Tu2 1242,mymeditravel_regenerative_turkey,1
Dental Checkup Cr 34,mymeditravel_regenerative_thailand,1
Dental Crown Bk 13156,mymeditravel_regenerative_thailand,1
Dental Crown Tu2 1243,mymeditravel_regenerative_turkey,1
Dental Implant Bars Tu2 1244,mymeditravel_regenerative_turkey,1
Dental Implant Bk 13157,mymeditravel_regenerative_thailand,1
Dental Implant with Megagen System — 4★ Hotel & Airport Transfer,bookimed_longevity,1
Dental Xrays Bk 13158,mymeditravel_regenerative_thailand,1
Denture Cr 37,mymeditravel_regenerative_thailand,1
Dermatology,medical_travel_market_longevity_programs,1
Dermatology,meditrip_seoul,1
Dermatology,turkey_healthcare_group_regenerative,1
Dermatology Consultation Cr 32,mymeditravel_regenerative_thailand,1
Dermatoscopy,world_longevity_clinics,1
Detox,istanbul_med_assist_stem_cell_longevity,1
Detox,longevity_suite_istanbul_biohacking,1
Detox,placidway_antiaging_south_korea,1
DHI Hair Transplant with Lifetime Warranty — 4★ Hotel & VIP Transfer,bookimed_longevity_turkey,1
DIABETES,bookimed_longevity,1
Diabetes Consultation Tu4 3160,mymeditravel_regenerative_turkey,1
"Diabetic Foot Ulcer Treatment — Full Blood Analysis, Consultations & Hotel Stay",bookimed_longevity,1
Diagnostic Bronchoscopy (Flexible or Rigid) with/without Lavage,bookimed_longevity,1
Diagnostic Bronchoscopy (Flexible or Rigid) with/without Lavage,bookimed_longevity_turkey,1
Diagnostic Evaluation of Autism,bookimed_longevity,1
Diagnostic Evaluation of Autism,bookimed_longevity_turkey,1
Diagnostic Hysteroscopy,bookimed_longevity,1
Diagnostic Hysteroscopy,bookimed_longevity_turkey,1
Diagnostic Xrays Cr 46,mymeditravel_regenerative_thailand,1
Diagnostic Xrays So8 1805,mymeditravel_chaum_medical_center,1
Diamond Comprehensive Check-Up for Men & Women,bookimed_longevity,1
Diamond Comprehensive Check-Up for Men & Women,bookimed_longevity_thailand,1
Diamond STD Screening Package,bookimed_longevity,1
Diamond STD Screening Package,bookimed_longevity_thailand,1
Diet/Lifestyle Protocol,biohacking_map,1
Dilation And Curettage So8 1827,mymeditravel_chaum_medical_center,1
Dimple Creation Surgery Bk 14662,mymeditravel_regenerative_thailand,1
Dimple Creation Surgery — 2 Nights at 4★ Hotel & Transfer Included,bookimed_longevity,1
Discectomy by Founding Board Member of Deep Brain Stimulation Association — VIP Transfer Included,bookimed_longevity,1
Discectomy by Founding Board Member of Deep Brain Stimulation Association — VIP Transfer Included,bookimed_longevity_turkey,1
Distal Hypospadias Repair,bookimed_longevity,1
Distal Hypospadias Repair,bookimed_longevity_turkey,1
DNA Methylation Panels,biohacking_map,1
DNA Testing,world_longevity_clinics,1
Double Eyelid Creation Bk 13427,mymeditravel_regenerative_thailand,1
Double Eyelid Creation Bk 14588,mymeditravel_regenerative_thailand,1
Double Eyelid Creation Bk 14622,mymeditravel_regenerative_thailand,1
Double Eyelid Creation So8 3547,mymeditravel_regenerative_southkorea,1
Double J Ureteral Stent Placement — Urinary Drainage & Obstruction Relief,bookimed_longevity,1
Drug Addiction Treatment with 900+ Cases — Neuropsychological Testing & TMS,bookimed_longevity,1
Drug Addiction Treatment with 900+ Cases — Neuropsychological Testing & TMS,bookimed_longevity_turkey,1
Drug Addiction treatment with Hospitalization,bookimed_longevity,1
Drug Addiction treatment with Hospitalization,bookimed_longevity_turkey,1
Ear Nose And Throat Consultation Cr 42,mymeditravel_regenerative_thailand,1
Ear Surgery Tu1 708,mymeditravel_regenerative_turkey,1
Eating disorder treatment center,biohacking_map,1
Echocardiogram,world_longevity_clinics,1
Echocardiogram So8 1788,mymeditravel_chaum_medical_center,1
EECP for Coronary Artery Disease (CAD) Package Details,bookimed_longevity,1
EECP for Coronary Artery Disease (CAD) Package Details,bookimed_longevity_thailand,1
Egg Freezing Bk 13161,mymeditravel_regenerative_thailand,1
Electrocardiogram Ecg Or Ekg So8 131,mymeditravel_chaum_medical_center,1
Electroencephalography Eeg So8 1806,mymeditravel_chaum_medical_center,1
Electromyogram Emg So8 207,mymeditravel_chaum_medical_center,1
Electrophysiology Study Eps So8 1789,mymeditravel_chaum_medical_center,1
Endometrial Biopsy So8 1828,mymeditravel_chaum_medical_center,1
Endometriosis Treatment So8 1829,mymeditravel_chaum_medical_center,1
Endoscopic Anterior Cervical Discectomy,bookimed_longevity,1
Endoscopic Anterior Cervical Discectomy,bookimed_longevity_turkey,1
Endoscopic Brow Lift by European Board-Certified Surgeon — 5 Nights Hotel,bookimed_longevity_korea,1
Endoscopic Discectomy with Neuronavigation by DBS Association Founder — VIP Transfer,bookimed_longevity,1
Endoscopic Discectomy with Neuronavigation by DBS Association Founder — VIP Transfer,bookimed_longevity_turkey,1
Endoscopic Retrograde Cholangiopancreatography Ercp Bk 13175,mymeditravel_regenerative_thailand,1
Endoscopic Retrograde Cholangiopancreatography Ercp Bk 14162,mymeditravel_regenerative_thailand,1
Endoscopy Bk 13162,mymeditravel_regenerative_thailand,1
Endoscopy So8 1817,mymeditravel_chaum_medical_center,1
Endovenous Radiofrequency Ablation with Complex Mapping at JCI-Accredited Hospital — Transfer Included,bookimed_longevity,1
Endovenous Radiofrequency Ablation with Complex Mapping at JCI-Accredited Hospital — Transfer Included,bookimed_longevity_turkey,1
"Epigenetic Clocks (DunedinPACE, GrimAge)",world_longevity_clinics,1
Epigenetic Profiling,biohacking_map,1
Epigenetic Tracking,biohacking_map,1
Epilepsy Consultation Bk 14160,mymeditravel_regenerative_thailand,1
Erectile Dysfunction Diagnosis Bk 13763,mymeditravel_regenerative_thailand,1
Erectile Dysfunction Treatment Bk 13764,mymeditravel_regenerative_thailand,1
Exercise Physiology,world_longevity_clinics,1
"Exosome Energy Boost for Diabetes by Regenerative Specialist with 1,100+ Procedures",bookimed_longevity,1
Exosome Treatment,biohacking_map,1
Expert Eyelid Surgery | IPRAS Member & 40+ Years of Excellence,bookimed_longevity,1
Express NIPT in Bangkok with Fast Results,bookimed_longevity,1
Express NIPT in Bangkok with Fast Results,bookimed_longevity_thailand,1
Extensive Biomarker Testing,biohacking_map,1
Eye Bag Removal Bk 14624,mymeditravel_regenerative_thailand,1
Eye Bag Removal So8 5409,mymeditravel_regenerative_southkorea,1
Eye Care Stem Cell Treatment Package,bookimed_longevity,1
Eye Care Stem Cell Treatment Package,bookimed_longevity_turkey,1
Eyebrow Hair Transplant Pa 186,mymeditravel_regenerative_thailand,1
Eyebrow Hair Transplant So8 6060,mymeditravel_regenerative_southkorea,1
Eyelid Surgery Bk 12488,mymeditravel_regenerative_thailand,1
Eyelid Surgery Bk 14587,mymeditravel_regenerative_thailand,1
Eyelid Surgery Bk 14623,mymeditravel_regenerative_thailand,1
Eyelid Surgery So8 3674,mymeditravel_regenerative_southkorea,1
Eyelid Surgery Tu2 1255,mymeditravel_regenerative_turkey,1
Face & Neck Lift for Complete Facial Rejuvenation — All-Inclusive Package,bookimed_longevity,1
Face & Neck Lift for Complete Facial Rejuvenation — All-Inclusive Package,bookimed_longevity_turkey,1
Face Slimming Ph 849,mymeditravel_regenerative_thailand,1
Face Slimming So8 3560,mymeditravel_regenerative_southkorea,1
Face Surgery Tu2 1254,mymeditravel_regenerative_turkey,1
Facelift Bk 14629,mymeditravel_regenerative_thailand,1
Facelift by Surgeon with 900+ Facelifts Performed — 5★ Hotel & VIP Transfer,bookimed_longevity,1
Facelift by Surgeon with 900+ Facelifts Performed — 5★ Hotel & VIP Transfer,bookimed_longevity_turkey,1
Facelift Sp 360,mymeditravel_regenerative_thailand,1
Facelift Tu1 704,mymeditravel_regenerative_turkey,1
Facial Bk 14375,mymeditravel_regenerative_thailand,1
Facial Contouring Ph 856,mymeditravel_regenerative_thailand,1
Facial Contouring So8 3540,mymeditravel_regenerative_southkorea,1
Facial Fat Transfer by EBOPRAS-Certified Surgeon — Consultation & Follow-Up Included,bookimed_longevity,1
Facial Fat Transfer by EBOPRAS-Certified Surgeon — Consultation & Follow-Up Included,bookimed_longevity_turkey,1
Facial Mask Ph 1559,mymeditravel_regenerative_thailand,1
Facial Ph 1558,mymeditravel_regenerative_thailand,1
Facial Ph 837,mymeditravel_regenerative_thailand,1
Fat Transfer Bk 14635,mymeditravel_regenerative_thailand,1
Fat Transfer So8 3557,mymeditravel_regenerative_southkorea,1
Female Check-up Over 40 with Mammography & Gynecology Consultation,bookimed_longevity,1
Female Check-up Over 40 with Mammography & Gynecology Consultation,bookimed_longevity_turkey,1
Female Check-up with Mammography & Hormonal Profile — Apartment Included,bookimed_longevity,1
Female Check-up with Mammography & Hormonal Profile — Apartment Included,bookimed_longevity_turkey,1
Female Fertility Testing So8 1854,mymeditravel_chaum_medical_center,1
Female Health Check-up Over 40 with Mammography & Tumor Markers,bookimed_longevity,1
Female Health Check-up Over 40 with Mammography & Tumor Markers,bookimed_longevity_turkey,1
Female Health Check-up Under 40 — Transfer & Translation Included,bookimed_longevity,1
Female Health Check-up Under 40 — Transfer & Translation Included,bookimed_longevity_turkey,1
Female Health Check-up with Mammography & Gynecologist Consultation in Turkey,bookimed_longevity,1
Female Health Check-up with Mammography & Gynecologist Consultation in Turkey,bookimed_longevity_turkey,1
Female Health Checkup Bk 13151,mymeditravel_regenerative_thailand,1
Female Health Checkup Cr 47,mymeditravel_regenerative_thailand,1
Female Health Checkup Ph 1371,mymeditravel_regenerative_thailand,1
Female Health Checkup Ph 1548,mymeditravel_regenerative_thailand,1
Female Health Checkup Ph 831,mymeditravel_regenerative_thailand,1
Female Health Checkup Tu2 1249,mymeditravel_regenerative_turkey,1
Female Sterilization So8 1830,mymeditravel_chaum_medical_center,1
Femtosecond LASIK by Dr. Mones with 900+ Laser Eye Surgeries — JCI Hospital Ranked Among World's Best by Newsweek,bookimed_longevity,1
Fertility Assessment So8 1855,mymeditravel_chaum_medical_center,1
Fetal Echocardiography So8 1831,mymeditravel_chaum_medical_center,1
Fibromyalgia Treatment So8 1860,mymeditravel_chaum_medical_center,1
Fibroscan Bk 13179,mymeditravel_regenerative_thailand,1
Fibroscan So8 1807,mymeditravel_chaum_medical_center,1
Follistatin Gene Therapy,world_longevity_clinics,1
Food Intolerance Test — IgG Panel for 108 Allergens in Thailand,bookimed_longevity,1
Food Intolerance Test — IgG Panel for 108 Allergens in Thailand,bookimed_longevity_thailand,1
Foot Surgery Tu5 804,mymeditravel_regenerative_turkey,1
Forehead Lift — 6 Nights at 4★ Hotel with VIP Transfer Included,bookimed_longevity,1
Forehead Lift — 6 Nights at 4★ Hotel with VIP Transfer Included,bookimed_longevity_turkey,1
Foundation,biohacking_map,1
Four Dimensional 4D Ultrasound So8 1832,mymeditravel_chaum_medical_center,1
Fractional Co2 Laser Bk 13187,mymeditravel_regenerative_thailand,1
FUE Hair Transplant with Lifetime Warranty & VIP Transfer — 4★ Hotel,bookimed_longevity,1
FUE Hair Transplant with Lifetime Warranty & VIP Transfer — 4★ Hotel,bookimed_longevity_turkey,1
"FUE Non-Shaven (Long Hair) 1,200-1,500 grafts + Stem cell for Alopecia (Hair loss) 1 session",bookimed_longevity_thailand,1
"FUE Non-Shaven (Short Hair) 1,200-1,500 grafts + Stem cell for Alopecia (Hair loss) 1 session",bookimed_longevity_thailand,1
"FUE Non-Shaven (Short Hair) 1,200-1,500 grafts + Stem cell for Alopecia (Hair loss) 2 sessions",bookimed_longevity_thailand,1
"FUE Shaven 1,500-1,999 grafts + Stem cell for Alopecia (Hair loss) 2 sessions",bookimed_longevity_thailand,1
"FUE Shaven 2,000-3,000 grafts + Stem cell for Alopecia (Hair loss) 2 sessions",bookimed_longevity_thailand,1
FULL ACNE SCAR TREATMENT (FULL FACE FRACTIONAL LÁSER + ERBIUM+ RADIESSE),bookimed_longevity,1
Full Body Diagnostics,world_longevity_clinics,1
Full Body Lift with Tummy Tuck — 5★ Hotel & VIP Transfer Included,bookimed_longevity,1
Full Body Lift with Tummy Tuck — 5★ Hotel & VIP Transfer Included,bookimed_longevity_turkey,1
Full Body Petmri Scan Pa 1614,mymeditravel_regenerative_thailand,1
Gallbladder Remover Surgery,bookimed_longevity,1
Gallbladder Remover Surgery,bookimed_longevity_turkey,1
Galleri Multi-Cancer Detection,world_longevity_clinics,1
Gamma Knife Radiosurgery by Experienced Specialist — Full Diagnostic Package,bookimed_longevity,1
Gastric Balloon Treatment Tu2 1145,mymeditravel_regenerative_turkey,1
Gastric Band Surgery Bk 13181,mymeditravel_regenerative_thailand,1
"Gastric Bypass by Surgeon with 1,100+ Bariatric Surgeries — 5★ Hotel Included",bookimed_longevity,1
"Gastric Bypass by Surgeon with 1,100+ Bariatric Surgeries — 5★ Hotel Included",bookimed_longevity_turkey,1
Gastric Bypass Surgery Tu2 1146,mymeditravel_regenerative_turkey,1
Gastric Sleeve Bk 13192,mymeditravel_regenerative_thailand,1
Gastric Sleeve Surgery at JCI-Accredited Hospital — All-Inclusive Package,bookimed_longevity,1
Gastric Sleeve Surgery at JCI-Accredited Hospital — All-Inclusive Package,bookimed_longevity_turkey,1
Gastric Sleeve Surgery by Assistant Professor — 5-Doctor Team & Transfer Included,bookimed_longevity,1
Gastric Sleeve Surgery by Assistant Professor — 5-Doctor Team & Transfer Included,bookimed_longevity_turkey,1
Gastric Sleeve Surgery by Surgeon with 900+ Bariatric Procedures — All-Inclusive Package,bookimed_longevity,1
Gastric Sleeve Surgery by Surgeon with 900+ Bariatric Procedures — All-Inclusive Package,bookimed_longevity_turkey,1
Gastric Sleeve Surgery with Reduced-Pain Technique — JCI-Accredited Hospital,bookimed_longevity,1
Gastric Sleeve Tu2 1261,mymeditravel_regenerative_turkey,1
Gastroenterologist,biohacking_map,1
Gastroenterology Consultation So8 95,mymeditravel_chaum_medical_center,1
Gastroenterology Control Check-up with Colonoscopy & Polyp Removal in Turkey,bookimed_longevity,1
Gastroenterology Control Check-up with Colonoscopy & Polyp Removal in Turkey,bookimed_longevity_turkey,1
"Gastroscopy & Colonoscopy Package with Lab Work, Anesthesia, Consultation — 4★ Hotel",bookimed_longevity,1
"Gastroscopy & Colonoscopy Package with Lab Work, Anesthesia, Consultation — 4★ Hotel",bookimed_longevity_turkey,1
Gastroscopy Bk 13153,mymeditravel_regenerative_thailand,1
Gene Testing,world_longevity_clinics,1
General Medicine Consultation Bk 14284,mymeditravel_regenerative_thailand,1
Genetic Analysis,world_longevity_clinics,1
Genetic Profiling,world_longevity_clinics,1
"Genetic Profiling (22,000 Genes)",world_longevity_clinics,1
Genetic Risk Profiling,world_longevity_clinics,1
Genomic Analysis,world_longevity_clinics,1
Genomic Medicine,biohacking_map,1
Genomic Profiling,world_longevity_clinics,1
Glial Tumor Excision with Neuronavigation & Neuromonitoring at JCI-Accredited Hospital,bookimed_longevity,1
Glial Tumor Excision with Neuronavigation & Neuromonitoring at JCI-Accredited Hospital,bookimed_longevity_turkey,1
Gut Microbiome Analysis,world_longevity_clinics,1
Gynecologic Laparoscopy So8 434,mymeditravel_chaum_medical_center,1
Gynecology Checkup Cr 43,mymeditravel_regenerative_thailand,1
Gynecology Checkup So8 1833,mymeditravel_chaum_medical_center,1
Gynecology Consultation So8 96,mymeditravel_chaum_medical_center,1
Gynecomastia Surgery by EBOPRAS-Certified Surgeon — 5 Nights Hotel & VIP Transfer,bookimed_longevity,1
Gynecomastia Surgery by EBOPRAS-Certified Surgeon — 5 Nights Hotel & VIP Transfer,bookimed_longevity_turkey,1
"Gynecomastia Surgery for a Defined, Contoured Chest — 5★ Hotel & Transfers",bookimed_longevity,1
"Gynecomastia Surgery for a Defined, Contoured Chest — 5★ Hotel & Transfers",bookimed_longevity_turkey,1
"Gynecomastia Surgery for a Firm, Masculine Contour — Full Board & Hotel Included",bookimed_longevity,1
"Gynecomastia Surgery for a Firm, Masculine Contour — Full Board & Hotel Included",bookimed_longevity_turkey,1
Gynecomastia Surgery for a Flat & Masculine Chest — 5★ Hotel Included,bookimed_longevity,1
Gynecomastia Surgery for a Flat & Masculine Chest — 5★ Hotel Included,bookimed_longevity_turkey,1
Hair And Scalp Treatment So8 6066,mymeditravel_regenerative_southkorea,1
Hair Loss Consultation Pa 1609,mymeditravel_regenerative_thailand,1
Hair Loss Consultation Ph 409,mymeditravel_regenerative_thailand,1
Hair Loss Consultation Tu1 715,mymeditravel_regenerative_turkey,1
Hair Loss Treatment Pa 1571,mymeditravel_regenerative_thailand,1
Hair replacement service,biohacking_map,1
Hair Transplant Bk 13426,mymeditravel_regenerative_thailand,1
Hair Transplant Bk 14648,mymeditravel_regenerative_thailand,1
Hair Transplant So8 6063,mymeditravel_regenerative_southkorea,1
Hair Transplant Tu1 714,mymeditravel_regenerative_turkey,1
Hair Transplant Tu2 1250,mymeditravel_regenerative_turkey,1
Hair Transplant with FUE/DHI — 7 Days at 5★ Beach Resort Included,bookimed_longevity,1
Hair Transplant with FUE/DHI — 7 Days at 5★ Beach Resort Included,bookimed_longevity_thailand,1
Hair Transplant with Unlimited Grafts by Dermatologist with 20+ Years of Experience,bookimed_longevity,1
Hair Transplant with Unlimited Grafts by Dermatologist with 20+ Years of Experience,bookimed_longevity_turkey,1
Hairline Lowering Surgery So8 3546,mymeditravel_regenerative_southkorea,1
Hand Reconstruction Surgery Package in Spain,bookimed_longevity,1
Health Analytics Dashboard,world_longevity_clinics,1
Health Coaching,world_longevity_clinics,1
Heart Arrhythmia Catheter Ablation So8 1792,mymeditravel_chaum_medical_center,1
"Heart Check-up Package in Turkey — Hotel, Transfer & Translation Included",bookimed_longevity,1
"Heart Check-up Package in Turkey — Hotel, Transfer & Translation Included",bookimed_longevity_turkey,1
Heart Valve Replacement Bk 13188,mymeditravel_regenerative_thailand,1
Heart Valve Replacement by Cardiac Surgeon with 35+ Years' Experience & Patented Repair Techniques — Private Room Included,bookimed_longevity,1
Herbal medicine store,biohacking_map,1
Hernia Repair Bk 13184,mymeditravel_regenerative_thailand,1
HHO Blood Purification,world_longevity_clinics,1
HIFU LIFT AND LASER RESURFACING FACE AND NECK,bookimed_longevity,1
Hifu Treatment Bk 14590,mymeditravel_regenerative_thailand,1
Hifu Treatment Bk 14655,mymeditravel_regenerative_thailand,1
Highintensity Focused Ultrasound Hifu So8 3565,mymeditravel_regenerative_southkorea,1
Hip Arthroplasty Bk 13171,mymeditravel_regenerative_thailand,1
Hip Arthroplasty Tu5 801,mymeditravel_regenerative_turkey,1
Hip Replacement with Johnson & Johnson Implant at JCI-Accredited Hospital,bookimed_longevity,1
Hip Replacement with Johnson & Johnson Implant at JCI-Accredited Hospital,bookimed_longevity_turkey,1
HIPEC Oncothermia Hyperthermia Therapy by German-Trained Oncologist,bookimed_longevity,1
Hollywood Smile with Premium Ceramic Veneers — Apartments & Transfer,bookimed_longevity,1
Hormone Tests So8 1857,mymeditravel_chaum_medical_center,1
Human Growth Hormone Hgh Treatment Ph 1527,mymeditravel_regenerative_thailand,1
Human Papillomavirus Hpv Test So8 1836,mymeditravel_chaum_medical_center,1
Human Papillomavirus Hpv Vaccine So8 1837,mymeditravel_chaum_medical_center,1
Hybrid FUE Sapphire & DHI Hair Transplant — Lifetime Warranty & 5★ Hotel,bookimed_longevity_korea,1
HYDRAFACIAL,bookimed_longevity,1
Hydration Therapy,biohacking_map,1
"Hydrocelectomy, Unilateral",bookimed_longevity,1
"Hydrocelectomy, Unilateral",bookimed_longevity_turkey,1
Hymenoplasty So8 1838,mymeditravel_chaum_medical_center,1
Hymenotomy So8 1839,mymeditravel_chaum_medical_center,1
Hyperbaric Medicine Pa 1573,mymeditravel_regenerative_thailand,1
Hysterectomy So8 1840,mymeditravel_chaum_medical_center,1
Hysteroscopy So8 1841,mymeditravel_chaum_medical_center,1
iLASIK Eye Surgery with Femto Technology by Surgeon with 900+ Vision Correction Procedures,bookimed_longevity,1
iLASIK Eye Surgery with Femto Technology by Surgeon with 900+ Vision Correction Procedures,bookimed_longevity_turkey,1
Immunologist,biohacking_map,1
Immunology Consultation Ph 843,mymeditravel_regenerative_thailand,1
Immunotherapy,world_longevity_clinics,1
Immunotherapy Bk 14438,mymeditravel_regenerative_thailand,1
Implantable Cardioverter Defibrillator Icd Implantation So8 1794,mymeditravel_chaum_medical_center,1
In Vitro Fertilization Ivf Bk 13191,mymeditravel_regenerative_thailand,1
Integrated Regenerative Program for Alzheimer’s Disease,bookimed_longevity,1
Integrated Regenerative Program for Alzheimer’s Disease,bookimed_longevity_thailand,1
Intrauterine Device Iud Placement So8 1843,mymeditravel_chaum_medical_center,1
Intrauterine Device Iud Removal So8 1844,mymeditravel_chaum_medical_center,1
Intravenous Drip Iv Drip Bk 13761,mymeditravel_regenerative_thailand,1
Intravenous Drip Iv Drip Bk 14585,mymeditravel_regenerative_thailand,1
Intravenous Drip Iv Drip Bk 14654,mymeditravel_regenerative_thailand,1
Intravenous Drip Iv Drip Bk 15121,mymeditravel_regenerative_thailand,1
Intravenous Drip Iv Drip Cm 1553,mymeditravel_regenerative_thailand,1
Intravenous Drip Iv Drip Sp 1393,mymeditravel_regenerative_thailand,1
Invisalign Clear Aligners by University Lecturer — 5★ Resort & VIP Transfer,bookimed_longevity,1
Ipl Hair Removal Bk 13178,mymeditravel_regenerative_thailand,1
Irritable Bowel Syndrome Ibs Treatment So8 1819,mymeditravel_chaum_medical_center,1
Ivf Consultation So8 1858,mymeditravel_chaum_medical_center,1
IVF with Egg Donation — Full Programme (Fresh Donor Eggs),bookimed_longevity,1
IVF with Egg Donation — Vitrified Donor Eggs,bookimed_longevity,1
IVF with ICSI at JCI-Accredited Fertility Center — 45-Day Program with PGT,bookimed_longevity,1
IVF with ICSI at JCI-Accredited Fertility Center — 45-Day Program with PGT,bookimed_longevity_turkey,1
Jaw Shaping So8 3545,mymeditravel_regenerative_southkorea,1
Kidney Transplant by ERA-EDTA Surgeon with 900+ Procedures — 15 Nights Stay at JCI-Accredited Hospital,bookimed_longevity,1
Kidney Transplant by ERA-EDTA Surgeon with 900+ Procedures — 15 Nights Stay at JCI-Accredited Hospital,bookimed_longevity_turkey,1
"Kidney Transplant by Surgeon with 5,000+ Successful Transplantation Cases — Private Room Included",bookimed_longevity,1
"Kidney Transplant by Surgeon with 5,000+ Successful Transplantation Cases — Private Room Included",bookimed_longevity_turkey,1
"Kids Check-Up Package — Blood Tests, Chest X-ray & Thyroid Ultrasound — Hotel & Transfer",bookimed_longevity,1
"Kids Check-Up Package — Blood Tests, Chest X-ray & Thyroid Ultrasound — Hotel & Transfer",bookimed_longevity_turkey,1
Knee Arthroplasty Tu3 58,mymeditravel_regenerative_turkey,1
Knee Arthroplasty Tu5 800,mymeditravel_regenerative_turkey,1
Knee Arthroscopy Tu5 803,mymeditravel_regenerative_turkey,1
Knee Cartilage Surgery Tu5 814,mymeditravel_regenerative_turkey,1
Knee Joint Replacement Surgery,bookimed_longevity,1
Knee Ligament Surgery Acl Tu3 63,mymeditravel_regenerative_turkey,1
Knee Ligament Surgery Acl Tu5 807,mymeditravel_regenerative_turkey,1
Knee Ligament Surgery Pcl Tu3 78,mymeditravel_regenerative_turkey,1
Knee Replacement Bk 13170,mymeditravel_regenerative_thailand,1
Knee Replacement with Zimmer Biomet Implant — Transfer Included,bookimed_longevity,1
Knee Replacement with Zimmer Biomet Implant — Transfer Included,bookimed_longevity_turkey,1
Labiaplasty Bk 14665,mymeditravel_regenerative_thailand,1
Labiaplasty by EBOPRAS-Certified Surgeon — 3 Hotel Nights & VIP Transfer,bookimed_longevity,1
Labiaplasty by EBOPRAS-Certified Surgeon — 3 Hotel Nights & VIP Transfer,bookimed_longevity_turkey,1
Labiaplasty by ESAG-Certified Surgeon — 5★ Hotel & 24-Hour Nurse Care,bookimed_longevity,1
Labiaplasty by ESAG-Certified Surgeon — 5★ Hotel & 24-Hour Nurse Care,bookimed_longevity_turkey,1
Laparoscopic Cholecystectomy,bookimed_longevity,1
Laparoscopic Cholecystectomy,bookimed_longevity_turkey,1
"Laparoscopic Cyst / Tumor Removal, Unilateral",bookimed_longevity,1
"Laparoscopic Cyst / Tumor Removal, Unilateral",bookimed_longevity_turkey,1
"Laparoscopic Gastric Band by Surgeon with 12,000+ Laparoscopic Procedures — 10-Day Follow-Up Included",bookimed_longevity,1
"Laparoscopic Gastric Bypass by Surgeon with 12,000+ Procedures — Private Room Included",bookimed_longevity,1
Laparoscopic Hysterectomy at JCI-Accredited Hospital — 7 Days Recovery Stay,bookimed_longevity,1
Laparoscopic Hysterectomy at JCI-Accredited Hospital — 7 Days Recovery Stay,bookimed_longevity_turkey,1
Laparoscopic Hysterectomy by Member of European Gynecological Endoscopy Society,bookimed_longevity,1
Laparoscopic Hysterectomy by Member of European Gynecological Endoscopy Society,bookimed_longevity_turkey,1
Laparoscopic Jejunostomy / Ileostomy Creation or Closure,bookimed_longevity,1
Laparoscopic Jejunostomy / Ileostomy Creation or Closure,bookimed_longevity_turkey,1
Laparoscopic Multiple Myomectomy at JCI-Accredited Hospital — VIP Transfer,bookimed_longevity,1
Laparoscopic Multiple Myomectomy at JCI-Accredited Hospital — VIP Transfer,bookimed_longevity_turkey,1
Laparoscopic Myomectomy for Minimally Invasive Recovery — Transfer Included,bookimed_longevity,1
Laparoscopic Myomectomy for Minimally Invasive Recovery — Transfer Included,bookimed_longevity_turkey,1
Large Bone Osteotomy by Surgeon with 19+ Years' Experience — Transfer Included,bookimed_longevity,1
Large Bone Osteotomy by Surgeon with 19+ Years' Experience — Transfer Included,bookimed_longevity_turkey,1
Laser Eye Surgery Lasik Bk 13149,mymeditravel_regenerative_thailand,1
Laser Hair Removal Bk 14591,mymeditravel_regenerative_thailand,1
Laser Hair Removal Cm 1552,mymeditravel_regenerative_thailand,1
Laser Hair Removal Pa 1561,mymeditravel_regenerative_thailand,1
Laser Skin Resurfacing Pa 1565,mymeditravel_regenerative_thailand,1
Laser Treatment For Gum Disease Cm 1549,mymeditravel_regenerative_thailand,1
Life coach,biohacking_map,1
Lifestyle Coaching,biohacking_map,1
Lip Augmentation Pa 1580,mymeditravel_regenerative_thailand,1
Lip Augmentation So8 3564,mymeditravel_regenerative_southkorea,1
Lip Augmentation Tu1 712,mymeditravel_regenerative_turkey,1
Lip Lift for Enhanced Upper Lip Definition — 6-Night Hotel Stay & Transfer Included,bookimed_longevity,1
Lip Reduction Bk 14627,mymeditravel_regenerative_thailand,1
Lipedema Surgery with Vaser Technology,bookimed_longevity,1
Lipedema Surgery with Vaser Technology,bookimed_longevity_turkey,1
Liposuction Bk 12487,mymeditravel_regenerative_thailand,1
Liposuction Bk 13196,mymeditravel_regenerative_thailand,1
Liposuction Bk 13205,mymeditravel_regenerative_thailand,1
Liposuction Bk 14637,mymeditravel_regenerative_thailand,1
Liposuction So8 3558,mymeditravel_regenerative_southkorea,1
Liquid Biopsy,world_longevity_clinics,1
Liver Cancer Treatment Bk 12504,mymeditravel_regenerative_thailand,1
Liver Transplant at JCI-Accredited Hospital — 7 Nights Half Board Included,bookimed_longevity,1
Liver Transplant at JCI-Accredited Hospital — 7 Nights Half Board Included,bookimed_longevity_turkey,1
"Liver Transplant from Living Donor by Surgeon with 1,000+ Transplants Performed",bookimed_longevity,1
"Liver Transplant from Living Donor by Surgeon with 1,000+ Transplants Performed",bookimed_longevity_turkey,1
Living Donor Kidney Transplant at JCI-Accredited Hospital — VIP Transfer,bookimed_longevity,1
Living Donor Kidney Transplant at JCI-Accredited Hospital — VIP Transfer,bookimed_longevity_turkey,1
Living Donor Liver Transplant at JCI-Accredited Hospital — Individual Chamber,bookimed_longevity,1
Living Donor Liver Transplant at JCI-Accredited Hospital — Individual Chamber,bookimed_longevity_turkey,1
Longevity,istanbul_med_assist_stem_cell_longevity,1
Longevity,longevity_suite_istanbul_biohacking,1
Longevity,placidway_stem_cell_south_korea,1
Love Handle Liposuction with Tumescent Technique by Board-Certified Surgeon,bookimed_longevity,1
Love Handle Liposuction with Tumescent Technique by Board-Certified Surgeon,bookimed_longevity_korea,1
Low Anterior Resection for Rectal Tumor,bookimed_longevity,1
Low Anterior Resection for Rectal Tumor,bookimed_longevity_turkey,1
Lower Blepharoplasty by Surgeon with 900+ Blepharoplasties Performed,bookimed_longevity,1
Lower Blepharoplasty by Surgeon with 900+ Blepharoplasties Performed,bookimed_longevity_korea,1
Lupus Erythematosus Treatment So8 1861,mymeditravel_chaum_medical_center,1
Lymphatic Drainage Massage Ph 844,mymeditravel_regenerative_thailand,1
Male Breast Augmentation Bk 14412,mymeditravel_regenerative_thailand,1
Male Breast Augmentation Bk 14660,mymeditravel_regenerative_thailand,1
Male Breast Augmentation Tu2 1268,mymeditravel_regenerative_turkey,1
Male Breast Reduction So8 3539,mymeditravel_regenerative_southkorea,1
"Male Check-Up 36-45 — Blood Tests, Tumor Markers, ECG & Consultation — Transfer",bookimed_longevity,1
"Male Check-Up 36-45 — Blood Tests, Tumor Markers, ECG & Consultation — Transfer",bookimed_longevity_thailand,1
"Male Health Check-up in Turkey — Hotel, Transfer & Translation Included",bookimed_longevity,1
"Male Health Check-up in Turkey — Hotel, Transfer & Translation Included",bookimed_longevity_turkey,1
Male Health Check-up Over 40 with PSA Test & Tumor Markers — All Inclusive,bookimed_longevity,1
Male Health Check-up Over 40 with PSA Test & Tumor Markers — All Inclusive,bookimed_longevity_turkey,1
"Male Health Check-up Under 40 — Hotel, Transfer & Translation Included",bookimed_longevity,1
"Male Health Check-up Under 40 — Hotel, Transfer & Translation Included",bookimed_longevity_turkey,1
Male Health Check-up with Thyroid Function Tests — Apartment Included,bookimed_longevity,1
Male Health Check-up with Thyroid Function Tests — Apartment Included,bookimed_longevity_turkey,1
Male Health Checkup Bk 13152,mymeditravel_regenerative_thailand,1
Male Health Checkup Cr 48,mymeditravel_regenerative_thailand,1
Male Health Checkup Ph 1372,mymeditravel_regenerative_thailand,1
Male Health Checkup Ph 1549,mymeditravel_regenerative_thailand,1
Male Health Checkup Ph 832,mymeditravel_regenerative_thailand,1
Male Health Checkup Tu2 1260,mymeditravel_regenerative_turkey,1
Mammography Bk 13173,mymeditravel_regenerative_thailand,1
Mammography So8 1809,mymeditravel_chaum_medical_center,1
Mastectomy Bk 14584,mymeditravel_regenerative_thailand,1
Mayr Therapy,world_longevity_clinics,1
Mediation service,biohacking_map,1
Medical Assessment,world_longevity_clinics,1
Medical Examination Bk 12295,mymeditravel_regenerative_thailand,1
Medical Examination Pa 1605,mymeditravel_regenerative_thailand,1
Medical Examination Ph 1374,mymeditravel_regenerative_thailand,1
Medical laboratory,biohacking_map,1
Medicine exporter,biohacking_map,1
Melasma Treatment Pa 1564,mymeditravel_regenerative_thailand,1
Melasma Treatment Sp 361,mymeditravel_regenerative_thailand,1
MEN FUE hair transplant (1 zone) UNLIMITED GRAFTS,bookimed_longevity,1
MEN FUE hair transplant (1 zone) UNLIMITED GRAFTS,bookimed_longevity_thailand,1
MEN FUE hair transplant (1 zone) UNLIMITED GRAFTS (case review),bookimed_longevity,1
MEN FUE hair transplant (1 zone) UNLIMITED GRAFTS (case review),bookimed_longevity_thailand,1
MEN/WOMEN Advanced-FUE hair transplant (1 zone) UNLIMITED GRAFTS,bookimed_longevity,1
MEN/WOMEN Advanced-FUE hair transplant (1 zone) UNLIMITED GRAFTS,bookimed_longevity_thailand,1
MEN/WOMEN Advanced-FUE hair transplant (1 zone) UNLIMITED GRAFTS (case review),bookimed_longevity,1
MEN/WOMEN Advanced-FUE hair transplant (1 zone) UNLIMITED GRAFTS (case review),bookimed_longevity_thailand,1
MEN/WOMEN DHI hair transplant (1 zone) UNLIMITED GRAFTS,bookimed_longevity,1
MEN/WOMEN DHI hair transplant (1 zone) UNLIMITED GRAFTS,bookimed_longevity_thailand,1
MEN/WOMEN DHI hair transplant (1 zone) UNLIMITED GRAFTS (case review),bookimed_longevity,1
MEN/WOMEN DHI hair transplant (1 zone) UNLIMITED GRAFTS (case review),bookimed_longevity_thailand,1
MEN/WOMEN Long-hair (non shave) transplant (1 zone) UNLIMITED GRAFTS,bookimed_longevity,1
MEN/WOMEN Long-hair (non shave) transplant (1 zone) UNLIMITED GRAFTS,bookimed_longevity_thailand,1
MEN/WOMEN Long-hair (non-shave) transplant (1 zone) UNLIMITED GRAFTS (case review),bookimed_longevity,1
MEN/WOMEN Long-hair (non-shave) transplant (1 zone) UNLIMITED GRAFTS (case review),bookimed_longevity_thailand,1
Meniscus Surgery Tu3 62,mymeditravel_regenerative_turkey,1
Mental health service,biohacking_map,1
Meso Fat Bk 14589,mymeditravel_regenerative_thailand,1
Mesotherapy Ph 1529,mymeditravel_regenerative_thailand,1
Mesotherapy Ph 839,mymeditravel_regenerative_thailand,1
Mesotherapy So8 6064,mymeditravel_regenerative_southkorea,1
Mesotherapy Tu1 713,mymeditravel_regenerative_turkey,1
Mesotherapy Tu2 1248,mymeditravel_regenerative_turkey,1
Mesotherapy Tu4 3158,mymeditravel_regenerative_turkey,1
"Metabolic Surgery by Surgeon with 2,500+ Diabetes Surgeries — All-Inclusive Package",bookimed_longevity,1
"Metabolic Surgery by Surgeon with 2,500+ Diabetes Surgeries — All-Inclusive Package",bookimed_longevity_turkey,1
Metformin,biohacking_map,1
Microdermabrasion Bk 14373,mymeditravel_regenerative_thailand,1
Microplastic Testing,world_longevity_clinics,1
Microsurgery for Vestibular Schwannoma,bookimed_longevity,1
"Microsurgical Varicocelectomy by Surgeon with 1,100+ Procedures — 5★ Hotel",bookimed_longevity,1
"Microsurgical Varicocelectomy by Surgeon with 1,100+ Procedures — 5★ Hotel",bookimed_longevity_turkey,1
Middle Bone Osteotomy Surgery — JCI-Accredited with Comprehensive Follow-up,bookimed_longevity,1
Middle Bone Osteotomy Surgery — JCI-Accredited with Comprehensive Follow-up,bookimed_longevity_turkey,1
Middle Joint Arthrodesis Surgery at JCI-Accredited Hospital — Transfer & Follow-up Included,bookimed_longevity,1
Middle Joint Arthrodesis Surgery at JCI-Accredited Hospital — Transfer & Follow-up Included,bookimed_longevity_turkey,1
Mini Egg Donation Programme,bookimed_longevity,1
"Mini Facelift by a European Board of Plastic, Reconstructive and Aesthetic Surgery (EBOPRAS) surgeon— 6 Nights at 4★ Hotel with VIP Transfer Included",bookimed_longevity_turkey,1
Mole Removal Bk 13177,mymeditravel_regenerative_thailand,1
Mole Removal Sp 1392,mymeditravel_regenerative_thailand,1
Mommy Makeover by European Board-Certified Surgeon — All Included,bookimed_longevity,1
Mommy Makeover by European Board-Certified Surgeon — All Included,bookimed_longevity_turkey,1
Mommy Makeover by Surgeon with 25+ Years Experience — 5★ Hotel & VIP Transfer,bookimed_longevity,1
Mommy Makeover by Surgeon with 25+ Years Experience — 5★ Hotel & VIP Transfer,bookimed_longevity_turkey,1
Mommy Makeover Tu2 1257,mymeditravel_regenerative_turkey,1
Mommy Makeover with Mentor® Implants — 5 Nights at Hotel & VIP Transfer,bookimed_longevity,1
Mommy Makeover with Mentor® Implants — 5 Nights at Hotel & VIP Transfer,bookimed_longevity_turkey,1
Mommy Makeover with VASER & Mentor Implants — 5 Nights at Hotel & VIP Transfer,bookimed_longevity_korea,1
Morpheus8 Skin Tightening for Subtle Facial Rejuvenation (1 Session),bookimed_longevity,1
Morpheus8 Skin Tightening for Subtle Facial Rejuvenation (1 Session),bookimed_longevity_turkey,1
Multiple sclerosis,bookimed_longevity,1
Multiple Sclerosis Diagnostics,bookimed_longevity,1
Multiple Sclerosis Diagnostics,bookimed_longevity_turkey,1
Myocardial Perfusion Imaging Mpi So8 1796,mymeditravel_chaum_medical_center,1
Myomectomy Bk 13174,mymeditravel_regenerative_thailand,1
NAD+ Boosters,biohacking_map,1
"Nanotechnology Plasmapheresis & Dark Field Study — da Vinci Pioneer, Master's in Regenerative Medicine",bookimed_longevity,1
Nasal Tip Plasty So8 3552,mymeditravel_regenerative_southkorea,1
Natural goods store,biohacking_map,1
Neck Lift Bk 14630,mymeditravel_regenerative_thailand,1
"Neck Lift for a Smooth, Defined Jawline — 5★ Hotel & VIP Transfer Included",bookimed_longevity,1
"Neck Lift for a Smooth, Defined Jawline — 5★ Hotel & VIP Transfer Included",bookimed_longevity_turkey,1
Neck Lift Tu2 1263,mymeditravel_regenerative_turkey,1
Neurological Rehabilitation So8 534,mymeditravel_chaum_medical_center,1
Neurologist,biohacking_map,1
Neurology Consultation So8 97,mymeditravel_chaum_medical_center,1
Nipple Correction Surgery Bk 14646,mymeditravel_regenerative_thailand,1
Nipple Reduction Bk 14647,mymeditravel_regenerative_thailand,1
NIPT Pro Advanced Chromosome Screening in Bangkok,bookimed_longevity,1
NIPT Pro Advanced Chromosome Screening in Bangkok,bookimed_longevity_thailand,1
NIPT Twins Screening in Bangkok,bookimed_longevity,1
NIPT Twins Screening in Bangkok,bookimed_longevity_thailand,1
NK Cell Therapy,world_longevity_clinics,1
NK Cell Therapy for Ovarian Cancer at ISO-Certified Integrative Oncology Center,bookimed_longevity,1
NK Cell Therapy for Ovarian Cancer at ISO-Certified Integrative Oncology Center,bookimed_longevity_thailand,1
NMN Therapy,world_longevity_clinics,1
No-Needle IVF with Gender Selection — 70% Pregnancy Rate for Women Under 35,bookimed_longevity,1
Non-profit organization,biohacking_map,1
Nose Implant Bk 14586,mymeditravel_regenerative_thailand,1
Nose Implant Bk 14626,mymeditravel_regenerative_thailand,1
Nose Implant So8 3551,mymeditravel_regenerative_southkorea,1
Nose Surgery So8 3550,mymeditravel_regenerative_southkorea,1
Nurse practitioner,biohacking_map,1
Oncology Control Check-up with PET-CT & Tumor Markers — All Inclusive,bookimed_longevity,1
Oncology Control Check-up with PET-CT & Tumor Markers — All Inclusive,bookimed_longevity_turkey,1
Oncology Diagnostic Package – Comprehensive Second Opinion & Advanced Testing,bookimed_longevity,1
One day knee stem cell treatment,bookimed_longevity,1
Oriental medicine clinic,biohacking_map,1
Orthognathic Surgery with 3D Planning by Stanford-Recognized Maxillofacial Surgeon — Custom Guides & Private Room,bookimed_longevity,1
Orthopedic Rehabilitation at JCI-Accredited Hospital — 30-Day Program,bookimed_longevity,1
Orthopedics Consultation Cr 45,mymeditravel_regenerative_thailand,1
Osteotomy Tu3 76,mymeditravel_regenerative_turkey,1
Otoplasty Bk 14632,mymeditravel_regenerative_thailand,1
Otoplasty for Natural Ear Proportions — 2 Nights at 5★ Hotel,bookimed_longevity,1
Otoplasty for Natural Ear Proportions — 2 Nights at 5★ Hotel,bookimed_longevity_turkey,1
Ozone Therapy,placidway_antiaging_thailand,1
Ozone Therapy Bk 13167,mymeditravel_regenerative_thailand,1
Ozone Therapy Pa 1567,mymeditravel_regenerative_thailand,1
Ozone Therapy Pa 1607,mymeditravel_regenerative_thailand,1
Ozone Therapy Ph 855,mymeditravel_regenerative_thailand,1
Ozone Therapy Tu2 1259,mymeditravel_regenerative_turkey,1
Ozone Therapy Tu4 3161,mymeditravel_regenerative_turkey,1
"Pacemaker Implantation by Surgeon with 25+ Years of Experience & 1,100+ Procedures Performed",bookimed_longevity,1
Pain Management Pa 1611,mymeditravel_regenerative_thailand,1
Pain Management Ph 1375,mymeditravel_regenerative_thailand,1
Pain Management So8 1850,mymeditravel_chaum_medical_center,1
Pain Treatment Pa 1610,mymeditravel_regenerative_thailand,1
"Parkinson's Diagnosis & Deep Brain Stimulation by Neurosurgeon with 1,100+ DBS Procedures",bookimed_longevity,1
Parkinsons Disease Consultation Bk 14157,mymeditravel_regenerative_thailand,1
Parkinsons Disease Treatment Bk 14158,mymeditravel_regenerative_thailand,1
Pdo Thread Lift Bk 13198,mymeditravel_regenerative_thailand,1
Pdo Thread Lift Bk 14653,mymeditravel_regenerative_thailand,1
Pdo Thread Lift Cm 1451,mymeditravel_regenerative_thailand,1
Pdo Thread Lift So8 3556,mymeditravel_regenerative_southkorea,1
Pediatric clinic,biohacking_map,1
Pediatric Dentistry Cr 38,mymeditravel_regenerative_thailand,1
"Pediatric Health Check-up Package — Hotel, Transfer & Translation Included",bookimed_longevity,1
"Pediatric Health Check-up Package — Hotel, Transfer & Translation Included",bookimed_longevity_turkey,1
Pediatrician,biohacking_map,1
Pelvic Ultrasound So8 1811,mymeditravel_chaum_medical_center,1
Penile curvature correction (surgical treatment for Peyronie's disease),bookimed_longevity,1
Penile curvature correction (surgical treatment for Peyronie's disease),bookimed_longevity_turkey,1
"Penile implant AMS 700™ (CX, LGX and related models) with Lifetime Surgical Support",bookimed_longevity,1
"Penile implant AMS 700™ (CX, LGX and related models) with Lifetime Surgical Support",bookimed_longevity_turkey,1
Penile implant Coloplast Titan with Lifetime Surgical Support,bookimed_longevity,1
Penile implant Coloplast Titan with Lifetime Surgical Support,bookimed_longevity_turkey,1
Penis Augmentation Bk 13760,mymeditravel_regenerative_thailand,1
"Penis Enlargement Surgery by ISAPS-Certified Surgeon with 17,795+ Procedures",bookimed_longevity,1
Percutaneous Nephrolithotomy (PCNL),bookimed_longevity,1
Percutaneous Nephrolithotomy (PCNL),bookimed_longevity_turkey,1
Performance Health Assessment,biohacking_map,1
Perineoplasty Bk 14667,mymeditravel_regenerative_thailand,1
Personal concierge service,biohacking_map,1
PET-CT Scan,world_longevity_clinics,1
PET-CT with Gallium-68 (DOTA) Scan for Neuroendocrine Tumors in Turkey,bookimed_longevity,1
PET-CT with Gallium-68 (DOTA) Scan for Neuroendocrine Tumors in Turkey,bookimed_longevity_turkey,1
PET/CT Scan with Oncologist Consultation — Translation Included,bookimed_longevity,1
PET/CT Scan with Oncologist Consultation — Translation Included,bookimed_longevity_turkey,1
Photobiomodulation,world_longevity_clinics,1
Photodynamic Therapy For Skin Problems Pa 1566,mymeditravel_regenerative_thailand,1
Photorefractive Keratectomy Prk Bk 13150,mymeditravel_regenerative_thailand,1
Physical rehabilitation center,biohacking_map,1
Physical Therapy Bk 13195,mymeditravel_regenerative_thailand,1
Physical Therapy Bk 14376,mymeditravel_regenerative_thailand,1
Physical Therapy Consultation Bk 14163,mymeditravel_regenerative_thailand,1
Physical Therapy Cr 31,mymeditravel_regenerative_thailand,1
Physical Therapy Ph 1524,mymeditravel_regenerative_thailand,1
Physical Therapy Ph 845,mymeditravel_regenerative_thailand,1
Physical Therapy Tu2 1256,mymeditravel_regenerative_turkey,1
Physical Therapy Tu3 75,mymeditravel_regenerative_turkey,1
Physician assistant,biohacking_map,1
Planiti Biostimulation — 10cc PLLA for 1-Year Collagen Stimulation,bookimed_longevity,1
Planiti Biostimulation — 10cc PLLA for 1-Year Collagen Stimulation,bookimed_longevity_thailand,1
Plasmapheresis,bookimed_longevity,1
Plastic Surgery,istanbul_med_assist_stem_cell_longevity,1
Plastic Surgery,meditrip_seoul,1
Plastic Surgery,turkey_healthcare_group_regenerative,1
Plastic Surgery Consultation Bk 14411,mymeditravel_regenerative_thailand,1
Platinum STD Screening Package,bookimed_longevity,1
Platinum STD Screening Package,bookimed_longevity_thailand,1
Polygenic Risk Scoring,world_longevity_clinics,1
"Porcelain Veneer (1 Unit) for a Natural-Looking Hollywood Smile — 5★ Hotel, 5 Nights",bookimed_longevity_korea,1
Precise oncology examination: High Quality Gastroscopy and Colonoscopy,bookimed_longevity,1
Precision Examination: Stereotactic Deep Brain Electrode Implantation and SEEG Monitoring for Patients of All Ages (Infants to Adults),bookimed_longevity,1
Pregnancy Ultrasound So8 1846,mymeditravel_chaum_medical_center,1
PREMIUM 150 MILLION COMPREHENSIVE STEM CELL PACKAGE,bookimed_longevity,1
Premium Aesthetics Surgery - Mommy makeover with Mentor® MemoryGel® breast implants All Included,bookimed_longevity,1
Premium Aesthetics Surgery - Mommy makeover with Mentor® MemoryGel® breast implants All Included,bookimed_longevity_turkey,1
Premium All-Inclusive Scoliosis (Spinal Deformity) Correction Surgery Package,bookimed_longevity,1
Premium All-Inclusive Scoliosis (Spinal Deformity) Correction Surgery Package,bookimed_longevity_turkey,1
Premium Blepharoplasty (Eyelid correction) All Included,bookimed_longevity,1
Premium Blepharoplasty (Eyelid correction) All Included,bookimed_longevity_turkey,1
Premium Blepharoplasty (Eyelid correction) All Included for Both Eyes,bookimed_longevity,1
Premium Blepharoplasty (Eyelid correction) All Included for Both Eyes,bookimed_longevity_turkey,1
Premium Breast Augmentation with Fat Transfer All Included,bookimed_longevity_turkey,1
Premium Breast augmentation with Motiva® round gel breast implant All Included,bookimed_longevity,1
Premium Breast augmentation with Motiva® round gel breast implant All Included,bookimed_longevity_turkey,1
Premium Check up,bookimed_longevity,1
Premium Facelift All Included,bookimed_longevity,1
Premium Facelift All Included,bookimed_longevity_turkey,1
Premium Gastric Balloon with MedSil™ — 2 Nights Stay & Airport Transfer Included,bookimed_longevity,1
Premium Gastric Balloon with MedSil™ — 2 Nights Stay & Airport Transfer Included,bookimed_longevity_turkey,1
Premium Gastric sleeve surgery (Sleeve gastrectomy) All Included,bookimed_longevity,1
Premium Gastric sleeve surgery (Sleeve gastrectomy) All Included,bookimed_longevity_turkey,1
"Premium Gastric Sleeve Surgery by Surgeon with 1,100+ Procedures — VIP Transfer",bookimed_longevity,1
"Premium Gastric Sleeve Surgery by Surgeon with 1,100+ Procedures — VIP Transfer",bookimed_longevity_turkey,1
Premium Hair transplant (2000-4500 Grafts) All Included,bookimed_longevity,1
Premium Hair transplant (2000-4500 Grafts) All Included,bookimed_longevity_turkey,1
Premium Health Check-up with Cancer Markers — Translation & Transfer Included,bookimed_longevity,1
Premium Health Check-up with Cancer Markers — Translation & Transfer Included,bookimed_longevity_turkey,1
Premium IVF Package at JCI-Accredited Hospital — VIP Transfer Included,bookimed_longevity,1
Premium IVF Package at JCI-Accredited Hospital — VIP Transfer Included,bookimed_longevity_turkey,1
Premium Labiaplasty All Included,bookimed_longevity,1
Premium Labiaplasty All Included,bookimed_longevity_turkey,1
Premium Package – Corneal Transplant in Barcelona,bookimed_longevity,1
Premium Penile Girth Enhancment & Lenghtening with Peniflex,bookimed_longevity,1
Premium Penile Girth Enhancment & Lenghtening with Peniflex,bookimed_longevity_turkey,1
Premium Penile implant surgery with Rigicon All Included,bookimed_longevity,1
Premium Penile implant surgery with Rigicon All Included,bookimed_longevity_turkey,1
Premium Rhinoplasty (nose job) All Included,bookimed_longevity,1
Premium Rhinoplasty (nose job) All Included,bookimed_longevity_turkey,1
Premium Teeth Cleaning for Healthy Gums & Fresh Breath — 4★ Hotel,bookimed_longevity,1
Premium Tummy tuck All Included,bookimed_longevity,1
Premium Tummy tuck All Included,bookimed_longevity_turkey,1
Professional Laser Teeth Whitening for a Brighter Smile — 5★ Hotel,bookimed_longevity_korea,1
Prostate Biopsy So8 1870,mymeditravel_chaum_medical_center,1
Prostate Cancer Treatment Bk 14371,mymeditravel_regenerative_thailand,1
Prostate Ultrasound So8 208,mymeditravel_chaum_medical_center,1
PSMA PET/CT Scan for Prostate Cancer with Oncologist Consultation,bookimed_longevity,1
PSMA PET/CT Scan for Prostate Cancer with Oncologist Consultation,bookimed_longevity_turkey,1
Psychoneurological specialized clinic,biohacking_map,1
Radiosurgery Cancer Treatment So8 1851,mymeditravel_chaum_medical_center,1
Radiotherapy So8 1852,mymeditravel_chaum_medical_center,1
Rapamycin,biohacking_map,1
Recovery Spa Therapies,world_longevity_clinics,1
Reflexologist,biohacking_map,1
Regenerative Medicine,istanbul_stem_cell_aging,1
Regenerative Medicine,longevity_suite_istanbul_biohacking,1
Regenerative Medicine,turkey_healthcare_group_regenerative,1
"Regicoin 3-Piece Inflatable Penile Prosthesis (Infla10® X) — Expert Urologist, 4*Hotel & Transfer",bookimed_longevity,1
"Regicoin 3-Piece Inflatable Penile Prosthesis (Infla10® X) — Expert Urologist, 4*Hotel & Transfer",bookimed_longevity_turkey,1
Rehabilitation Ph 846,mymeditravel_regenerative_thailand,1
Reiki therapist,biohacking_map,1
Reproductive Medicine Consultation So8 1859,mymeditravel_chaum_medical_center,1
Retinal Detachment Surgery (Vitrectomy) at JCI-Accredited Hospital — 3-Night Hotel Stay Included,bookimed_longevity,1
Retinal Detachment Surgery (Vitrectomy) at JCI-Accredited Hospital — 3-Night Hotel Stay Included,bookimed_longevity_turkey,1
Retreat center,biohacking_map,1
Revolutionizing Parkinson’s Treatment,bookimed_longevity,1
Rheumatoid Arthritis Treatment So8 1862,mymeditravel_chaum_medical_center,1
Rheumatology Consultation So8 1863,mymeditravel_chaum_medical_center,1
Rhinoplasty + Breast Augmentation with Motiva Implants — 5 Nights at Hotel,bookimed_longevity_korea,1
Rhinoplasty at Triple-Accredited Hospital— 5 Nights at 5★ Hotel & VIP Transfer,bookimed_longevity,1
Rhinoplasty at Triple-Accredited Hospital— 5 Nights at 5★ Hotel & VIP Transfer,bookimed_longevity_turkey,1
Rhinoplasty Bk 13204,mymeditravel_regenerative_thailand,1
Rhinoplasty Bk 14625,mymeditravel_regenerative_thailand,1
Rhinoplasty by ENT Specialist — Transfer & Hospital Stay Included,bookimed_longevity,1
Rhinoplasty by ENT Specialist — Transfer & Hospital Stay Included,bookimed_longevity_turkey,1
Rhinoplasty by ENT Specialist — Transfers & Full Pre-Op Testing,bookimed_longevity,1
Rhinoplasty by ENT Specialist — Transfers & Full Pre-Op Testing,bookimed_longevity_turkey,1
Rhinoplasty for for a Naturally Refined Look — 3D Scan & CT Included,bookimed_longevity,1
Rhinoplasty for for a Naturally Refined Look — 3D Scan & CT Included,bookimed_longevity_korea,1
Rhinoplasty for Natural-Looking Results by Professor — 5★ Hotel & VIP Transfer,bookimed_longevity,1
Rhinoplasty for Natural-Looking Results by Professor — 5★ Hotel & VIP Transfer,bookimed_longevity_turkey,1
Rhinoplasty So8 3549,mymeditravel_regenerative_southkorea,1
Rhinoplasty Tu2 1262,mymeditravel_regenerative_turkey,1
Rhinoplasty with 3D Planning for Precise Results — 6-Night Hotel Stay,bookimed_longevity,1
Rhinoplasty with 3D Planning for Precise Results — 6-Night Hotel Stay,bookimed_longevity_turkey,1
Robot-Assisted Laparoscopic Sacrocolpopexy (for Prolapse Surgery),bookimed_longevity,1
Robot-Assisted Laparoscopic Sacrocolpopexy (for Prolapse Surgery),bookimed_longevity_turkey,1
Robot-Assisted Laparoscopic Tubal Reanastomosis,bookimed_longevity,1
Robot-Assisted Laparoscopic Tubal Reanastomosis,bookimed_longevity_turkey,1
Robot-Assisted Laparoscopic Uretero-Neocystostomy (Unilateral),bookimed_longevity,1
Robot-Assisted Laparoscopic Uretero-Neocystostomy (Unilateral),bookimed_longevity_turkey,1
Robot-Assisted Retroperitoneal Cyst / Tumor Excision (Excluding Kidney and Adrenal Gland),bookimed_longevity,1
Robot-Assisted Retroperitoneal Cyst / Tumor Excision (Excluding Kidney and Adrenal Gland),bookimed_longevity_turkey,1
Robotic Da Vinci Prostatectomy at Turkey's First Smart JCI-Certified Hospital,bookimed_longevity,1
Robotic Da Vinci Prostatectomy at Turkey's First Smart JCI-Certified Hospital,bookimed_longevity_turkey,1
Robotic Da Vinci Prostatectomy with Pelvic Lymphadenectomy — Transfer Included,bookimed_longevity,1
Robotic Da Vinci Prostatectomy with Pelvic Lymphadenectomy — Transfer Included,bookimed_longevity_turkey,1
Robotic Partial Nephrectomy with Da Vinci System — Airport Transfer Included,bookimed_longevity,1
Robotic Partial Nephrectomy with Da Vinci System — Airport Transfer Included,bookimed_longevity_turkey,1
Robotic Pyeloplasty Surgery — JCI-Accredited Hospital with Transfer Included,bookimed_longevity,1
Robotic Pyeloplasty Surgery — JCI-Accredited Hospital with Transfer Included,bookimed_longevity_turkey,1
Root Canal Bk 13155,mymeditravel_regenerative_thailand,1
Root Canal Cr 35,mymeditravel_regenerative_thailand,1
Root Canal Tu2 1245,mymeditravel_regenerative_turkey,1
Rotator Cuff Surgery Tu3 64,mymeditravel_regenerative_turkey,1
Salpingectomy,bookimed_longevity,1
Salpingectomy,bookimed_longevity_turkey,1
"Sanpiti Jin Wellbeing — Premium Stroke Rehabilitation Bangkok, Private Suite, Dedicated Physician, 3 Sessions/Day",bookimed_longevity,1
"Sanpiti Jin Wellbeing — Premium Stroke Rehabilitation Bangkok, Private Suite, Dedicated Physician, 3 Sessions/Day",bookimed_longevity_thailand,1
"Sapphire FUE Hair Transplant by Surgeon with 20,000+ Procedures — 5★ Hotel",bookimed_longevity_korea,1
"Sapphire FUE Hair Transplant — 4,500 Grafts & Lifetime Warranty",bookimed_longevity_korea,1
Sapphire FUE Hair Transplant — Maximum Grafts & Lifetime Warranty,bookimed_longevity_korea,1
Scaling And Root Planing Cr 41,mymeditravel_regenerative_thailand,1
Schizophrenia Inpatient Treatment in Adults,bookimed_longevity,1
Schizophrenia Inpatient Treatment in Adults,bookimed_longevity_turkey,1
Scoliosis Surgery Tu3 70,mymeditravel_regenerative_turkey,1
"Scoliosis Surgery with Stryker by Surgeon with 2,700+ Neurosurgery Cases Performed",bookimed_longevity,1
"Scoliosis Surgery with Stryker by Surgeon with 2,700+ Neurosurgery Cases Performed",bookimed_longevity_turkey,1
Scoliosis Treatment So8 1865,mymeditravel_chaum_medical_center,1
Scoliosis Treatment Tu3 71,mymeditravel_regenerative_turkey,1
Sculptra Biostimulation for Collagen Production,bookimed_longevity,1
Sculptra Biostimulator for Long-Term Collagen Regeneration,bookimed_longevity,1
Sculptra Biostimulator for Long-Term Collagen Regeneration,bookimed_longevity_thailand,1
Septoplasty & Rhinoplasty with Pre-Surgery Nose Modeling — 5 Nights at 4★ Hotel & VIP Transfer,bookimed_longevity_korea,1
Septoplasty for Improved Breathing — 5★ Hotel & Free Translation Service,bookimed_longevity,1
Septoplasty for Improved Breathing — 5★ Hotel & Free Translation Service,bookimed_longevity_turkey,1
Shoulder Arthroplasty Tu3 61,mymeditravel_regenerative_turkey,1
Shoulder Arthroplasty Tu5 808,mymeditravel_regenerative_turkey,1
Shoulder Arthroscopy Tu5 809,mymeditravel_regenerative_turkey,1
Simple Thymectomy,bookimed_longevity,1
Simple Thymectomy,bookimed_longevity_turkey,1
Sinus Lift Tu2 1247,mymeditravel_regenerative_turkey,1
Skin Cancer Surgery So8 350,mymeditravel_chaum_medical_center,1
Skin Lightening So8 3566,mymeditravel_regenerative_southkorea,1
Skin Tightening Treatment Ph 838,mymeditravel_regenerative_thailand,1
Skin Tightening Treatment So8 3567,mymeditravel_regenerative_southkorea,1
Skull Base Tumor Surgery with Neuronavigation & Neuromonitoring — 6 Nights Stay,bookimed_longevity,1
Skull Base Tumor Surgery with Neuronavigation & Neuromonitoring — 6 Nights Stay,bookimed_longevity_turkey,1
Small Bone Osteotomy at JCI-Accredited Hospital — Transfer & Follow-up Included,bookimed_longevity,1
Small Bone Osteotomy at JCI-Accredited Hospital — Transfer & Follow-up Included,bookimed_longevity_turkey,1
Small Joint Arthrodesis Surgery — JCI-Accredited Hospital with Transfer,bookimed_longevity,1
Small Joint Arthrodesis Surgery — JCI-Accredited Hospital with Transfer,bookimed_longevity_turkey,1
Social welfare center,biohacking_map,1
Spartacus package,bookimed_longevity,1
Spartacus package,bookimed_longevity_turkey,1
Sperm bank,biohacking_map,1
Spider Veins Treatment Tu4 3159,mymeditravel_regenerative_turkey,1
Spinal Cord Injury Rehabilitation Program — Advanced 3D Imaging & VIP Transfer Included,bookimed_longevity,1
Spinal Cord Injury Rehabilitation Program — Advanced 3D Imaging & VIP Transfer Included,bookimed_longevity_turkey,1
Spinal Cord Stimulator Implantation by Deep Brain Stimulation Expert — 5★ Hotel & VIP Transfer,bookimed_longevity,1
Spinal Cord Stimulator Implantation by Deep Brain Stimulation Expert — 5★ Hotel & VIP Transfer,bookimed_longevity_turkey,1
Spinal Disc Herniation Treatment So8 1866,mymeditravel_chaum_medical_center,1
Spinal Disc Herniation Treatment Tu3 73,mymeditravel_regenerative_turkey,1
Spinal Stenosis Treatment Tu3 74,mymeditravel_regenerative_turkey,1
Spinal Surgery Consultation So8 1868,mymeditravel_chaum_medical_center,1
Spine Surgery Bk 13172,mymeditravel_regenerative_thailand,1
Sports club,biohacking_map,1
Stem Cell Banking,biohacking_map,1
Stem Cell for Facial Rejuvenation Package,bookimed_longevity,1
Stem Cell for Facial Rejuvenation Package,bookimed_longevity_thailand,1
Stem Cell for Men's Health Package,bookimed_longevity,1
Stem Cell for Men's Health Package,bookimed_longevity_thailand,1
Stem Cell for Women's Health Package,bookimed_longevity,1
Stem Cell for Women's Health Package,bookimed_longevity_thailand,1
Stem Cell Hair Restoration with Exosomes — VIP Transfer & Recovery,bookimed_longevity,1
Stem Cell Joint Regeneration Package,bookimed_longevity,1
Stem Cell Joint Regeneration Package,bookimed_longevity_thailand,1
Stem Cell Rejuvenation by EBOPRAS-Certified Surgeon with 15+ Years' Expertise — Transfer Included,bookimed_longevity,1
Stem Cell Rejuvenation by EBOPRAS-Certified Surgeon with 15+ Years' Expertise — Transfer Included,bookimed_longevity_turkey,1
Stem Cell Rejuvenation Package,bookimed_longevity,1
Stem Cell Rejuvenation Package,bookimed_longevity_thailand,1
Stem Cell Transplant Tu5 812,mymeditravel_regenerative_turkey,1
Stem Cell Treatment Bk 12489,mymeditravel_regenerative_thailand,1
Stem Cell Treatment Bk 13199,mymeditravel_regenerative_thailand,1
Stem Cell Treatment Bk 13430,mymeditravel_regenerative_thailand,1
Stem Cell Treatment Bk 13762,mymeditravel_regenerative_thailand,1
Stem cell treatment for Autism 50 million MSCs (IV + IT),bookimed_longevity_thailand,1
Stem cell treatment for Autism 50 million MSCs (IV),bookimed_longevity_thailand,1
Stem cell treatment for Autism 70 million MSCs (IV + IT),bookimed_longevity_thailand,1
Stem cell treatment for Autism 70 million MSCs (IV),bookimed_longevity_thailand,1
Stem Cell Treatment For Autoimmune Diseases Bk 14435,mymeditravel_regenerative_thailand,1
Stem Cell Treatment For Chronic Back Pain Bk 14281,mymeditravel_regenerative_thailand,1
Stem Cell Treatment For Chronic Back Pain Tu1 706,mymeditravel_regenerative_turkey,1
Stem cell treatment for Diabetes Mellitus Type I / II 150 million MSCs,bookimed_longevity_thailand,1
Stem cell treatment for Diabetes Mellitus Type I / II 200 million MSCs,bookimed_longevity_thailand,1
Stem cell treatment for Diabetes Mellitus Type I / II 80 million MSCs,bookimed_longevity_thailand,1
Stem cell treatment for Diabetic Wound and Chronic Wound 45 days,bookimed_longevity_thailand,1
Stem cell treatment for Erectile Dysfunction 20 million MSCs (IV),bookimed_longevity_thailand,1
Stem cell treatment for Erectile Dysfunction 60 million MSCs (Local + IV),bookimed_longevity_thailand,1
Stem cell treatment for Multiple Sclerosis (MS) 150 million MSCs,bookimed_longevity_thailand,1
Stem cell treatment for Multiple Sclerosis (MS) 200 million MSCs,bookimed_longevity_thailand,1
Stem cell treatment for Multiple Sclerosis (MS) 80 million MSCs,bookimed_longevity_thailand,1
Stem Cell Treatment For Parkinsons Disease Bk 14159,mymeditravel_regenerative_thailand,1
Stem cell treatment for Parkinson’s Disease 160 million MSCs (IV + IT),bookimed_longevity_thailand,1
Stem cell treatment for Parkinson’s Disease 160 million MSCs (IV),bookimed_longevity_thailand,1
Stem Cell Treatment So8 6056,mymeditravel_regenerative_southkorea,1
Stem Cell Treatment So8 6067,mymeditravel_regenerative_southkorea,1
Stem Cell Treatment Tu3 77,mymeditravel_regenerative_turkey,1
"Straumann Dental Implant by ITI-Certified Dentist — 4★ Hotel, 9 Days",bookimed_longevity_korea,1
Stress Electrocardiography Ecg So8 1798,mymeditravel_chaum_medical_center,1
"Stress Urinary Incontinence Surgery with Midurethral Sling (TVT, TOT, IVS etc.)",bookimed_longevity,1
"Stress Urinary Incontinence Surgery with Midurethral Sling (TVT, TOT, IVS etc.)",bookimed_longevity_turkey,1
Stroke Consultation Bk 14437,mymeditravel_regenerative_thailand,1
Stroke Prevention Health Check-up with Advanced Blood Analysis & Transfer,bookimed_longevity,1
Stroke Prevention Health Check-up with Advanced Blood Analysis & Transfer,bookimed_longevity_thailand,1
Stroke Rehabilitation Program – Golden Period (3–6 Months) Intensive Recovery,bookimed_longevity,1
Stroke Rehabilitation Program – Golden Period (3–6 Months) Intensive Recovery,bookimed_longevity_thailand,1
Suburethral Sling (TVT) Surgery — Minimally Invasive Treatment for Urinary Incontinence,bookimed_longevity,1
Supplement Protocol,world_longevity_clinics,1
Supplement Protocols,biohacking_map,1
Surgery Cm 1548,mymeditravel_regenerative_thailand,1
Surgery For Hypoplastic Left Heart Syndrome Bk 14434,mymeditravel_regenerative_thailand,1
Surgical center,biohacking_map,1
"Surgical Treatment of Long Bone Fractures, Including Percutaneous Pinning Under Fluoroscopic Guidance",bookimed_longevity,1
"Surgical Treatment of Long Bone Fractures, Including Percutaneous Pinning Under Fluoroscopic Guidance",bookimed_longevity_turkey,1
Targeted IV Protocols,biohacking_map,1
Targeted Oncothermia Hyperthermia for Stomach Cancer with Integrated Immunotherapy,bookimed_longevity,1
Targeted Oncothermia Hyperthermia for Stomach Cancer with Integrated Immunotherapy,bookimed_longevity_thailand,1
Teeth Whitening Bk 13160,mymeditravel_regenerative_thailand,1
Teeth Whitening Cr 36,mymeditravel_regenerative_thailand,1
Testicular Ultrasound So8 1813,mymeditravel_chaum_medical_center,1
Therapeutic Fasting,world_longevity_clinics,1
Therapeutic Plasma Exchange,biohacking_map,1
Therapeutic Plasma Exchange (TPE),world_longevity_clinics,1
"Thermage FLX 1,200 Shots for Facial Rejuvenation — No Downtime",bookimed_longevity,1
"Thermage FLX 1,200 Shots for Facial Rejuvenation — No Downtime",bookimed_longevity_turkey,1
Thermage Sp 1389,mymeditravel_regenerative_thailand,1
Thermal Water Treatments,world_longevity_clinics,1
Thigh Lift Tu1 709,mymeditravel_regenerative_turkey,1
Thigh Lift with VASER Liposuction — 7 Nights at 5★ Hotel Included,bookimed_longevity,1
Thigh Lift with VASER Liposuction — 7 Nights at 5★ Hotel Included,bookimed_longevity_turkey,1
Thigh Liposuction Bk 13208,mymeditravel_regenerative_thailand,1
Thigh Liposuction Bk 14638,mymeditravel_regenerative_thailand,1
Thigh Liposuction So8 5993,mymeditravel_regenerative_southkorea,1
Thigh Liposuction with Tumescent Technique for Sculpted Contour,bookimed_longevity,1
Thigh Liposuction with Tumescent Technique for Sculpted Contour,bookimed_longevity_korea,1
Thread Lift for Subtle Facial Rejuvenation — Non-Surgical Facelift,bookimed_longevity,1
Thread Lift for Subtle Facial Rejuvenation — Non-Surgical Facelift,bookimed_longevity_thailand,1
Thyroid Checkup Ph 1373,mymeditravel_regenerative_thailand,1
Thyroid Checkup Ph 840,mymeditravel_regenerative_thailand,1
Thyroid Ultrasound So8 1814,mymeditravel_chaum_medical_center,1
Thyroidectomy Bk 13190,mymeditravel_regenerative_thailand,1
Tooth Extraction Cr 40,mymeditravel_regenerative_thailand,1
Tooth Filling Bk 13154,mymeditravel_regenerative_thailand,1
Tooth Filling Cr 39,mymeditravel_regenerative_thailand,1
Total Body Liposuction & HD Liposculpture by ISAPS-Certified Surgeon — 5 Nights at Hotel,bookimed_longevity_korea,1
Total Body Reshaping with Personalised Planning — 5★ Hotel Included,bookimed_longevity,1
Total Body Reshaping with Personalised Planning — 5★ Hotel Included,bookimed_longevity_turkey,1
TOTAL HİP REPLACEMENT,bookimed_longevity,1
TOTAL HİP REPLACEMENT,bookimed_longevity_turkey,1
"Total Thyroidectomy, Bilateral (for Malignant Disease)",bookimed_longevity,1
"Total Thyroidectomy, Bilateral (for Malignant Disease)",bookimed_longevity_turkey,1
Training center,biohacking_map,1
Transcatheter Aortic Valve Implantation (TAVI) at JCI-Accredited Hospital,bookimed_longevity,1
Transcatheter Aortic Valve Implantation (TAVI) at JCI-Accredited Hospital,bookimed_longevity_turkey,1
Transurethral Resection (TURP) for Enlarged Prostate (>3cm) at JCI-Accredited Hospital,bookimed_longevity,1
Transurethral Resection (TURP) for Enlarged Prostate (>3cm) at JCI-Accredited Hospital,bookimed_longevity_turkey,1
"TrueBeam STx & Halcyon Radiotherapy with PET-CT Imaging — ESMO-Certified Oncologist, JCI Center",bookimed_longevity,1
"TrueBeam STx & Halcyon Radiotherapy with PET-CT Imaging — ESMO-Certified Oncologist, JCI Center",bookimed_longevity_turkey,1
Tummy Liposuction Bk 13206,mymeditravel_regenerative_thailand,1
Tummy Liposuction Bk 14639,mymeditravel_regenerative_thailand,1
Tummy Liposuction So8 5951,mymeditravel_regenerative_southkorea,1
Tummy Tuck & Liposuction by EBOPRAS-Certified Surgeon — 7 Nights at 4★ Hotel,bookimed_longevity,1
Tummy Tuck & Liposuction by EBOPRAS-Certified Surgeon — 7 Nights at 4★ Hotel,bookimed_longevity_turkey,1
Tummy Tuck + Liposuction — 7 Nights with Breakfast at 4★ Hotel,bookimed_longevity,1
Tummy Tuck + Liposuction — 7 Nights with Breakfast at 4★ Hotel,bookimed_longevity_korea,1
Tummy Tuck + Liposuction — 7 Nights with Breakfast at 4★ Hotel,bookimed_longevity_turkey,1
Tummy Tuck Bk 13197,mymeditravel_regenerative_thailand,1
Tummy Tuck Bk 14413,mymeditravel_regenerative_thailand,1
Tummy Tuck Bk 14649,mymeditravel_regenerative_thailand,1
Tummy Tuck by Professor with 900+ Procedures — 5★ Hotel & VIP Transfer,bookimed_longevity,1
Tummy Tuck by Professor with 900+ Procedures — 5★ Hotel & VIP Transfer,bookimed_longevity_turkey,1
Tummy Tuck So8 3559,mymeditravel_regenerative_southkorea,1
Tummy Tuck Tu2 1264,mymeditravel_regenerative_turkey,1
Tummy Tuck with Liposuction by European Board Certified Surgeon — All Included,bookimed_longevity,1
Tummy Tuck with Liposuction by European Board Certified Surgeon — All Included,bookimed_longevity_turkey,1
Tummy Tuck with Waist Liposuction by European Board-Certified Surgeon,bookimed_longevity,1
Tummy Tuck with Waist Liposuction by European Board-Certified Surgeon,bookimed_longevity_turkey,1
Ulnar Nerve Transposition (Ulnar Nerve Entrapment Neuropathy),bookimed_longevity,1
Ulnar Nerve Transposition (Ulnar Nerve Entrapment Neuropathy),bookimed_longevity_turkey,1
Ultherapy for Face & Neck — FDA-Cleared Treatment for Lifted & Tightened Skin,bookimed_longevity,1
Ultherapy for Face & Neck — FDA-Cleared Treatment for Lifted & Tightened Skin,bookimed_longevity_turkey,1
Ultimate STD Screening Package,bookimed_longevity,1
Ultimate STD Screening Package,bookimed_longevity_thailand,1
Ultrasound,bookimed_longevity,1
Ultrasound Scan So8 1815,mymeditravel_chaum_medical_center,1
Ultrasound Therapy Bk 13169,mymeditravel_regenerative_thailand,1
Ultrasound Therapy Ph 848,mymeditravel_regenerative_thailand,1
Ultrasound-Guided Imaging,biohacking_map,1
University,biohacking_map,1
Upper & Lower Blepharoplasty - All Included,bookimed_longevity,1
Upper & Lower Blepharoplasty - All Included,bookimed_longevity_turkey,1
Upper & Lower Blepharoplasty for Refreshed Eyes — VIP Transfer & 7 Nights at Hotel,bookimed_longevity,1
Upper & Lower Blepharoplasty for Refreshed Eyes — VIP Transfer & 7 Nights at Hotel,bookimed_longevity_turkey,1
Upper Blepharoplasty by EBOPRAS-Certified Surgeon — VIP Transfer & 6 Night at Hotel,bookimed_longevity,1
Upper Blepharoplasty by EBOPRAS-Certified Surgeon — VIP Transfer & 6 Night at Hotel,bookimed_longevity_turkey,1
Ureteroscopy with Laser Lithotripsy — Minimally Invasive Kidney Stone Removal,bookimed_longevity,1
Urologist,biohacking_map,1
Urology Check-up with PSA Test & Prostate Ultrasound in Turkey,bookimed_longevity,1
Urology Check-up with PSA Test & Prostate Ultrasound in Turkey,bookimed_longevity_turkey,1
Urology Consultation Cr 30,mymeditravel_regenerative_thailand,1
Urology Consultation So8 98,mymeditravel_chaum_medical_center,1
Urology Ultrasound So8 1871,mymeditravel_chaum_medical_center,1
Uterine Fibroid / Adenomyoma Ablation,bookimed_longevity,1
Uterine Prolapse Surgery So8 1847,mymeditravel_chaum_medical_center,1
Vaginoplasty Bk 14643,mymeditravel_regenerative_thailand,1
Vaginoplasty by EBOPRAS-Certified Surgeon— 4 Nights at 4★ Hotel with VIP Transfer,bookimed_longevity,1
Vaginoplasty by EBOPRAS-Certified Surgeon— 4 Nights at 4★ Hotel with VIP Transfer,bookimed_longevity_turkey,1
Vaginoplasty for Enhanced Comfort & Confidence — JCI-Accredited Hospital,bookimed_longevity_turkey,1
Vaginoplasty So8 1848,mymeditravel_chaum_medical_center,1
Vaginoplasty Tu2 1251,mymeditravel_regenerative_turkey,1
Varicose Veins Treatment Bk 13182,mymeditravel_regenerative_thailand,1
Vascular Imaging,world_longevity_clinics,1
Vascular Medicine Consultation So8 1875,mymeditravel_chaum_medical_center,1
Vascular Screening,world_longevity_clinics,1
Vasectomy Bk 13428,mymeditravel_regenerative_thailand,1
VASER 360° Liposuction + Tummy Tuck by EBOPRAS-Certified Surgeon,bookimed_longevity_korea,1
VASER Liposuction — 3 Areas by European Board-Certified Surgeon — All Included,bookimed_longevity,1
VASER Liposuction — 3 Areas by European Board-Certified Surgeon — All Included,bookimed_longevity_turkey,1
VASER Tummy Tuck with Diastasis Correction — 5 Nights at Hotel & VIP Transfer,bookimed_longevity_korea,1
Vaserliposuction So8 3902,mymeditravel_regenerative_southkorea,1
"Ventilation Tube (VT) Insertion, Unilateral",bookimed_longevity,1
"Ventilation Tube (VT) Insertion, Unilateral",bookimed_longevity_turkey,1
Videothoracoscopic Wedge Resection by Surgeon with 30+ Years of Experience,bookimed_longevity,1
Videothoracoscopic Wedge Resection by Surgeon with 30+ Years of Experience,bookimed_longevity_turkey,1
Virtual Colonoscopy,world_longevity_clinics,1
Vitamin Injections,biohacking_map,1
VO2max Testing (Ergospirometry),world_longevity_clinics,1
Waist Liposuction Bk 14642,mymeditravel_regenerative_thailand,1
Wait Liposuction So8 5930,mymeditravel_regenerative_southkorea,1
WAVi Brain EEG,biohacking_map,1
Wellness hotel,biohacking_map,1
Whipple Surgery at JCI-Accredited Hospital — Multi-Specialty Consultation Included,bookimed_longevity,1
Whipple Surgery at JCI-Accredited Hospital — Multi-Specialty Consultation Included,bookimed_longevity_turkey,1
"Whipple Surgery for Pancreatic Cancer by Surgeon with 1,100+ Procedures",bookimed_longevity,1
"Whipple Surgery for Pancreatic Cancer by Surgeon with 1,100+ Procedures",bookimed_longevity_turkey,1
Women's Health Check-up Ages 41-50 with Hormone Profile & Pap Smear,bookimed_longevity,1
Women's Health Check-up Ages 41-50 with Hormone Profile & Pap Smear,bookimed_longevity_thailand,1
Wrinkle Treatment Bk 14656,mymeditravel_regenerative_thailand,1
Wrinkle Treatment Pa 1559,mymeditravel_regenerative_thailand,1
Wrinkle Treatment Sp 1388,mymeditravel_regenerative_thailand,1
Yoga instructor,biohacking_map,1
🧠 Premium Package – Epilepsy Surgery Program in Barcelona,bookimed_longevity,1
