term,source_slug,occurrences
generic diagnostic,longevity_technology_clinics,124
cardiovascular,longevity_technology_clinics,122
food as medicine,longevity_technology_clinics,121
client portal,longevity_technology_clinics,115
hormones and regenerative,longevity_technology_clinics,114
immunity and allergy,longevity_technology_clinics,114
wearable integration,longevity_technology_clinics,112
brain health,longevity_technology_clinics,109
pharmaceutical,longevity_technology_clinics,109
cognitive,longevity_technology_clinics,108
holistic medicine,longevity_technology_clinics,104
on site lab,longevity_technology_clinics,104
diagnostic imaging,longevity_technology_clinics,96
Wellness center,biohacking_map,90
biohacking,longevity_technology_clinics,89
client app,longevity_technology_clinics,89
Medical clinic,biohacking_map,82
aesthetic management,longevity_technology_clinics,78
Physical Therapy,menu_enrichment,52
Acupuncture,menu_enrichment,43
Alternative medicine practitioner,biohacking_map,40
Medical Center,biohacking_map,39
Holistic medicine practitioner,biohacking_map,38
Health consultant,biohacking_map,33
Doctor,biohacking_map,30
Chiropractic Care,menu_enrichment,29
Laser Hair Removal,menu_enrichment,29
Naturopathic practitioner,biohacking_map,29
Microneedling,menu_enrichment,28
Individual Therapy,menu_enrichment,27
traditional chinese medicine tcm,longevity_technology_clinics,26
Lymphatic Drainage Massage,menu_enrichment,25
Massage Therapy,menu_enrichment,25
Medical spa,biohacking_map,25
Nutritionist,biohacking_map,25
Couples Therapy,menu_enrichment,24
Women's Health,menu_enrichment,24
Detox,medical_travel_market_longevity_programs,23
Longevity,medical_travel_market_longevity_programs,23
Pediatrics,menu_enrichment,23
Plastic Surgery,medical_travel_market_longevity_programs,23
Acupuncturist,biohacking_map,22
Medical Weight Loss,menu_enrichment,22
Plastic Surgery,gangnam_medical_tourism,22
Chemical Peels,menu_enrichment,21
Clean Market Membership - Annual,menu_enrichment,21
Clean Market Membership - Monthly,menu_enrichment,21
Health spa,biohacking_map,20
Pain management physician,biohacking_map,20
Plastic Surgery,placidway_antiaging_south_korea,20
Plastic Surgery,placidway_antiaging_turkey,20
Weight Loss,menu_enrichment,20
Anti-Aging,korea_health_pages_anti_aging_gangnam,19
Anti-Aging,korea_health_pages_iv_drip,19
Anti-Aging,placidway_antiaging_south_korea,19
Anti-Aging,placidway_antiaging_turkey,19
Cupping,menu_enrichment,19
Longevity,placidway_antiaging_south_korea,19
Plastic Surgery,placidway_antiaging_thailand,19
Sports Medicine,menu_enrichment,19
Swedish Massage,menu_enrichment,19
Trigger Point Injections,menu_enrichment,19
Wellness program,biohacking_map,19
Anti-Aging,korea_health_pages_prp_skin,18
Anti-Aging,korea_health_pages_rejuran,18
Anti-Aging,placidway_antiaging_thailand,18
Everyday and Preventative Care,menu_enrichment,18
IUD Insertion,menu_enrichment,18
Longevity,placidway_antiaging_turkey,18
Primary Care,menu_enrichment,18
Regenerative Medicine,menu_enrichment,18
Birth Control Counseling & Prescriptions,menu_enrichment,17
Mental Health - Mindset by One Medical,menu_enrichment,17
Occupational Therapy,menu_enrichment,17
Pain Management,menu_enrichment,17
Physical therapist,biohacking_map,17
Specialized clinic,biohacking_map,17
Sports medicine clinic,biohacking_map,17
Cell Energy Immunity,menu_enrichment,16
Dermaplaning,menu_enrichment,16
Hyperbaric medicine physician,biohacking_map,16
Longevity,placidway_antiaging_thailand,16
Medical office,biohacking_map,16
Online Therapy,menu_enrichment,16
Pre-Travel Recovery,menu_enrichment,16
Weight loss service,biohacking_map,16
Cupping Therapy,menu_enrichment,15
Graston Technique,menu_enrichment,15
Physical therapy clinic,biohacking_map,15
Anti-Aging,gangnam_medical_tourism,14
Dry Needling,menu_enrichment,14
Hair Restoration,menu_enrichment,14
Hypnotherapy,menu_enrichment,14
Kinesio Taping,menu_enrichment,14
Kybella,menu_enrichment,14
Manual Therapy,menu_enrichment,14
Massage therapist,biohacking_map,14
Menopause Care,menu_enrichment,14
Sports medicine physician,biohacking_map,14
Acupuncture clinic,biohacking_map,13
Colposcopy,menu_enrichment,13
PicoWay Tattoo Removal - PicoWay,menu_enrichment,13
Premarital Therapy,menu_enrichment,13
Reiki,menu_enrichment,13
Sculptra,menu_enrichment,13
Semaglutide,menu_enrichment,13
Vaccinations,menu_enrichment,13
Anti-Aging,mymeditravel_regenerative_thailand,12
Buddhist Psychotherapy,menu_enrichment,12
Compassion-Focused Therapy,menu_enrichment,12
Compression Therapy,menu_enrichment,12
Gestalt Therapy,menu_enrichment,12
Microdermabrasion,menu_enrichment,12
Plastic Surgery,placidway_stem_cell_thailand,12
Relationship Therapy,menu_enrichment,12
Skin care clinic,biohacking_map,12
Social Anxiety Therapy,menu_enrichment,12
Spinal Decompression,menu_enrichment,12
Consultation,menu_enrichment,11
Deep Tissue Massage,menu_enrichment,11
Erectile Dysfunction Treatment,menu_enrichment,11
Free Consultation,menu_enrichment,11
Hydrafacial,menu_enrichment,11
Internal Medicine,menu_enrichment,11
Joint Injections,menu_enrichment,11
Myofascial Release,menu_enrichment,11
Osteopath,biohacking_map,11
Pain control clinic,biohacking_map,11
Women's health clinic,biohacking_map,11
Back Pain Treatment,menu_enrichment,10
Dermatology,placidway_antiaging_south_korea,10
Myers' Cocktail - Hangovers,menu_enrichment,10
Niagen NR - Niagen NR,menu_enrichment,10
Orthopedic Physical Therapy,menu_enrichment,10
Physical Exam (Live Well Visit),menu_enrichment,10
Regenerative Medicine,placidway_antiaging_south_korea,10
Regenerative Medicine,placidway_antiaging_thailand,10
Spinal Cord Stimulation,menu_enrichment,10
Testosterone Therapy,menu_enrichment,10
Weight Loss Injections,menu_enrichment,10
Wound Care,menu_enrichment,10
Anti-Aging,placidway_stem_cell_thailand,9
Anxiety Treatment,menu_enrichment,9
Emergency Medical Records,menu_enrichment,9
Longevity,placidway_stem_cell_thailand,9
Osteoporosis Treatment & Prevention,menu_enrichment,9
Ozone Therapy,menu_enrichment,9
Plastic Surgery,placidway_stem_cell_turkey,9
Plastic Surgery,uniclinics_turkey_clinics,9
Prolotherapy,menu_enrichment,9
Regenerative Medicine,placidway_stem_cell_thailand,9
Telehealth,menu_enrichment,9
Therapeutic Exercise,menu_enrichment,9
Therapy Session,menu_enrichment,9
Tirzepatide,menu_enrichment,9
Ultrasound,menu_enrichment,9
Chinese medicine clinic,biohacking_map,8
Chiropractic,menu_enrichment,8
Concierge Medicine,menu_enrichment,8
Diabetes Management,menu_enrichment,8
Energy - B Vitamins,menu_enrichment,8
Facials,menu_enrichment,8
Fitness center,biohacking_map,8
Gastroenterology,menu_enrichment,8
Hair & Nails - Biotin,menu_enrichment,8
Lymphatic Drainage,menu_enrichment,8
Massage spa,biohacking_map,8
Medical group,biohacking_map,8
Peptides,menu_enrichment,8
RF Microneedling,menu_enrichment,8
Skin - Glutathione,menu_enrichment,8
Sports Massage,menu_enrichment,8
Therapeutic Massage,menu_enrichment,8
Urgent Care,menu_enrichment,8
ADHD Treatment,menu_enrichment,7
Cardiology,menu_enrichment,7
Chemical Peel,menu_enrichment,7
Dream Analysis,menu_enrichment,7
EEG Test,menu_enrichment,7
Energy,menu_enrichment,7
Epidural Steroid Injections,menu_enrichment,7
HGH Injection,menu_enrichment,7
Infusion Therapy,menu_enrichment,7
Knee Pain Treatment,menu_enrichment,7
Lab Services,menu_enrichment,7
Lip Enhancement - Quick Lips,menu_enrichment,7
Mineral Facial Sunscreen SPF 50,menu_enrichment,7
Moisturizing Cream,menu_enrichment,7
NAD+ Injections,menu_enrichment,7
Neck Pain Treatment,menu_enrichment,7
Personal trainer,biohacking_map,7
Radiesse,menu_enrichment,7
Reflexology,menu_enrichment,7
Rehabilitation center,biohacking_map,7
Sculptra - Sculptra,menu_enrichment,7
STD Testing,menu_enrichment,7
Stellate Ganglion Block,menu_enrichment,7
Telehealth Services,menu_enrichment,7
Tinted Facial Sunscreen SPF 50,menu_enrichment,7
Viscosupplementation,menu_enrichment,7
Allergy Testing,menu_enrichment,6
Anxiety Therapy,menu_enrichment,6
Blood testing service,biohacking_map,6
Body Sculpting,menu_enrichment,6
Child Therapy,menu_enrichment,6
Codependency Therapy,menu_enrichment,6
CoolSculpting,menu_enrichment,6
Counselor,biohacking_map,6
Craniosacral Therapy,menu_enrichment,6
Custom Orthotics,menu_enrichment,6
Deep Tissue,menu_enrichment,6
Depression Therapy,menu_enrichment,6
Depression Treatment,menu_enrichment,6
Dermatologist,biohacking_map,6
Dietitian Consultation,menu_enrichment,6
Dysport,menu_enrichment,6
Facial,menu_enrichment,6
Family Therapy,menu_enrichment,6
"Gynecology Office Visit - Non-Member, per visit",menu_enrichment,6
Herbalist,biohacking_map,6
HGH Therapy,menu_enrichment,6
IV Hydration,menu_enrichment,6
Joint Mobilization,menu_enrichment,6
Kyphoplasty,menu_enrichment,6
Laser Tattoo Removal,menu_enrichment,6
Laser therapy treatment,menu_enrichment,6
Life Transitions Therapy,menu_enrichment,6
Medical Weight Loss Program,menu_enrichment,6
Membership Registration Fee,menu_enrichment,6
MSC Stem Cell IV Infusion,menu_enrichment,6
Muscle Therapy,menu_enrichment,6
Myers' Cocktail,menu_enrichment,6
Neuropathy Treatment,menu_enrichment,6
"Ob-Gyn TeleVisit - Non-Member, per visit",menu_enrichment,6
"Offsite or Home Care Visit - Non-Member, per visit",menu_enrichment,6
Orthopedics,menu_enrichment,6
Ozone Therapy,medical_travel_market_longevity_programs,6
PDO Thread Lift,menu_enrichment,6
Pelvic Floor Therapy,menu_enrichment,6
Personal Training,menu_enrichment,6
Physical Exams (Live Well Visits),menu_enrichment,6
Podiatry,menu_enrichment,6
Postpartum & Women's Mental Health Therapy,menu_enrichment,6
Regenerative Medicine,placidway_antiaging_turkey,6
Shoulder Pain Treatment,menu_enrichment,6
Tattoo Removal,menu_enrichment,6
Telemedicine,menu_enrichment,6
Telemedicine Visit,menu_enrichment,6
Telemedicine Visit Copay,menu_enrichment,6
Testosterone Replacement Therapy,menu_enrichment,6
Trauma Therapy,menu_enrichment,6
Weight Loss Program,menu_enrichment,6
Xeomin,menu_enrichment,6
Alpha Lipoic Acid (ALA) IV Infusion,menu_enrichment,5
Annual Physicals,menu_enrichment,5
Anti-Aging,korea_health_pages_regenerative_medicine,5
Aromatherapy Massage,menu_enrichment,5
Chronic Care Management,menu_enrichment,5
Chronic Disease Management,menu_enrichment,5
Class Package,menu_enrichment,5
Coaching center,biohacking_map,5
Cognitive Behavioral Therapy (CBT),menu_enrichment,5
Colposcopies,menu_enrichment,5
Contrast Therapy,menu_enrichment,5
COVID-19 Testing,menu_enrichment,5
Dermatology,uniclinics_turkey_clinics,5
Detox,placidway_antiaging_thailand,5
Diagnostic center,biohacking_map,5
Endocrinologist,biohacking_map,5
Energy IV Drip,menu_enrichment,5
Facial and Cosmetic Injection Procedure Deposit,menu_enrichment,5
Family Medicine,menu_enrichment,5
Family practice physician,biohacking_map,5
Foot Reflexology,menu_enrichment,5
Foot Rub (Reflexology),menu_enrichment,5
Glutathione Injection,menu_enrichment,5
GP Consultation,menu_enrichment,5
Headache Treatment,menu_enrichment,5
Herbal Medicine,menu_enrichment,5
HydraFacial,menu_enrichment,5
Initial Consultation,menu_enrichment,5
Injectables,menu_enrichment,5
IPL Photofacial,menu_enrichment,5
IV Drips,menu_enrichment,5
Kybella - Kybella,menu_enrichment,5
Laser Genesis,menu_enrichment,5
Laser Therapy,menu_enrichment,5
Lash Lift,menu_enrichment,5
Longevity,placidway_stem_cell_turkey,5
Lymph drainage therapist,biohacking_map,5
Morpheus8,menu_enrichment,5
Nerve Blocks,menu_enrichment,5
Nutritional Counseling,menu_enrichment,5
Pediatric Physical Therapy,menu_enrichment,5
Peripheral Nerve Stimulation,menu_enrichment,5
Physical Exam,menu_enrichment,5
Plantar Fasciitis Treatment,menu_enrichment,5
Prescription Retinoids,menu_enrichment,5
Psychotherapist,biohacking_map,5
Sacroiliac Joint Injection,menu_enrichment,5
Scoliosis,menu_enrichment,5
Sexual Health,menu_enrichment,5
Signature Facial,menu_enrichment,5
Skin Tag Removal,menu_enrichment,5
Spinal Decompression Therapy,menu_enrichment,5
Sports Injury Treatment,menu_enrichment,5
Sports Performance,menu_enrichment,5
Stem Cell Hair Restoration,menu_enrichment,5
Stem Cell Joint Injection,menu_enrichment,5
"Telemedicine Visit - Non-Member, per televisit",menu_enrichment,5
Telomere Analysis,world_longevity_clinics,5
Therapeutic Exercises,menu_enrichment,5
Vestibular Rehabilitation,menu_enrichment,5
Vestibular Therapy,menu_enrichment,5
Vitamin & supplements store,biohacking_map,5
Wood Therapy,menu_enrichment,5
X-Ray,menu_enrichment,5
Yoga Therapy,menu_enrichment,5
Acne Treatment,menu_enrichment,4
Additional Maxillary Sinus Surgery (in addition to FESS),bookimed_longevity,4
Additional Maxillary Sinus Surgery (in addition to FESS),bookimed_longevity_turkey,4
Allergies,menu_enrichment,4
Anti-Aging,spannr,4
Aquatic Therapy,menu_enrichment,4
Asthma,menu_enrichment,4
Back Facial,menu_enrichment,4
Back Pain Relief,menu_enrichment,4
Blood Flow Restriction Therapy,menu_enrichment,4
Body Contouring,menu_enrichment,4
Body Contouring Treatment,menu_enrichment,4
Body Sculpt — Fat Destruction - Butt & Thighs,menu_enrichment,4
Body Sculpt — Fat Destruction - Stomach & Flanks,menu_enrichment,4
Body Tone — Muscle Tone - Butt & Thighs,menu_enrichment,4
Body Tone — Muscle Tone - Stomach & Flanks,menu_enrichment,4
Butt Cupping Package,menu_enrichment,4
Carotid Doppler,menu_enrichment,4
Cellulite Reduction Package,menu_enrichment,4
Chelation Therapy,menu_enrichment,4
Chiropractic Adjustments,menu_enrichment,4
Chiropractic Services,menu_enrichment,4
Chronic Pain Treatment,menu_enrichment,4
CO2 Laser,menu_enrichment,4
Cold & Flu Recovery Drip - Alleviate & Recover,menu_enrichment,4
Cold Laser Therapy,menu_enrichment,4
Cosmetic Treatments,menu_enrichment,4
Deep Tissue / Swedish,menu_enrichment,4
Dermatology,placidway_antiaging_thailand,4
Dermatology,placidway_stem_cell_turkey,4
Detox,placidway_antiaging_turkey,4
Detoxification,menu_enrichment,4
Doctor House Calls,menu_enrichment,4
EMG/NCS Test,menu_enrichment,4
Emsculpt Neo,menu_enrichment,4
Emsella,menu_enrichment,4
Energy Boost Drip - Energize & Elevate,menu_enrichment,4
Facet Joint Injections,menu_enrichment,4
Facial spa,biohacking_map,4
Gait Analysis,menu_enrichment,4
Glutathione IV,menu_enrichment,4
"Hair & Nails - Glutathione, Biotin",menu_enrichment,4
Hand Therapy,menu_enrichment,4
Hangover IV Drip,menu_enrichment,4
Hangover Recovery Drip - Renew & Recuperate,menu_enrichment,4
Hip Dip Package,menu_enrichment,4
Hydration Boost Drip - Hydrate & Replenish,menu_enrichment,4
Hydrotherapy,menu_enrichment,4
Hypertension,menu_enrichment,4
Hypertension Management,menu_enrichment,4
Immune Boost Drip - Protect & Enhance,menu_enrichment,4
Immunity or energy boost,menu_enrichment,4
Immunoglobulin Therapy,menu_enrichment,4
Individual Session,menu_enrichment,4
Initial Evaluation,menu_enrichment,4
Jejunostomy / Ileostomy Creation or Closure,bookimed_longevity,4
Jejunostomy / Ileostomy Creation or Closure,bookimed_longevity_turkey,4
Ketamine Therapy,menu_enrichment,4
Laser Skin Resurfacing,menu_enrichment,4
Lip Flip,menu_enrichment,4
Medical Massage,menu_enrichment,4
Medication Management,menu_enrichment,4
Men's health physician,biohacking_map,4
Mesotherapy,menu_enrichment,4
Migraine Cocktail Infusion,menu_enrichment,4
Moxibustion,menu_enrichment,4
NAD+ Injection,menu_enrichment,4
Neck Pain Relief,menu_enrichment,4
Neurological Consultation,menu_enrichment,4
NeuroScan,menu_enrichment,4
Niagen NR,menu_enrichment,4
Offsite or Home Care Visit - Non-Member,menu_enrichment,4
Orthopedic clinic,biohacking_map,4
Orthopedic Rehabilitation,menu_enrichment,4
Per Visit Care,menu_enrichment,4
Personal Training - Private 1 on 1,menu_enrichment,4
Physiatrist,biohacking_map,4
Physiotherapy,menu_enrichment,4
Pilates studio,biohacking_map,4
Platelet Rich Plasma,menu_enrichment,4
Post-Operative Rehabilitation,menu_enrichment,4
Pre-Employment Physicals,menu_enrichment,4
Prenatal Massage,menu_enrichment,4
Psychiatrist,biohacking_map,4
Radiofrequency Ablation,menu_enrichment,4
Regenerative Therapy,menu_enrichment,4
Robot-Assisted Lung Resection with Mediastinal Lymph Node Dissection,bookimed_longevity,4
Robot-Assisted Lung Resection with Mediastinal Lymph Node Dissection,bookimed_longevity_turkey,4
Sciatica Treatment,menu_enrichment,4
Selective Nerve Root Block (per level),bookimed_longevity,4
Selective Nerve Root Block (per level),bookimed_longevity_turkey,4
Sexual Health Treatments,menu_enrichment,4
Shingles Treatment at Home,menu_enrichment,4
Sinus Infection Treatment at Home,menu_enrichment,4
Skin - B Vitamins,menu_enrichment,4
Sofwave,menu_enrichment,4
Somatic Therapy Session,menu_enrichment,4
Sports Rehabilitation,menu_enrichment,4
Spravato Treatment - Esketamine,menu_enrichment,4
Stomach Flu Recovery Drip - Calm & Mend,menu_enrichment,4
Taster Session,menu_enrichment,4
TCD Test,menu_enrichment,4
Teeth Whitening,menu_enrichment,4
Telehealth Consultations,menu_enrichment,4
Testosterone Creams,menu_enrichment,4
The Light System Package,menu_enrichment,4
Therapeutic Ultrasound,menu_enrichment,4
Thread Lift,menu_enrichment,4
TMS Therapy,menu_enrichment,4
Transcranial Magnetic Stimulation (TMS),menu_enrichment,4
Traumatic Brain Injury Treatment,menu_enrichment,4
Trigger Point Needling,menu_enrichment,4
Trigger Point Therapy,menu_enrichment,4
Ultrasound Therapy,menu_enrichment,4
Vampire Facial,menu_enrichment,4
Venus Freeze — Skin Tightening - Butt & Thighs,menu_enrichment,4
Venus Freeze — Skin Tightening - Face,menu_enrichment,4
Venus Freeze — Skin Tightening - Stomach & Flanks,menu_enrichment,4
Vertebroplasty,menu_enrichment,4
Vitamin B12 Injection,menu_enrichment,4
Vitamin B12 Injections,menu_enrichment,4
Vitamin Injections,menu_enrichment,4
Wellness Care,menu_enrichment,4
30 Minute Express Facial with Enzyme Exfoliation,menu_enrichment,3
3D Body Scan,menu_enrichment,3
6-Step Neuropathy Program,menu_enrichment,3
9-Step Knee Renewal Program,menu_enrichment,3
Acne Treatments,menu_enrichment,3
ADHD Diagnosis,menu_enrichment,3
AI-Powered Diagnostics,world_longevity_clinics,3
Alpha-1 Therapy,menu_enrichment,3
AlterG Anti-Gravity Treadmill,menu_enrichment,3
AMPA Receptor Modulation,menu_enrichment,3
Ankle Pain Treatment,menu_enrichment,3
Annual Physical Exam,menu_enrichment,3
Annual Physical Exams,menu_enrichment,3
Anti-Aging,placidway_stem_cell_turkey,3
Anti-Aging Treatment & Labs,menu_enrichment,3
Anti-Inflammatory Therapy,menu_enrichment,3
Arthritis Treatment,menu_enrichment,3
Asthma Treatment,menu_enrichment,3
Athlete Recovery IV,menu_enrichment,3
B12 Injections,menu_enrichment,3
Back Pain,menu_enrichment,3
Balance and Falls,menu_enrichment,3
Biofeedback therapist,biohacking_map,3
Bioidentical Hormone Replacement,menu_enrichment,3
Biotechnology company,biohacking_map,3
Birth Control,menu_enrichment,3
Body Care,menu_enrichment,3
Body Contouring - UPKEEP Upgrade,menu_enrichment,3
Bone Density Testing,menu_enrichment,3
BPC-157 Therapy,menu_enrichment,3
Bracing,menu_enrichment,3
Breast Oncology Rehabilitation,menu_enrichment,3
Cancellation or No-Show Fee,menu_enrichment,3
Car Accident Doctor,menu_enrichment,3
Cardiovascular Screening,world_longevity_clinics,3
Cartilage Restoration,menu_enrichment,3
CBD Massage,menu_enrichment,3
Chiropractor,biohacking_map,3
Chronic Fatigue Diagnosis,menu_enrichment,3
Chronic Migraine Treatment,menu_enrichment,3
Complex Regional Pain Syndrome Treatment,menu_enrichment,3
Comprehensive Neurocognitive Evaluation,menu_enrichment,3
Concierge Neurology,menu_enrichment,3
"Concierge Obstetrics Office Visit - Non-Member (incl 1 Fetal Ultrasound at Imaging Center for 1st Trimester), per visit",menu_enrichment,3
Concussion Treatment,menu_enrichment,3
Coolsculpting,menu_enrichment,3
Cosmetic Injections,menu_enrichment,3
Couple Massage,menu_enrichment,3
Couples massage with Hotstone and Aromatherapy,menu_enrichment,3
Couples Therapy - per session,menu_enrichment,3
Covid & Strep Rapid Tests,menu_enrichment,3
COVID Recovery,menu_enrichment,3
COVID Testing,menu_enrichment,3
COVID-19 PCR Test - Molecular PCR,menu_enrichment,3
Cystocele or Rectocele Repair,bookimed_longevity,3
Cystocele or Rectocele Repair,bookimed_longevity_turkey,3
Deep Cleansing Facial,menu_enrichment,3
Dermaplane,menu_enrichment,3
Dermatology,placidway_antiaging_turkey,3
Dermatology,placidway_stem_cell_thailand,3
Detox,placidway_stem_cell_thailand,3
Diabetes,menu_enrichment,3
Diagnostic Testing,menu_enrichment,3
Diagnostic Ultrasound,menu_enrichment,3
Dizziness Diagnosis,menu_enrichment,3
Drug Screening and Toxicology,menu_enrichment,3
Dry Needling Therapy,menu_enrichment,3
Dysport - Dysport,menu_enrichment,3
Ear and Nasal Insufflation Therapy,menu_enrichment,3
Ear Candling,menu_enrichment,3
EBOO Ozone Dialysis Therapy,menu_enrichment,3
Echocardiogram,menu_enrichment,3
EKG,menu_enrichment,3
Elbow Pain Treatment,menu_enrichment,3
Electrocardiogram (ECG),menu_enrichment,3
Electroencephalogram (EEG) Test,menu_enrichment,3
Electromagnetic Pelvic Floor Therapy,menu_enrichment,3
Electromyography Test,menu_enrichment,3
Electronystagmography (ENG) Test,menu_enrichment,3
EMG Test,menu_enrichment,3
Enclomiphene Therapy,menu_enrichment,3
Endocrinology,menu_enrichment,3
Energy IV,menu_enrichment,3
Exercise For Chronic Diseases,menu_enrichment,3
Exosomes,menu_enrichment,3
Extra Large Laser Hair Removal,menu_enrichment,3
Facelift,menu_enrichment,3
Facet Joint Injection,menu_enrichment,3
Facial Treatment,menu_enrichment,3
Facial Treatments,menu_enrichment,3
Fall Prevention,menu_enrichment,3
"Fam Membership - Individual - Direct Primary Care for Adults and Children, per month",menu_enrichment,3
"Fam Membership - Individual - Direct Primary Care for Adults and Children, per month (annual contract: $1800)",menu_enrichment,3
Family Session,menu_enrichment,3
Fertility clinic,biohacking_map,3
Fertility physician,biohacking_map,3
First-time patient visit,menu_enrichment,3
Fit for Duty Evaluations,menu_enrichment,3
Flu & Respiratory Testing,menu_enrichment,3
Flu Shots,menu_enrichment,3
Follow Up Consultation,menu_enrichment,3
Foot Massage,menu_enrichment,3
Functional Dry Needling,menu_enrichment,3
General practitioner,biohacking_map,3
Gift Card,menu_enrichment,3
Gift Card for Services & Classes,menu_enrichment,3
Glow & Youth IV,menu_enrichment,3
Glutathione,menu_enrichment,3
Glutathione Injections,menu_enrichment,3
Gout Treatment,menu_enrichment,3
Grief Counseling,menu_enrichment,3
Gua Sha,menu_enrichment,3
Gym,biohacking_map,3
Gynecology,menu_enrichment,3
Gynecology Office Visit - Non-Member,menu_enrichment,3
Gynecology Office Visit - Non-Member - per visit,menu_enrichment,3
Hair Loss Treatment,menu_enrichment,3
HALO Laser,menu_enrichment,3
Hangover Recovery IV,menu_enrichment,3
HCG Therapy,menu_enrichment,3
Head Therapy,menu_enrichment,3
Headaches & Migraines,menu_enrichment,3
Health and beauty shop,biohacking_map,3
Health counselor,biohacking_map,3
Hemophilia Therapy,menu_enrichment,3
Hemorrhoidal Artery Ligation / THD (Transanal Hemorrhoidal Dearterialization),bookimed_longevity,3
Hemorrhoidal Artery Ligation / THD (Transanal Hemorrhoidal Dearterialization),bookimed_longevity_turkey,3
HGH,menu_enrichment,3
High Cholesterol,menu_enrichment,3
Hip Pain Treatment,menu_enrichment,3
Homeopath,biohacking_map,3
Hot Stone Massage,menu_enrichment,3
House Calls,menu_enrichment,3
Hydration IV,menu_enrichment,3
Hypoxic Therapy,menu_enrichment,3
Immigration Physicals,menu_enrichment,3
Immune IV,menu_enrichment,3
Immunizations,menu_enrichment,3
Immunizations and Titers,menu_enrichment,3
In-Home Physical Therapy,menu_enrichment,3
InBody Scan,menu_enrichment,3
Independent Medical Examination,menu_enrichment,3
Individual Psychotherapy,menu_enrichment,3
Individual Therapy - per session,menu_enrichment,3
Infraslim Weight Loss Therapy,menu_enrichment,3
Ingrown Toenail Treatment,menu_enrichment,3
Injury Prevention,menu_enrichment,3
Internist,biohacking_map,3
IV Methylene Blue,menu_enrichment,3
Jeuveau,menu_enrichment,3
Ketamine Infusion,menu_enrichment,3
Ketamine-Assisted Virtual Reality Therapy,menu_enrichment,3
Knee Pain,menu_enrichment,3
KYBELLA - KYBELLA®,menu_enrichment,3
Lab Testing,menu_enrichment,3
Lab Testing at Home,menu_enrichment,3
Lab Work,menu_enrichment,3
Labiaplasty,menu_enrichment,3
Laboratory Services,menu_enrichment,3
Laboratory Testing,menu_enrichment,3
Laparoscopic Cholecystectomy (Robotic Surgery),bookimed_longevity,3
Laparoscopic Cholecystectomy (Robotic Surgery),bookimed_longevity_turkey,3
Laparoscopic Myomectomy (Robotic Surgery),bookimed_longevity,3
Laparoscopic Myomectomy (Robotic Surgery),bookimed_longevity_turkey,3
Laser Consultation,menu_enrichment,3
Laser Hair Reduction,menu_enrichment,3
Laser Hair Removal - Back,menu_enrichment,3
Laser Hair Removal - Bikini,menu_enrichment,3
Laser Hair Removal - Brazilian,menu_enrichment,3
Laser Hair Removal - Chest,menu_enrichment,3
Laser Hair Removal - Chin,menu_enrichment,3
Laser Hair Removal - Chin + Upper Lip,menu_enrichment,3
Laser Hair Removal - Full Beard,menu_enrichment,3
Laser Hair Removal - Full Legs (both),menu_enrichment,3
Laser Hair Removal - Half Leg (both),menu_enrichment,3
Laser Hair Removal - Jawline (includes chin),menu_enrichment,3
Laser Hair Removal - Neck,menu_enrichment,3
Laser Hair Removal - Sideburns/Cheeks,menu_enrichment,3
Laser Hair Removal - Under Arms (both),menu_enrichment,3
Laser Hair Removal - Upper Lip,menu_enrichment,3
Laser Skin Rejuvenation,menu_enrichment,3
Laser therapy treatment - Lumix Q Super Pulse Laser,menu_enrichment,3
Lip Enhancement - Full Syringes,menu_enrichment,3
Lipo Cavitation w/ Wood Therapy Package,menu_enrichment,3
Liposuction,menu_enrichment,3
Lumbar Epidural Steroid Injection,menu_enrichment,3
Lymphatic Wood Therapy,menu_enrichment,3
Lymphedema Therapy,menu_enrichment,3
Lymphedema Treatment,menu_enrichment,3
Massage,menu_enrichment,3
Masseter Treatment - Xeomin or Jeuveau,menu_enrichment,3
"Masseter Treatment - Xeomin or Jeuveau, Unlimited units in Masseter muscle",menu_enrichment,3
Medial Branch Block,menu_enrichment,3
Medical Abortion - Non-Member - per televisit,menu_enrichment,3
Medical Clearance and Documentation,menu_enrichment,3
Medical Facials,menu_enrichment,3
Melasma Treatment,menu_enrichment,3
Mental Health,menu_enrichment,3
Mental health clinic,biohacking_map,3
Migraines,menu_enrichment,3
MLS Laser Therapy,menu_enrichment,3
Myers Cocktail IV,menu_enrichment,3
NAD+ Infusion,menu_enrichment,3
Neck Lift,menu_enrichment,3
Nerve Conduction (NCV) Test,menu_enrichment,3
Neurofeedback,menu_enrichment,3
Neurological Rehabilitation,menu_enrichment,3
Neurostimulation,menu_enrichment,3
New Patient Consultation,menu_enrichment,3
New Patient Exam and Report of Findings,menu_enrichment,3
Nursing Services,menu_enrichment,3
Ob-Gyn TeleVisit - Non-Member,menu_enrichment,3
Ob-Gyn TeleVisit - Non-Member - per visit,menu_enrichment,3
Obstetrics Membership - 10 months - pre and post pregnancy,menu_enrichment,3
Offsite or Home Care Visit - Non-Member - per visit,menu_enrichment,3
Oncology Rehabilitation,menu_enrichment,3
Orthotics,menu_enrichment,3
Osteoarthritis Treatment,menu_enrichment,3
Ozone Therapy,world_longevity_clinics,3
Parent Consultation,menu_enrichment,3
Parent Training,menu_enrichment,3
Parkinson’s Rehab,menu_enrichment,3
PCOS Treatment,menu_enrichment,3
Pediatric Rehab,menu_enrichment,3
Pediatric Therapy,menu_enrichment,3
Pelvic Floor Rehabilitation,menu_enrichment,3
Perineural Injection Therapy (PIT),menu_enrichment,3
Personal Training - Semi Private,menu_enrichment,3
Pharmacological Intervention,menu_enrichment,3
Physical fitness program,biohacking_map,3
Physical Rehabilitation,menu_enrichment,3
Pico Laser,menu_enrichment,3
Pilates,menu_enrichment,3
Platelet-Rich Plasma,menu_enrichment,3
"Posterior Cervical (C3–C7) Decompression, Fixation and Graft Placement",bookimed_longevity,3
Pre natal massage or Post natal massage,menu_enrichment,3
Pregnancy Massage,menu_enrichment,3
Prescription Refills,menu_enrichment,3
Pressotherapy (Body Ballancer),menu_enrichment,3
Primary Care Office Visit - Non-Member,menu_enrichment,3
Primary Care Office Visit - Non-Member - per visit,menu_enrichment,3
"Primary Care Office Visit - Non-Member, per office visit",menu_enrichment,3
"Primary Care Office Visit - Non-Member, per visit",menu_enrichment,3
Private STD Testing,menu_enrichment,3
Processing Fee,menu_enrichment,3
Psoriasis Treatment,menu_enrichment,3
Psychological Assessment,menu_enrichment,3
Public medical center,biohacking_map,3
Pulmonology Therapy,menu_enrichment,3
Radiesse - Radiesse,menu_enrichment,3
Radiofrequency Ablations,menu_enrichment,3
Recertification Testing,menu_enrichment,3
Regenerative Medicine,placidway_stem_cell_turkey,3
Resting Metabolic Rate (RMR),menu_enrichment,3
Return to Sport,menu_enrichment,3
RF Skin Tightening,menu_enrichment,3
Rheumatoid Arthritis Treatment,menu_enrichment,3
RMR Test,menu_enrichment,3
Rock Spa Signature massage with Hotstone and Aromatherapy,menu_enrichment,3
Sciatic Nerve Treatment,menu_enrichment,3
Sciatica,menu_enrichment,3
Sclerotherapy,menu_enrichment,3
Semaglutide (GLP-1 RA),menu_enrichment,3
Semaglutide Weight Loss,menu_enrichment,3
Sermorelin Therapy,menu_enrichment,3
Shockwave + Laser,menu_enrichment,3
Shoulder Pain,menu_enrichment,3
Sick Visits,menu_enrichment,3
Skin Care,menu_enrichment,3
Skin Tightening,menu_enrichment,3
Skinvive,menu_enrichment,3
Sleep Disorder Treatment,menu_enrichment,3
Sleep Medicine,menu_enrichment,3
Slip and Fall Injury Relief,menu_enrichment,3
SLU-PP-332 Therapy,menu_enrichment,3
SoftWave Therapy,menu_enrichment,3
Somatic Experiencing Sessions,menu_enrichment,3
Spa and health club,biohacking_map,3
Specialty Infusion Therapies,menu_enrichment,3
Sports Injuries Treatment,menu_enrichment,3
Sports Physical Therapy,menu_enrichment,3
Sports Physicals,menu_enrichment,3
Sports Rehab,menu_enrichment,3
Sports Therapy,menu_enrichment,3
Standard Facelift,bookimed_longevity,3
Stellate Ganglion Block (SGB) for PTSD,menu_enrichment,3
Stem Cell Treatment,menu_enrichment,3
Supportive Injectables,menu_enrichment,3
Sylfirm X,menu_enrichment,3
TB Renewals,menu_enrichment,3
TB Testing and Chest X-Ray,menu_enrichment,3
TB-500 Therapy,menu_enrichment,3
Teen Therapy,menu_enrichment,3
Teens Therapy,menu_enrichment,3
Telehealth Visit,menu_enrichment,3
Telemedicine Visit - Non-Member,menu_enrichment,3
Teletherapy,menu_enrichment,3
Testosterone Pellets,menu_enrichment,3
Testosterone Replacement Therapy (TRT),menu_enrichment,3
Thai Massage,menu_enrichment,3
Tirzepatide (GIP/GLP-1 RA),menu_enrichment,3
TMJ / TMD Therapy,menu_enrichment,3
Trauma/PTSD Treatment,menu_enrichment,3
Travel Medicine,menu_enrichment,3
Ultherapy,menu_enrichment,3
UPKEEP Upgrade - Single Session,menu_enrichment,3
Urgent Care at Home,menu_enrichment,3
USCIS I-693 Immigration Physicals,menu_enrichment,3
Vaccine Updates,menu_enrichment,3
Vampire Facelift,menu_enrichment,3
Vertiflex,menu_enrichment,3
Video Movement Analysis,menu_enrichment,3
Videonystagmography (VNG) Test,menu_enrichment,3
"Vision, Vestibular and Balance Therapy",menu_enrichment,3
Vitalis Health Program,menu_enrichment,3
Whiplash Injury Treatment,menu_enrichment,3
Whole Body Vibration,menu_enrichment,3
"Women's Health Bundle - GYN; Primary Care; Urgent Care, annual contract ($11/day)",menu_enrichment,3
"Women's Health Bundle - GYN; Primary Care; Urgent Care, annually",menu_enrichment,3
Women's Health Services,menu_enrichment,3
Workplace Injury Treatment,menu_enrichment,3
Wrinkle Treatment - Xeomin or Jeuveau,menu_enrichment,3
"Wrinkle Treatment - Xeomin or Jeuveau, Unlimited units in 3 FDA-approved areas",menu_enrichment,3
"Wrinkle Treatment Bundle - 3x Wrinkle Treatments, 3 treatments",menu_enrichment,3
X-ray,menu_enrichment,3
X-rays,menu_enrichment,3
X-Rays,menu_enrichment,3
XERF Skin Tightening,menu_enrichment,3
Yoga,menu_enrichment,3
10 Session Package,menu_enrichment,2
1:1 ABA Therapy,menu_enrichment,2
24/7 Telemedicine Access,menu_enrichment,2
A.D.P. (Oregano Oil),menu_enrichment,2
ABA Workshops,menu_enrichment,2
Absorbable Curcumin - 60 Capsules,menu_enrichment,2
Accelerated Treatment Protocols,menu_enrichment,2
"Acetyl-L-Carnitine - 500mg, 100 capsules",menu_enrichment,2
Acid Repair - 60 Tablets,menu_enrichment,2
ACL Orthopedic Surgery,menu_enrichment,2
Acne Facial,menu_enrichment,2
Acne Scar/Scar Revision,menu_enrichment,2
Acne Treatment - Body,menu_enrichment,2
Acne Treatment - Face,menu_enrichment,2
ACR Gentle Iron - 120 Tablets,menu_enrichment,2
ACR Melatonin 3mg - 60 Tablets,menu_enrichment,2
ACR Melatonin CR 10mg - 90 Tablets,menu_enrichment,2
ACR Men's Hoodie,menu_enrichment,2
ACR Unisex Joggers,menu_enrichment,2
ACR Women's Hoodie,menu_enrichment,2
Active Release Technique,menu_enrichment,2
Acupuncture and Dry Needling,menu_enrichment,2
Acupuncture Follow Up,menu_enrichment,2
Acupuncture Initial Visit,menu_enrichment,2
Acupuncture Treatment,menu_enrichment,2
Adreset - 60 Capsules,menu_enrichment,2
Advanced Anti-Aging Treatment,menu_enrichment,2
Advanced Imaging,world_longevity_clinics,2
Advanced Lab Testing,menu_enrichment,2
Advanced Skin Treatments,menu_enrichment,2
Advanced Wound Care,menu_enrichment,2
AI Coronary Plaque Characterization,menu_enrichment,2
"Alchemy: Cacao, Holotropic Breathwork, Meditation and Sound Bath",menu_enrichment,2
Allergies Treatment,menu_enrichment,2
Allergist,biohacking_map,2
Allergy Relief,menu_enrichment,2
Alleviate,menu_enrichment,2
Alpha Lipoic Acid (ALA) IM Shot,menu_enrichment,2
Amniotic Membrane Injections for Achilles Tendinitis,menu_enrichment,2
Annual Live Well Visit (Physical Exam),menu_enrichment,2
Annual Physical,menu_enrichment,2
Anti-Aging,immortality_clinic,2
Anti-Aging,korea_health_pages_stem_cell,2
Anti-Aging,medical_travel_market_longevity_programs,2
Anti-Aging,mymeditravel_regenerative_southkorea,2
Anti-Aging,mymeditravel_regenerative_turkey,2
Anti-Aging,placidway_stem_cell_south_korea,2
Anti-Aging Facial,menu_enrichment,2
Applied Kinesiology,menu_enrichment,2
Aqua Gold,menu_enrichment,2
Aquagold Microneedling,menu_enrichment,2
Arthritis Center of Riverside Gift Card,menu_enrichment,2
Arthroscopic Partial Meniscectomy of the Knee,bookimed_longevity,2
Arthroscopic Partial Meniscectomy of the Knee,bookimed_longevity_turkey,2
Arthroscopy,menu_enrichment,2
Association / Organization,biohacking_map,2
At-Home Sleep Testing,menu_enrichment,2
Athlete's Massage Package,menu_enrichment,2
ATP Fuel - 150 Capsules,menu_enrichment,2
Auricular Acupuncture,menu_enrichment,2
Auto Accident Injury Treatment,menu_enrichment,2
Auto Injury,menu_enrichment,2
Auto Injury Treatment,menu_enrichment,2
B12,menu_enrichment,2
B12 Injection,menu_enrichment,2
Balance Therapy,menu_enrichment,2
Balanced C,menu_enrichment,2
Bariatric Physical Therapy,menu_enrichment,2
Behavior Support Services,menu_enrichment,2
Belotero,menu_enrichment,2
Best Garlic,menu_enrichment,2
Beta Glucan - 30 Capsules,menu_enrichment,2
Beta Glucan Forte - 60 Capsules,menu_enrichment,2
Bio-Energy Healing,menu_enrichment,2
Bio-Identical Hormones,menu_enrichment,2
Biofeedback,menu_enrichment,2
Biorepeel,menu_enrichment,2
Birth Trauma Recovery,menu_enrichment,2
Blood Fatty Acid Balance,menu_enrichment,2
Blood Flow Restriction,menu_enrichment,2
Blood Flow Restriction Training,menu_enrichment,2
Blood Multi-Cancer Early Detection Test,menu_enrichment,2
Blood Work,menu_enrichment,2
Body Composition Scan,menu_enrichment,2
Body Composition Scan and Consultation,menu_enrichment,2
Body Composition Scan — No Consultation,menu_enrichment,2
Body Composition Scans,menu_enrichment,2
Body Enhancer Package,menu_enrichment,2
Body Massage - Includes Hot Stones,menu_enrichment,2
Body Peel,menu_enrichment,2
Body Sculpt — Fat Destruction - Butt & Thighs — Package of 4,menu_enrichment,2
Body Sculpt — Fat Destruction - Butt & Thighs — Single,menu_enrichment,2
"Body Sculpt — Fat Destruction - Butt & Thighs, Single",menu_enrichment,2
Body Sculpt — Fat Destruction - Stomach & Flanks — Package of 4,menu_enrichment,2
Body Sculpt — Fat Destruction - Stomach & Flanks — Single,menu_enrichment,2
"Body Sculpt — Fat Destruction - Stomach & Flanks, Single",menu_enrichment,2
Body Tone — Muscle Tone - Butt & Thighs — Package of 4,menu_enrichment,2
Body Tone — Muscle Tone - Butt & Thighs — Single,menu_enrichment,2
"Body Tone — Muscle Tone - Butt & Thighs, Single",menu_enrichment,2
Body Tone — Muscle Tone - Stomach & Flanks — Package of 4,menu_enrichment,2
Body Tone — Muscle Tone - Stomach & Flanks — Single,menu_enrichment,2
"Body Tone — Muscle Tone - Stomach & Flanks, Single",menu_enrichment,2
Body Treatments,menu_enrichment,2
Bone Builder - 90 Tablets,menu_enrichment,2
Bone Builder Prime - 270 Tablets,menu_enrichment,2
Bone Builder with Boron - 270 Tablets,menu_enrichment,2
Bone Support - 120 Capsules,menu_enrichment,2
BPC-157,menu_enrichment,2
Brain Rejuvenation,menu_enrichment,2
Brazilian,menu_enrichment,2
Brazilian Waxing,menu_enrichment,2
Breath Is Life Method,menu_enrichment,2
Breathing Therapy,menu_enrichment,2
Breathwork,menu_enrichment,2
Bride-to-Be Package,menu_enrichment,2
Brow Lift,menu_enrichment,2
Bunions Treatment,menu_enrichment,2
Candibactin-BR - 90 Tablets,menu_enrichment,2
Car Accident Injury Treatment,menu_enrichment,2
Carbon Laser Facial,menu_enrichment,2
Cardiovascular Health,menu_enrichment,2
Care Management,menu_enrichment,2
Carpal Tunnel Syndrome,menu_enrichment,2
Carpal Tunnel Syndrome Treatment,menu_enrichment,2
Cell Energy Immunity IV Drip,menu_enrichment,2
Cellulite Reduction,menu_enrichment,2
Cellulite Treatment,menu_enrichment,2
Celluma Light Therapy Session - Free session for lifestyle nutrition counseling,menu_enrichment,2
Celtic Salt - 125g Bag,menu_enrichment,2
Certified Manual Therapy,menu_enrichment,2
Chinese Herbs,menu_enrichment,2
Cholarest SC - 60 Tablets,menu_enrichment,2
Cholesterol Management,menu_enrichment,2
Chronic Condition Acupuncture,menu_enrichment,2
Chronic Condition Care,menu_enrichment,2
"Clarity + Focus Infusion - ALA, B6, Taurine",menu_enrichment,2
Clean Market Membership,menu_enrichment,2
Clear + Brilliant,menu_enrichment,2
Coaching,menu_enrichment,2
Coaching service,biohacking_map,2
Cognitive Assessment,world_longevity_clinics,2
Cognitive Behavioral Therapy,menu_enrichment,2
Cold & Flu Recovery Drip,menu_enrichment,2
Collagenics - 180 Tablets,menu_enrichment,2
Colon Hydrotherapy,menu_enrichment,2
Colon Support - 60 Softgels,menu_enrichment,2
Complete Health Package,menu_enrichment,2
Complimentary Consultation,menu_enrichment,2
Comprehensive Neuropathy Assessment,menu_enrichment,2
Computed tomography - CT scan,menu_enrichment,2
"Concierge Obstetrics Office Visit - Non-Member, includes 1 Fetal Ultrasound at Imaging Center for 1st Trimester",menu_enrichment,2
"Concierge Obstetrics Office Visit - Non-Member, includes 1 Fetal Ultrasound at Imaging Center for 1st Trimester, per OBGYN visit",menu_enrichment,2
Concierge Physical Therapy,menu_enrichment,2
Concussion – Return to Play/Activity,menu_enrichment,2
Consciousness Therapy,menu_enrichment,2
Continuous Glucose Monitoring,menu_enrichment,2
Coordinated Specialist Care,menu_enrichment,2
CoQ10 CF 100 Plus Omega - 60 Capsules,menu_enrichment,2
CoQ10 CF 50 Plus Omega - 120 Capsules,menu_enrichment,2
Cord Blood + Cord Tissue + Placenta - 20 Year Cryostorage (Monthly),menu_enrichment,2
Cord Blood + Cord Tissue + Placenta - 20 Year Cryostorage (Upfront),menu_enrichment,2
Cord Blood + Cord Tissue + Placenta - Lifetime Cryostorage (Monthly),menu_enrichment,2
Cord Blood + Cord Tissue + Placenta - Lifetime Cryostorage (Upfront),menu_enrichment,2
Corrective Exercises,menu_enrichment,2
Corticosteroid Injections,menu_enrichment,2
Coughs & colds,menu_enrichment,2
Couple and Family Therapy Session,menu_enrichment,2
Couple Therapy,menu_enrichment,2
Couple's Massage,menu_enrichment,2
Couples Duet Package,menu_enrichment,2
Couples Massage - Swedish or Deep Tissue,menu_enrichment,2
COVID 19 Early Treatment Protocols,menu_enrichment,2
COVID-19 PCR Test,menu_enrichment,2
COVID-19 Rapid Antigen Test,menu_enrichment,2
COVID-19 Rapid Antigen Test - BD Veritor System,menu_enrichment,2
COVID-19 Rapid Test In-Office Visit,menu_enrichment,2
COVID-19 Rapid Test Virtual Visit,menu_enrichment,2
Cranial Osteopathy,menu_enrichment,2
CT Coronary Angiography,menu_enrichment,2
CT Coronary Artery Calcium Score,menu_enrichment,2
Cupping Massage,menu_enrichment,2
CurcuminXtend,menu_enrichment,2
Custom Facial,menu_enrichment,2
Customized Chemical Peel,menu_enrichment,2
Customized Infusion Therapy,menu_enrichment,2
Cuts & wounds,menu_enrichment,2
Cystorectocele Repair,bookimed_longevity,2
Cystorectocele Repair,bookimed_longevity_turkey,2
D 5000 - 90 Softgels,menu_enrichment,2
Daxxify,menu_enrichment,2
Daxxify - Daxxify,menu_enrichment,2
Day Pass,menu_enrichment,2
Day spa,biohacking_map,2
Debridement,menu_enrichment,2
Deep Blue Deep Tissue Massage,menu_enrichment,2
Deep Tissue Laser Therapy,menu_enrichment,2
Degenerative Disc Disease Treatment,menu_enrichment,2
Dental x-ray (OPG),menu_enrichment,2
Dermaplaning Facial,menu_enrichment,2
Dermatology,menu_enrichment,2
Diabetes center,biohacking_map,2
Diabetes Treatment,menu_enrichment,2
Diabetic Foot Care,menu_enrichment,2
Diabetic Foot Ulcer Treatment,menu_enrichment,2
Dialysis,menu_enrichment,2
Diet and Nutrition,menu_enrichment,2
Dietitian,biohacking_map,2
Dietitian Follow-Up,menu_enrichment,2
Discography,menu_enrichment,2
Discovery Call,menu_enrichment,2
Disease Management,menu_enrichment,2
"Distance Healing Session - with asha, 90 min",menu_enrichment,2
DNA Testing,menu_enrichment,2
DOT Physical Exam,menu_enrichment,2
DOT Physicals,menu_enrichment,2
Double Chin Removal,menu_enrichment,2
Dysport - Dysport®,menu_enrichment,2
Eating Disorder Treatment,menu_enrichment,2
Eating Disorders in Athletes or Adolescents Treatment,menu_enrichment,2
EBOO /F (Apheresis),menu_enrichment,2
Eczema Treatment,menu_enrichment,2
ED Treatment,menu_enrichment,2
EKGs,menu_enrichment,2
Electrical Muscle Stimulation,menu_enrichment,2
Electroacupuncture,menu_enrichment,2
Electrocardiogram (EKG),menu_enrichment,2
Electrolysis,menu_enrichment,2
Electromyography (EMG),menu_enrichment,2
EMDR Consultation,menu_enrichment,2
EMDR Therapy,menu_enrichment,2
EMDR Treatment,menu_enrichment,2
Emotional Release,menu_enrichment,2
Employment Physicals,menu_enrichment,2
EmSculpt,menu_enrichment,2
Emsculpt,menu_enrichment,2
EmSculpt Body Sculpting Package,menu_enrichment,2
Emsculpt NEO,menu_enrichment,2
Enclomiphene,menu_enrichment,2
Endospheres Therapy,menu_enrichment,2
Energy Boost Drip,menu_enrichment,2
Epidural Injections,menu_enrichment,2
Epidural Steroid Injection,menu_enrichment,2
Ergonomics,menu_enrichment,2
Essential Membership,menu_enrichment,2
Evaluation,menu_enrichment,2
Excessive Sweating Treatment,menu_enrichment,2
Extended Session,menu_enrichment,2
Extractions,menu_enrichment,2
Eyebrow and Eyelash Tinting,menu_enrichment,2
Eyebrow Lamination,menu_enrichment,2
Eyebrows Wax or Tweeze,menu_enrichment,2
Eyelash Extensions,menu_enrichment,2
Facet-Joint Injections,menu_enrichment,2
Facial Aesthetics,menu_enrichment,2
Facial Consultation,menu_enrichment,2
Fam Membership - Family - Families of Three or More,menu_enrichment,2
"Fam Membership - Individual (Annual) - Direct Primary Care for Adults and Children, annually",menu_enrichment,2
"Fam Membership - Individual (Annual) - Direct Primary Care for Adults and Children, per year",menu_enrichment,2
Family Planning,menu_enrichment,2
Fat Dissolving Treatment,menu_enrichment,2
FatMax Test,menu_enrichment,2
Fertility and Conception Support,menu_enrichment,2
Fertility Support,menu_enrichment,2
Finasteride,menu_enrichment,2
First Time Client Initial Consultation + All-Inclusive Facial,menu_enrichment,2
Fish Oil,menu_enrichment,2
Flora Max - 30 Capsules,menu_enrichment,2
Flora Max Daily - 30 Capsules,menu_enrichment,2
Food Sensitivity Testing,menu_enrichment,2
Foot Pain Treatment,menu_enrichment,2
Four Hands Massage,menu_enrichment,2
Fracture Care,menu_enrichment,2
Free 15 min Consultation,menu_enrichment,2
Free Discovery Visit,menu_enrichment,2
Free Phone Consultation,menu_enrichment,2
Free Taster Campaign,menu_enrichment,2
Free Taster Session,menu_enrichment,2
Frequency Specific Microcurrent,menu_enrichment,2
Full Leg,menu_enrichment,2
Full Leg Wax,menu_enrichment,2
Functional Capacity Evaluations,menu_enrichment,2
Functional Capacity Evaluations (FCE),menu_enrichment,2
Functional Testing,menu_enrichment,2
Game Day Recovery,menu_enrichment,2
GemSkin Facial - Legend of the Spa,menu_enrichment,2
General Hospital,gangnam_medical_tourism,2
General Ultrasound,menu_enrichment,2
GenFlex Joint Support,menu_enrichment,2
Gentlemen's Facial,menu_enrichment,2
GERD & Acid Reflux Treatment,menu_enrichment,2
GHK-Cu,menu_enrichment,2
GHRH Peptide Injections,menu_enrichment,2
Glo2Facial,menu_enrichment,2
GLP-1 Medications,menu_enrichment,2
GLP-1 Weight Loss - Semaglutide,menu_enrichment,2
Glutathione Hair & Nails,menu_enrichment,2
Glutathione Infusion,menu_enrichment,2
Glutathione IV Infusion,menu_enrichment,2
Gonstead Chiropractic,menu_enrichment,2
GP Consultation (Children under 16),menu_enrichment,2
Green Aura Signature Massage,menu_enrichment,2
Grief Therapy,menu_enrichment,2
Grip Strength Testing,menu_enrichment,2
Group Session,menu_enrichment,2
"Guided Visualization, Deep Relaxation, and Meditation",menu_enrichment,2
Gut Health,menu_enrichment,2
Gymnastics center,biohacking_map,2
Hair & Nails IV Drip,menu_enrichment,2
Hair Removal,menu_enrichment,2
Hair Removal and Reduction,menu_enrichment,2
"Hair, Nail, Skin and Joint Support - 60 Capsules",menu_enrichment,2
Half Leg,menu_enrichment,2
Half Leg Wax,menu_enrichment,2
Hand Therapy (CHT),menu_enrichment,2
"Hangover Infusion - B-Complex, Mineral Blend, Zofran",menu_enrichment,2
Hangover Recovery Drip,menu_enrichment,2
Head Therapy + Facial Combo,menu_enrichment,2
Head Therapy + Foot Rub Combo,menu_enrichment,2
Head Therapy + Muscle Therapy Combo,menu_enrichment,2
Headache & Migraine Treatment,menu_enrichment,2
Healing Touch,menu_enrichment,2
Healing with Crystals,menu_enrichment,2
Health resort,biohacking_map,2
Heart Disease Management,menu_enrichment,2
Heel Pain Treatment,menu_enrichment,2
Hematology,menu_enrichment,2
Herbal Consultation,menu_enrichment,2
Hereditary Diseases Screening,menu_enrichment,2
High Dose Vitamin C,menu_enrichment,2
Hip Replacement,menu_enrichment,2
HIV Treatment and PrEP,menu_enrichment,2
Holotropic Breathwork & Spinal Energetics,menu_enrichment,2
Home Health Care,menu_enrichment,2
Home health care service,biohacking_map,2
Homeopathy,menu_enrichment,2
Hormone Balancing,menu_enrichment,2
Hormone Labs,menu_enrichment,2
Hormone Panels,biohacking_map,2
Hyaluronic Acid Injections,menu_enrichment,2
HydraFacial - HydraFacial,menu_enrichment,2
Hydration Boost Drip,menu_enrichment,2
Hydration IV Infusion,menu_enrichment,2
Hydrocephalus Surgery – Shunt Procedures (Shunt Device Excluded),bookimed_longevity,2
Hydrocephalus Surgery – Shunt Procedures (Shunt Device Excluded),bookimed_longevity_turkey,2
Hydrogen Inhalation Therapy,menu_enrichment,2
Hypertension Treatment,menu_enrichment,2
Hypnotherapy service,biohacking_map,2
Hysteroscopic Polyp Excision,bookimed_longevity,2
Hysteroscopic Polyp Excision,bookimed_longevity_turkey,2
I-693 Immigration Medical Exam,menu_enrichment,2
IASTM,menu_enrichment,2
Immune Boost Drip,menu_enrichment,2
In-Home Medical Visits,menu_enrichment,2
In-Office Visit,menu_enrichment,2
Infant Massage,menu_enrichment,2
Infertility Counseling,menu_enrichment,2
Inflavonoid Intensive Care - 120 Tablets,menu_enrichment,2
Influenza (flu),menu_enrichment,2
Infrared Laser Therapy,menu_enrichment,2
Infrared Therapy,menu_enrichment,2
Infusionstherapie,menu_enrichment,2
Initial Assessment,menu_enrichment,2
Initial Intake Evaluation Session,menu_enrichment,2
Injury Prevention Assessment,menu_enrichment,2
Inner Beauty,menu_enrichment,2
Insect bites,menu_enrichment,2
Integrated Energy Therapy,menu_enrichment,2
Intersegmental Traction,menu_enrichment,2
Intracept,menu_enrichment,2
Ionic Foot Detox Bath,menu_enrichment,2
IPL,menu_enrichment,2
IPL Treatment,menu_enrichment,2
Joint Injection,menu_enrichment,2
Joint Manipulation,menu_enrichment,2
Joint Support - 120 Capsules,menu_enrichment,2
Joint/Soft Tissue Mobilization,menu_enrichment,2
Juvederm,menu_enrichment,2
Juvederm - Juvederm,menu_enrichment,2
KAP Kundalini Life Force Activation,menu_enrichment,2
Ketamine Infusion Therapy,menu_enrichment,2
Ketamine Infusions,menu_enrichment,2
Ketamine-Assisted Therapy,menu_enrichment,2
Kids Therapy - Ages 8+,menu_enrichment,2
Kinesiology Taping,menu_enrichment,2
Knee & Joint Pain Treatment,menu_enrichment,2
Knee Injections,menu_enrichment,2
Knee Replacement,menu_enrichment,2
Laparoscopic Ovarian or Paraovarian Cyst Excision,bookimed_longevity,2
Laparoscopic Ovarian or Paraovarian Cyst Excision,bookimed_longevity_turkey,2
Laser,menu_enrichment,2
Laser + Peel Package,menu_enrichment,2
Laser Acupuncture,menu_enrichment,2
Laser Hair Removal - Entire Body - Splendor X,menu_enrichment,2
Laser Hair Removal - Full Face,menu_enrichment,2
Laser Hair Removal - Large Area - Splendor X,menu_enrichment,2
Laser Hair Removal - Medium area - Splendor X,menu_enrichment,2
Laser Hair Removal - Small area - Splendor X,menu_enrichment,2
Laser Hair Restoration,menu_enrichment,2
Laser Hair Therapy,menu_enrichment,2
Laser Skin Therapy,menu_enrichment,2
Laser treatment - Lumix Q Super Pulse Laser,menu_enrichment,2
Laser Treatments,menu_enrichment,2
LGBTQ Care,menu_enrichment,2
Lift + Sculpt Lymphatic Drainage Facial,menu_enrichment,2
Lip Enhancement - Full Syringe,menu_enrichment,2
Lipid & Circulatory Support - 120 Tablets,menu_enrichment,2
Liquid Facelift,menu_enrichment,2
Long Covid Recovery,menu_enrichment,2
Long Covid Treatment,menu_enrichment,2
Longevity,menu_enrichment,2
"Longevity Infusion - B-Complex, B12, Glutathione, Magnesium, NAC",menu_enrichment,2
Longevity Protocols,menu_enrichment,2
Low Dose Lung CT Scan,menu_enrichment,2
Low Level Laser Therapy,menu_enrichment,2
LSVT Therapy,menu_enrichment,2
Lumbar Sympathetic Block,menu_enrichment,2
Lumecca IPL,menu_enrichment,2
Lung screening,menu_enrichment,2
Lyme Disease Treatment,menu_enrichment,2
Lymphatic Massage,menu_enrichment,2
Magnesphere Magnetic Therapy,menu_enrichment,2
Magnet Therapy,menu_enrichment,2
Manual and Massage Therapies,menu_enrichment,2
Manual Lymphatic Drainage,menu_enrichment,2
Manual Lymphatic Drainage (Full Body) - Vodder Style,menu_enrichment,2
"Manual Lymphatic Drainage (Head, Neck & Face) - Vodder Style",menu_enrichment,2
Masseter Treatment,menu_enrichment,2
Medical Abortion - Non-Member,menu_enrichment,2
"Medical Abortion - Non-Member, per televisit (medications/labs/imaging additional)",menu_enrichment,2
"Medical Abortion Televisit - Non-Member, per televisit",menu_enrichment,2
Medical Aesthetics,menu_enrichment,2
Medical diagnostic imaging center,biohacking_map,2
Medical Grade Skincare,menu_enrichment,2
Medical Marijuana Certification,menu_enrichment,2
Medication-Assisted Treatment (MAT/MOUD),menu_enrichment,2
Meditation,menu_enrichment,2
Melasma,menu_enrichment,2
"Membership Registration Fee - Fam Membership - Individual, one-time registration fee",menu_enrichment,2
"Membership Registration Fee - Fam Membership, one-time",menu_enrichment,2
Membership Registration Fee - one-time,menu_enrichment,2
Menopause Management,menu_enrichment,2
Menopause Treatment,menu_enrichment,2
Mental Health Visit,menu_enrichment,2
Metabolic Markers,biohacking_map,2
Metabolic Testing,world_longevity_clinics,2
Metabolic Transformation Program,menu_enrichment,2
Metabolic Transformation Program - 12-month medically supervised weight loss treatment plan,menu_enrichment,2
"Metabolism Infusion - B-Complex, B12, Taurine",menu_enrichment,2
Methadone - Methadone,menu_enrichment,2
Methylated Folate & B12 - 60 Capsules,menu_enrichment,2
MIC B12 Injections,menu_enrichment,2
Micro-Needling,menu_enrichment,2
Microbiome Analysis,world_longevity_clinics,2
Microdermabrasion with Oxygen Infusion,menu_enrichment,2
Migraine Relief,menu_enrichment,2
Mindfulness,menu_enrichment,2
Minimally Invasive Surgery,menu_enrichment,2
Minor burns,menu_enrichment,2
Mohs Surgery,menu_enrichment,2
Mom-To-Be Package,menu_enrichment,2
Monthly Membership Plan,menu_enrichment,2
Movement Disorders,menu_enrichment,2
Multi-Modal Brain Health,menu_enrichment,2
Muscle Relax,menu_enrichment,2
Myers Cocktail,menu_enrichment,2
Myers' Cocktail IV Drip,menu_enrichment,2
Myofascial Release Therapy,menu_enrichment,2
NAD+ IM Injection,menu_enrichment,2
Naturopathic Medicine,menu_enrichment,2
Negative Ion Rain Chair,menu_enrichment,2
Nerve Block,menu_enrichment,2
Neurocognitive Testing,menu_enrichment,2
Neurofeedback,world_longevity_clinics,2
Neurology,menu_enrichment,2
Neuromuscular Re-education,menu_enrichment,2
Neuromuscular Reeducation,menu_enrichment,2
Neurotoxin Treatment,menu_enrichment,2
New Patient Special,menu_enrichment,2
New Student Offer: 2 Private Intro Lessons,menu_enrichment,2
Newborn Care,menu_enrichment,2
Niagen NR - Niagen,menu_enrichment,2
Non-Surgical Facelift,menu_enrichment,2
NormaTec Compression,menu_enrichment,2
NSAIDs,menu_enrichment,2
Nutrition Education,menu_enrichment,2
Nutritional & Lifestyle Counseling,menu_enrichment,2
Nutritional Therapy,menu_enrichment,2
O-Shot,menu_enrichment,2
O-Shot Treatment,menu_enrichment,2
Oasis Express Package,menu_enrichment,2
Oasis Renewal Package,menu_enrichment,2
Oasis Signature Package,menu_enrichment,2
Obagi Blue Peel RADIANCE - Obagi Blue Peel RADIANCE,menu_enrichment,2
Occupational therapist,biohacking_map,2
OmegaGenics EPA-DHA 720 - 120 Softgels,menu_enrichment,2
On-Demand House Calls,menu_enrichment,2
Oncology Massage,menu_enrichment,2
Online Visits,menu_enrichment,2
Opioid Treatment Program (OTP),menu_enrichment,2
Oracle Card Reading - 30 min,menu_enrichment,2
Orthopedic surgeon,biohacking_map,2
Osteopathic Manipulations,menu_enrichment,2
Outpatient Program,menu_enrichment,2
Oxygen equipment supplier,biohacking_map,2
Ozone Therapy,placidway_antiaging_turkey,2
Ozone Therapy,placidway_stem_cell_thailand,2
Ozone Therapy,placidway_stem_cell_turkey,2
Pain Management Acupuncture,menu_enrichment,2
Pain Threshold Program,menu_enrichment,2
Palpitations,menu_enrichment,2
Parent Child Interaction Therapy,menu_enrichment,2
Parenting Support for Moms,menu_enrichment,2
PDO Threads,menu_enrichment,2
Pediatric care,menu_enrichment,2
Pediatric Care,menu_enrichment,2
Pediatric Foot Care,menu_enrichment,2
Pelvic Floor Physical Therapy,menu_enrichment,2
Pelvic Health Services,menu_enrichment,2
Pentadeca Arginate (PDA) Therapy,menu_enrichment,2
"Performance + Recovery IV Push - Amino Blend, Carnitine, Magnesium",menu_enrichment,2
Performance Optimization,menu_enrichment,2
Perimenopause Support,menu_enrichment,2
Peripheral Joint Injections,menu_enrichment,2
Peripheral Neuropathy Treatment,menu_enrichment,2
Permanent Jewelry,menu_enrichment,2
Personal Injury,menu_enrichment,2
Personal Training - Train with the Founder,menu_enrichment,2
Phentermine,menu_enrichment,2
Photobiomodulation Therapy,menu_enrichment,2
Photofacial,menu_enrichment,2
Photofacial (IPL),menu_enrichment,2
Phototherapy,menu_enrichment,2
Physical & Occupational Therapy,menu_enrichment,2
Physical examination center,biohacking_map,2
Physical exams,menu_enrichment,2
Physical Therapy for Ankle Conditions,menu_enrichment,2
Physical Therapy for Arthritis,menu_enrichment,2
Physical Therapy for Hip Conditions,menu_enrichment,2
Physical Therapy for Knee Conditions,menu_enrichment,2
Physical Therapy for Shoulder Conditions,menu_enrichment,2
Physiotherapy,bookimed_longevity,2
PiezoWave2 Acoustic Wave Therapy,menu_enrichment,2
Pigmentation - Face,menu_enrichment,2
Pigmentation - Face & Neck,menu_enrichment,2
"Pigmented Lesions, Acne, Wrinkles, & Other Dark Spot Removal",menu_enrichment,2
Plantar Fasciitis,menu_enrichment,2
Plastic Surgery,longevita_clinics,2
Plastic Surgery,placidway_stem_cell_south_korea,2
Plastic surgery clinic,biohacking_map,2
Platelet Rich Plasma Therapy,menu_enrichment,2
Post COVID-19 Rehabilitation,menu_enrichment,2
Post Offer Employment Testing (POET),menu_enrichment,2
Post Surgical Rehabilitation,menu_enrichment,2
Post-Operative Treatment,menu_enrichment,2
Post-Vaccine Syndrome Recovery,menu_enrichment,2
"Posterior Cervical (C3–C7) Decompression, Fixation and Graft Placement",bookimed_longevity_turkey,2
Postpartum Anxiety and Rage Therapy,menu_enrichment,2
Postpartum Depression (PPD) Therapy,menu_enrichment,2
Postpartum Massage,menu_enrichment,2
Posture Correction,menu_enrichment,2
Pre and Post-Operative Physical Therapy,menu_enrichment,2
Pre-Travel Recovery IV Drip,menu_enrichment,2
Precision Medicine,menu_enrichment,2
Pregnancy Loss and Grief Counseling,menu_enrichment,2
Pregnancy Wellness Care,menu_enrichment,2
PREMIUM 50 million mesenchymal stem cell & exosomes treatment (hotel & ground transportation included),bookimed_longevity,2
Prenatal Care,menu_enrichment,2
Prescription Retinoids - Every 3 months,menu_enrichment,2
Prescription Weight Loss,menu_enrichment,2
"Prescription Weight Loss Pills - Phentermine, Contrave, Qsymia",menu_enrichment,2
Preventative Care,menu_enrichment,2
Preventive Care,menu_enrichment,2
Preventive Health Screenings,menu_enrichment,2
PRF Injections,menu_enrichment,2
Private Pilates Lesson - Apprentice,menu_enrichment,2
Private Pilates Lesson - Director,menu_enrichment,2
Private Pilates Lesson - Senior,menu_enrichment,2
Private Pilates Lesson - Standard,menu_enrichment,2
"Private Pilates Lessons Package - Apprentice, 10 Lessons",menu_enrichment,2
"Private Pilates Lessons Package - Apprentice, 25 Lessons",menu_enrichment,2
"Private Pilates Lessons Package - Apprentice, 5 Lessons",menu_enrichment,2
"Private Pilates Lessons Package - Apprentice, 50 Lessons",menu_enrichment,2
"Private Pilates Lessons Package - Director, 10 Lessons",menu_enrichment,2
"Private Pilates Lessons Package - Director, 25 Lessons",menu_enrichment,2
"Private Pilates Lessons Package - Senior, 10 Lessons",menu_enrichment,2
"Private Pilates Lessons Package - Senior, 25 Lessons",menu_enrichment,2
"Private Pilates Lessons Package - Senior, 5 Lessons",menu_enrichment,2
"Private Pilates Lessons Package - Senior, 50 Lessons",menu_enrichment,2
"Private Pilates Lessons Package - Standard, 10 Lessons",menu_enrichment,2
"Private Pilates Lessons Package - Standard, 25 Lessons",menu_enrichment,2
"Private Pilates Lessons Package - Standard, 5 Lessons",menu_enrichment,2
"Private Pilates Lessons Package - Standard, 50 Lessons",menu_enrichment,2
Progesterone Therapy,menu_enrichment,2
Prolozone Therapy,menu_enrichment,2
Psoriatic Arthritis Treatment,menu_enrichment,2
Psychiatric Medication Management,menu_enrichment,2
Psychologist,biohacking_map,2
Psychosomatic medical practitioner,biohacking_map,2
Psychotherapy,menu_enrichment,2
PT at Home,menu_enrichment,2
PT-141,menu_enrichment,2
PTSD Treatment,menu_enrichment,2
Radical Total Gastrectomy (Including Splenectomy and Minimum D2 Lymph Node Dissection),bookimed_longevity,2
Radical Total Gastrectomy (Including Splenectomy and Minimum D2 Lymph Node Dissection),bookimed_longevity_turkey,2
Radiofrequency Neurotomy,menu_enrichment,2
Range of Motion Exercises,menu_enrichment,2
Refer a Friend,menu_enrichment,2
Reflexology Massage,menu_enrichment,2
Regenerative Medicine,placidway_stem_cell_south_korea,2
Regenerative Protein Arrays (RPA),menu_enrichment,2
Rehab,menu_enrichment,2
Rehab Gym Monthly Membership,menu_enrichment,2
Reiki & Chakra cleanse,menu_enrichment,2
Reiki Healing,menu_enrichment,2
Reiki with Aromatherapy,menu_enrichment,2
Reiki with Crystals and Sound Healing,menu_enrichment,2
Rejuran PDRN for Skin Rejuvenation - Rejuran PDRN,menu_enrichment,2
Relationship & Family Therapy,menu_enrichment,2
Remote Visit,menu_enrichment,2
Research institute,biohacking_map,2
Resting Metabolic Rate (RMR) Testing,menu_enrichment,2
Restylane Defyne - Restylane Defyne,menu_enrichment,2
Retinal Imaging,menu_enrichment,2
Revision Rhinoplasty,menu_enrichment,2
Rheumatology,menu_enrichment,2
RN Walk-in Visit,menu_enrichment,2
Robotic Joint Replacement,menu_enrichment,2
Robotic Laparoscopic Multiple Myomectomy,bookimed_longevity,2
Robotic Laparoscopic Multiple Myomectomy,bookimed_longevity_turkey,2
Rosacea Treatment,menu_enrichment,2
Rotator Cuff Tear Treatment,menu_enrichment,2
Running Gait Analysis,menu_enrichment,2
Sacroiliac Joint Injections,menu_enrichment,2
Sacroiliac-Joint Steroid Injections,menu_enrichment,2
Salt Therapy (Halotherapy),menu_enrichment,2
Scar Removal,menu_enrichment,2
School Physicals,menu_enrichment,2
School-Based Services,menu_enrichment,2
Schroth Method,menu_enrichment,2
Sciatica Relief,menu_enrichment,2
Scoliosis Treatment,menu_enrichment,2
Screening Audiometry Testing,menu_enrichment,2
Sculpt and Lift Package,menu_enrichment,2
Seizure Disorders Treatment,menu_enrichment,2
Semaglutide Injections,menu_enrichment,2
Sermorelin,menu_enrichment,2
Service establishment,biohacking_map,2
Sesiones de Cámara Hiperbárica,menu_enrichment,2
Shamanic Reiki Healing,menu_enrichment,2
"Shamanic Tobacco Clearing - with asha, 75 min",menu_enrichment,2
Signature Facial Deluxe,menu_enrichment,2
Signature Facials,menu_enrichment,2
Signature Relaxation Massage,menu_enrichment,2
Single Session,menu_enrichment,2
Sinus infections,menu_enrichment,2
Skin,menu_enrichment,2
Skin conditions,menu_enrichment,2
Skin IV Drip,menu_enrichment,2
Skin Rejuvenation,menu_enrichment,2
Skin Rejuvenation - Face,menu_enrichment,2
Skin Rejuvenation - Face + Neck,menu_enrichment,2
"Skin Rejuvenation - Face, Neck & Chest",menu_enrichment,2
Skin Resurfacing,menu_enrichment,2
Skincare + Treatment Consultation,menu_enrichment,2
SkinMedica Skin Care Products - SkinMedica,menu_enrichment,2
SkinPen Microneedling,menu_enrichment,2
Sleep clinic,biohacking_map,2
Sleep Survey,menu_enrichment,2
Slip and Fall Prevention,menu_enrichment,2
Slow Paced Vinyasa Sound Bath,menu_enrichment,2
Small Fiber Neuropathy Treatment,menu_enrichment,2
Social Skills Group,menu_enrichment,2
Social Work Referrals,menu_enrichment,2
SoftWave Therapy Session - Introductory,menu_enrichment,2
Somatic Alignment,menu_enrichment,2
Sonogram,menu_enrichment,2
Sore throat,menu_enrichment,2
Sound Baths,menu_enrichment,2
Sound Healing,menu_enrichment,2
Sound Healing + Breathwork + Meditation,menu_enrichment,2
"Spa Reflexology - Hand, Foot & Scalp Reflexology Massage",menu_enrichment,2
Specialized PTSD Treatment,menu_enrichment,2
Speech Therapy,menu_enrichment,2
Speech-Language Therapy,menu_enrichment,2
Spider Vein Removal,menu_enrichment,2
Spinal Energetics,menu_enrichment,2
Spine Physical Therapy,menu_enrichment,2
Spine Rehabilitation,menu_enrichment,2
Spine Surgery,menu_enrichment,2
Spiritual Health,menu_enrichment,2
Sports & Medical Massage - 120 Minutes,menu_enrichment,2
Sports & Medical Massage - 30 Minutes,menu_enrichment,2
Sports & Medical Massage - 45 Minutes,menu_enrichment,2
Sports & Medical Massage - 60 Minutes,menu_enrichment,2
Sports & Medical Massage - 90 Minutes,menu_enrichment,2
Sports Injury,menu_enrichment,2
Sports Injury Acupuncture,menu_enrichment,2
Sports Injury Prevention,menu_enrichment,2
Sports Injury Rehabilitation,menu_enrichment,2
Sports massage therapist,biohacking_map,2
Sprains & strains,menu_enrichment,2
Spravato,menu_enrichment,2
Standard Liquid Facelift,bookimed_longevity,2
STD Testing & Blood Tests,menu_enrichment,2
Stem Cell / Biological Allograft,menu_enrichment,2
Stem Cell Facial Rejuvenation,menu_enrichment,2
Stomach Flu Recovery Drip,menu_enrichment,2
Strength & Conditioning,menu_enrichment,2
Strength and Conditioning,menu_enrichment,2
"Stress + Fatigue Infusion - Amino Blend, B-Complex, Magnesium, Taurine",menu_enrichment,2
Stretch Marks Treatment,menu_enrichment,2
Strong Bone - 120 Capsules,menu_enrichment,2
Suboxone - Suboxone,menu_enrichment,2
"Subsequent ART and Chiropractic Adjustment - Dr. Chris Bierbrauer, DC, CMRP",menu_enrichment,2
Substance Abuse Treatment,menu_enrichment,2
Sunshine in a Bottle,menu_enrichment,2
Supplement Consultation,menu_enrichment,2
Sympathetic Blocks,menu_enrichment,2
Sympathetic Ganglion Block,menu_enrichment,2
TB-500,menu_enrichment,2
Telemedicine Visit - Non-Member - per visit,menu_enrichment,2
Tendon & Ligament Support - 60 Capsules,menu_enrichment,2
Tendon Injections,menu_enrichment,2
Tenex,menu_enrichment,2
Testosterone Cypionate Injections,menu_enrichment,2
The Best Of 'ili Facial,menu_enrichment,2
The Oasis Escape,menu_enrichment,2
The Oasis Retreat,menu_enrichment,2
Therapeutic Deep Tissue,menu_enrichment,2
Therapy for OCD,menu_enrichment,2
Therapy Session - per session,menu_enrichment,2
Theta Chamber,menu_enrichment,2
THINNR Protocol,menu_enrichment,2
Thyroid Support,menu_enrichment,2
Tirzepatide Weight Loss,menu_enrichment,2
TMJ PT Treatment,menu_enrichment,2
TMS,menu_enrichment,2
Toenail Fungus Treatment,menu_enrichment,2
Total Body Wellness,menu_enrichment,2
Transcranial Doppler (TCD),menu_enrichment,2
Transcranial Doppler Ultrasound,menu_enrichment,2
Transcranial Magnetic Stimulation Treatment,menu_enrichment,2
Transfer Factor Multi-Immune - 90 Capsules,menu_enrichment,2
Transformative Breathwork,menu_enrichment,2
Trauma & Mental Health Evaluations,menu_enrichment,2
Treatment of Body Image Issues,menu_enrichment,2
Tri-Immune Boost,menu_enrichment,2
Trigger Point Injection,menu_enrichment,2
TRT Evaluation - Testosterone Replacement Therapy,menu_enrichment,2
Tui Na,menu_enrichment,2
Ultimate Cryopeptide Facial,menu_enrichment,2
Ultrasonic Cavitation,menu_enrichment,2
Ultrasound Diagnostics,menu_enrichment,2
Ultrasound Guided Injections,menu_enrichment,2
Ultrasound Guided Joint Injections,menu_enrichment,2
Ultrasounds,menu_enrichment,2
Ultraviolet Blood Irradiation,menu_enrichment,2
Underarm Wax,menu_enrichment,2
Unlimited Membership,menu_enrichment,2
UPKEEP Upgrade - Body Contouring,menu_enrichment,2
UPKEEP Upgrade - Package of 4,menu_enrichment,2
Upper Body Flow Therapy,menu_enrichment,2
Urinary Incontinence Treatment,menu_enrichment,2
Urinary tract infections (UTIs),menu_enrichment,2
Urinary Urgency / Bladder Incontinence Treatment,menu_enrichment,2
Vaccines,menu_enrichment,2
Vaginal Rejuvenation,menu_enrichment,2
Vaginal Revitalization,menu_enrichment,2
Varicose Veins Treatment,menu_enrichment,2
Vascular surgeon,biohacking_map,2
Vascular Ultrasound,menu_enrichment,2
Venus Freeze — Skin Tightening - Butt & Thighs — Package of 3,menu_enrichment,2
Venus Freeze — Skin Tightening - Butt & Thighs — Single,menu_enrichment,2
"Venus Freeze — Skin Tightening - Butt & Thighs, Single",menu_enrichment,2
Venus Freeze — Skin Tightening - Face — Package of 3,menu_enrichment,2
Venus Freeze — Skin Tightening - Face — Single,menu_enrichment,2
"Venus Freeze — Skin Tightening - Face, Single",menu_enrichment,2
Venus Freeze — Skin Tightening - Stomach & Flanks — Package of 3,menu_enrichment,2
Venus Freeze — Skin Tightening - Stomach & Flanks — Single,menu_enrichment,2
"Venus Freeze — Skin Tightening - Stomach & Flanks, Single",menu_enrichment,2
Vertebroplasty (Per Level) (Cement or Graft),bookimed_longevity,2
Vertebroplasty (Per Level) (Cement or Graft),bookimed_longevity_turkey,2
Vertigo,menu_enrichment,2
VI Peel - VI Peel,menu_enrichment,2
Vibrational Sound Therapy,menu_enrichment,2
VIP Concierge Medicine,menu_enrichment,2
Virtual Colonoscopy,menu_enrichment,2
Virtual Second Opinion Price Difference Refund (Written Report Only),menu_enrichment,2
Virtual Skincare Consultation,menu_enrichment,2
Vitals & Physical Metrics Assessment,menu_enrichment,2
Vitamin D Injection,menu_enrichment,2
Vitamin D3 Injection,menu_enrichment,2
Walk-In Clinic,menu_enrichment,2
Walk-In Clinic / Ortho Urgent Care,menu_enrichment,2
Wart Removal,menu_enrichment,2
Warts & Skin Tags,menu_enrichment,2
Waxing,menu_enrichment,2
Wellness & Preventive Care,menu_enrichment,2
Wellness Acupuncture,menu_enrichment,2
Wellness Checks,menu_enrichment,2
Wellness Panels,menu_enrichment,2
Wellness Program,menu_enrichment,2
Wellness Programs,menu_enrichment,2
Wellness Shots,menu_enrichment,2
Wellness Through the Senses,menu_enrichment,2
Women's Health Program,menu_enrichment,2
Work Conditioning,menu_enrichment,2
Work Injury Treatment,menu_enrichment,2
Work-Related Injuries,menu_enrichment,2
Work-Related Injuries Treatment,menu_enrichment,2
Workers' Compensation,menu_enrichment,2
Wrinkle Treatment Bundle,menu_enrichment,2
Wrinkle Treatment Bundle - 3x Wrinkle Treatments,menu_enrichment,2
Xeomin - Xeomin,menu_enrichment,2
Yoga studio,biohacking_map,2
Yoga Therapy and Private Yoga Instruction,menu_enrichment,2
Zero Gravity Massage,menu_enrichment,2
1 bill Exosomes with hialuronic acid for joints,bookimed_longevity,1
1 Billion Exosomes Facial Rejuvenation with Hyaluronic Acid — Outpatient,bookimed_longevity,1
"1 Hour 5 Package Series - Package of 5, 5 sessions",menu_enrichment,1
1 Hour Healing Reiki Session,menu_enrichment,1
1 Hour RT-PCR Test,menu_enrichment,1
1 Hour Treatment,menu_enrichment,1
1 Liter Lactated Ringers,menu_enrichment,1
1 Liter Normal Saline,menu_enrichment,1
1 Session - 1 Treatment Area,menu_enrichment,1
1-2 Region Adjustment,menu_enrichment,1
1-Day TMS Wellness,menu_enrichment,1
1-Month Family Care Stroke Rehabilitation — Bangkok's #1 Network with Family Training Included,bookimed_longevity,1
1-Month Family Care Stroke Rehabilitation — Bangkok's #1 Network with Family Training Included,bookimed_longevity_thailand,1
"1-Month First Step Stroke Rehabilitation Bangkok — 28 Sessions, Family Orientation, AACI Accredited",bookimed_longevity,1
"1-Month First Step Stroke Rehabilitation Bangkok — 28 Sessions, Family Orientation, AACI Accredited",bookimed_longevity_thailand,1
1-on-1 Pilates,menu_enrichment,1
10 Additional Credits Add-On,menu_enrichment,1
10 Class Pack,menu_enrichment,1
10 Contrast Therapy,menu_enrichment,1
10 Pass Hyperbaric Ozone,menu_enrichment,1
10 Sessions - 1 Treatment Area,menu_enrichment,1
"10-Class Pack - 10 classes, valid 4 months",menu_enrichment,1
10-Day Launch Program - ThinTech,menu_enrichment,1
10-Session Package,menu_enrichment,1
"100 Billion Probiotic - Vista Natural Wellness, 30 Vegetarian Capsules",menu_enrichment,1
100 Million Mesenchymal Stem Cell (IA - INTRA ARTICULAR),bookimed_longevity,1
100 Million Mesenchymal Stem Cell - IV DRIP,bookimed_longevity,1
100% Natural Chronic Pain Relief,menu_enrichment,1
100% Natural Neck Pain Relief,menu_enrichment,1
100+ Care,menu_enrichment,1
100+ Concierge,menu_enrichment,1
12 Panel Drug Test,menu_enrichment,1
12 Session Package - Multi-baric or PEMF,menu_enrichment,1
12 Sessions - 1 Treatment Area,menu_enrichment,1
120 Minute Massage,menu_enrichment,1
15 Day All Inclusive Retreat - Bungalow,bookimed_longevity,1
15 Day All Inclusive Retreat - Bungalow,bookimed_longevity_thailand,1
15 minute phone consult,menu_enrichment,1
15-Minute Discovery Session - No-charge discovery session,menu_enrichment,1
15-Session Package,menu_enrichment,1
1540 Non-Ablative Resurfacing,menu_enrichment,1
16 E-max Veneers with Free Bleaching — 4★ Hotel & Airport Transfer Included,bookimed_longevity_korea,1
16 Zirconia Crowns with Free Whitening — 5★ Hotel & VIP Transfer Included,bookimed_longevity_korea,1
"1:1 Reiki Energy Healing - Soul Session, 50 minutes",menu_enrichment,1
2 bill Exosomes with hialuronic acid for scalp Hair Regrowth,bookimed_longevity,1
2 Core Service Bundle,menu_enrichment,1
2 Treatment Areas - 1 Session,menu_enrichment,1
2 Treatment Areas - 10 Sessions,menu_enrichment,1
2 Treatment Areas - 12 Sessions,menu_enrichment,1
2 Treatment Areas - 3 Sessions,menu_enrichment,1
2 Treatment Areas - 5 Sessions,menu_enrichment,1
20 E-max Veneers for a Natural-Looking Hollywood Smile — Transfer Included,bookimed_longevity,1
20 E-max Veneers for a Natural-Looking Hollywood Smile — Transfer Included,bookimed_longevity_turkey,1
20 E-max Veneers with Free Bleaching for a Hollywood Smile — 4★ Hotel Included,bookimed_longevity_korea,1
20 Porcelain Crowns with Free Bleaching — 5★ Hotel & VIP Transfer Included,bookimed_longevity_korea,1
20 Session Package,menu_enrichment,1
20 Weeks Testosterone injections,menu_enrichment,1
20 Zirconia Crowns with 5-Year Warranty — Ministry-Certified Clinic & VIP Transfer,bookimed_longevity,1
20 Zirconia Crowns with 5-Year Warranty — Ministry-Certified Clinic & VIP Transfer,bookimed_longevity_turkey,1
20 Zirconia Crowns with Free Whitening — 5★ Hotel & Airport Transfer,bookimed_longevity_korea,1
21 Day Accelerator,menu_enrichment,1
22 Day All Inclusive Retreat - Superior Room,bookimed_longevity,1
22 Day All Inclusive Retreat - Superior Room,bookimed_longevity_thailand,1
24 Session Package - Multi-baric or PEMF,menu_enrichment,1
24-hour hotline,menu_enrichment,1
24/7 Access with Sollis Health Membership,menu_enrichment,1
24/7 Primary Care Physician Care,menu_enrichment,1
270° Gynecomastia + Chest Lift for Complete Definition — 5★ Hotel,bookimed_longevity,1
270° Gynecomastia + Chest Lift for Complete Definition — 5★ Hotel,bookimed_longevity_turkey,1
"28 Zirconia Crowns with Digital Smile Design — 4★ Hotel, 5 Nights",bookimed_longevity_korea,1
29 Day All Inclusive Retreat - Superior Room,bookimed_longevity,1
29 Day All Inclusive Retreat - Superior Room,bookimed_longevity_thailand,1
3 Bill of Exosomes with aminoacids,bookimed_longevity,1
3 Core Service Bundle,menu_enrichment,1
3 Session Value Pack - 3 individual Inbody scans,menu_enrichment,1
3 Sessions - 1 Treatment Area,menu_enrichment,1
3 Test Package,menu_enrichment,1
3-4 Region Adjustment,menu_enrichment,1
"3-Unit Dental Bridge for Durable Smile Restoration — 5★ Hotel, 3 Days",bookimed_longevity_korea,1
30 Min Back + 60 Min Foot,menu_enrichment,1
30 Min. Follow-Up Consultation - for established patients,menu_enrichment,1
30 Min. Medical Massage,menu_enrichment,1
30 Minute Membership - N°Ergize,menu_enrichment,1
30 Minute Membership - N°Hance,menu_enrichment,1
30 Minute Membership - N°Joy,menu_enrichment,1
30 Minute Membership - N°Liven,menu_enrichment,1
30 Minute Reiki Add On,menu_enrichment,1
30-min Express Full Body Massage - 30 min,menu_enrichment,1
30s–50s Longevity Optimization Package - with bloodwork,menu_enrichment,1
30s–50s Longevity Optimization Package - without bloodwork,menu_enrichment,1
"35 Billion Probiotic - Vista Natural Wellness, 60 Vegetarian Capsules",menu_enrichment,1
350+ Biomarkers,biohacking_map,1
360° Liposuction + Tummy Tuck & BBL — 5 Nights Hotel & VIP Transfer,bookimed_longevity_korea,1
360° Liposuction by Professor with 900+ Procedures — 5★ Hotel & VIP Transfer,bookimed_longevity,1
360° Liposuction by Professor with 900+ Procedures — 5★ Hotel & VIP Transfer,bookimed_longevity_turkey,1
"3D Aesthetics Frotox Facial - Frotox, 1 facial",menu_enrichment,1
"3D Aesthetics Frotox Facial - Frotox, 3 pack",menu_enrichment,1
"3D Aesthetics Frotox Facial - Frotox, 5 pack",menu_enrichment,1
3D Body Scanning,menu_enrichment,1
3D Gait Analysis,menu_enrichment,1
3D Motion Analysis,menu_enrichment,1
3D Running Gait Analysis,menu_enrichment,1
3D Running Gait Analysis - Package #1 - RunDNA,menu_enrichment,1
3D Running Gait Analysis - Package #2 - RunDNA,menu_enrichment,1
3D Running Gait Analysis - Package #3 - RunDNA,menu_enrichment,1
3D Skin Analysis,menu_enrichment,1
3D Ultrasound,menu_enrichment,1
4 Dimensional Non Surgical Facelift,menu_enrichment,1
4 in 1 Treatment,menu_enrichment,1
4 Sessions Membership,menu_enrichment,1
4 Week HCG Diet - HCG with B12 Injections,menu_enrichment,1
45 Minute Membership - N°Ergize,menu_enrichment,1
45 Minute Membership - N°Hance,menu_enrichment,1
45 Minute Membership - N°Joy,menu_enrichment,1
45 Minute Membership - N°Liven,menu_enrichment,1
45-minute family and couple session,menu_enrichment,1
45-minute individual session,menu_enrichment,1
450+ Biomarker Panel,world_longevity_clinics,1
48 Session Package - Multi-baric or PEMF,menu_enrichment,1
4D Laser Non Surgical Facelift,menu_enrichment,1
5 Class Pack,menu_enrichment,1
5 Panel Drug Test,menu_enrichment,1
5 Region Adjustment,menu_enrichment,1
5 Session Package,menu_enrichment,1
5 Sessions - 1 Treatment Area,menu_enrichment,1
5 Visits,menu_enrichment,1
5% Minoxidil Foam Hair Regrowth Treatment,menu_enrichment,1
5-Day Mesenchymal Stem Cell Rejuvenation — Boost Energy and Immunity,bookimed_longevity,1
5-Session Package,menu_enrichment,1
500ml Saline Bag Add-On - 500ml,menu_enrichment,1
"50M MSCs & Exosomes for Autism by Specialist with 1,100+ Cases — Hyatt Place & Transfer Included",bookimed_longevity,1
6 Mushroom Complex,menu_enrichment,1
6 Mushroom Complex - 90 Capsules,menu_enrichment,1
6 Session Package - Multi-baric or PEMF,menu_enrichment,1
6 Week HCG Diet - HCG with B12 Injections,menu_enrichment,1
6-Pack Brazilian Wax,menu_enrichment,1
60 Min Back + 30 Min Foot,menu_enrichment,1
60 Min Ginger Scalp Treatment + Moxibustion,menu_enrichment,1
60 Min Herbal Scalp Treatment + 60 Min Foot,menu_enrichment,1
60 Min Herbal Scalp Treatment + Moxibustion,menu_enrichment,1
60 Min Thai Style Scalp Treatment + 60 Min Foot,menu_enrichment,1
60 Min Thai Style Scalp Treatment + Moxibustion,menu_enrichment,1
60 Min. Follow-Up Consultation - for established patients,menu_enrichment,1
60 Min. Self Pay Massage,menu_enrichment,1
60 Minute Massage,menu_enrichment,1
60 Minute Membership - N°Ergize,menu_enrichment,1
60 Minute Membership - N°Hance,menu_enrichment,1
60 Minute Membership - N°Joy,menu_enrichment,1
60 Minute Membership - N°Liven,menu_enrichment,1
60-min Holistic Facial,menu_enrichment,1
"60-Minute Massage (Discounted Rate) - Last-minute special, 60 minutes",menu_enrichment,1
"60-Minute Massage (Regular Price) - Regular price, 60 minutes",menu_enrichment,1
60-minute session,menu_enrichment,1
60s & Hormone Support Package - with bloodwork,menu_enrichment,1
60s & Hormone Support Package - without bloodwork,menu_enrichment,1
7 Piece Makeup Brush Set,menu_enrichment,1
"75 Min Membership Plan - Monthly, 1 per month",menu_enrichment,1
8 Composite Veneers with Free Whitening — 5★ Hotel & VIP Transfer Included,bookimed_longevity_korea,1
8 Day All Inclusive Retreat - Bungalow,bookimed_longevity,1
8 Day All Inclusive Retreat - Bungalow,bookimed_longevity_thailand,1
8 Day All Inclusive Retreat - Superior Room,bookimed_longevity,1
8 Day All Inclusive Retreat - Superior Room,bookimed_longevity_thailand,1
8 E-max Porcelain Veneers for a Radiant Hollywood Smile — 5★ Hotel & VIP Transfer,bookimed_longevity_korea,1
8 Sessions Membership,menu_enrichment,1
8 Week HCG Diet - HCG with B12 Injections,menu_enrichment,1
8-Session Membership,menu_enrichment,1
"90 Min Membership Plan - Monthly, 1 per month",menu_enrichment,1
"90 Minute 10 Package Series - Package of 10, 10 sessions",menu_enrichment,1
"90 Minute 5 Package Series - Package of 5, 5 sessions",menu_enrichment,1
90 Minute Massage,menu_enrichment,1
90 Minute Treatment,menu_enrichment,1
"90-Day Golden Period Stroke Rehabilitation Bangkok — Outcome Guarantee, TMS, Family Training, AACI Accredited",bookimed_longevity,1
"90-Day Golden Period Stroke Rehabilitation Bangkok — Outcome Guarantee, TMS, Family Training, AACI Accredited",bookimed_longevity_thailand,1
90-Minute Pacific Touch Method Facial - with Nichola,menu_enrichment,1
96 Session Package - Multi-baric or PEMF,menu_enrichment,1
A-scan / Biometry,menu_enrichment,1
A.D.P. (Oregano Oil) - A.D.P.,menu_enrichment,1
A2M (Alpha-2-Macroglobulin),menu_enrichment,1
A2M Injections,menu_enrichment,1
ABA Therapy,menu_enrichment,1
Abdomen,menu_enrichment,1
Abdomen Liposuction with Tumescent Technique for Flat & Toned Profile,bookimed_longevity,1
Abdomen Liposuction with Tumescent Technique for Flat & Toned Profile,bookimed_longevity_korea,1
Abdomen Wax,menu_enrichment,1
Abdominal and Pelvic Pain Treatment,menu_enrichment,1
Abdominal Ct Scan So8 1800,mymeditravel_chaum_medical_center,1
Abdominal Etching for Six-Pack Definition — 5★ Hotel Included,bookimed_longevity,1
Abdominal Etching for Six-Pack Definition — 5★ Hotel Included,bookimed_longevity_turkey,1
Abdominal Sculpting,menu_enrichment,1
Abdominal Total Hysterectomy,bookimed_longevity,1
Abdominal Total Hysterectomy,bookimed_longevity_turkey,1
Abdominal Ultrasound,menu_enrichment,1
Abdominal Ultrasound Bk 12505,mymeditravel_regenerative_thailand,1
Abdominal Ultrasound Bk 1877,mymeditravel_regenerative_thailand,1
Abdominal Ultrasound Pa 1612,mymeditravel_regenerative_thailand,1
Abdominal Ultrasound So8 1801,mymeditravel_chaum_medical_center,1
"Absorbable Curcumin - Absorbable Curcumin, 60 Capsules",menu_enrichment,1
AC Joint Reconstruction,menu_enrichment,1
Academic Degree Certification Service,menu_enrichment,1
Accelerated Healing and Recovery Peptides,menu_enrichment,1
Accelerated Treatment Protocols for Anxiety,menu_enrichment,1
Acceptance and Commitment Group,menu_enrichment,1
Acceptance and Commitment Therapy Approach,menu_enrichment,1
"Access and Referrals to Medications, Housing, Food, Transportation, and other Services",menu_enrichment,1
AccuTite,menu_enrichment,1
ACE Medicupping,menu_enrichment,1
"Acetyl-L-Carnitine - Acetyl-L-Carnitine, 500mg, 100 capsules",menu_enrichment,1
Achilles Tendinopathy,menu_enrichment,1
Achilles Tendon Treatment,menu_enrichment,1
"Acid Repair - Acid Repair, 60 Tablets",menu_enrichment,1
ACL Injury Prevention,menu_enrichment,1
ACL Reconstruction,menu_enrichment,1
ACL Tear,menu_enrichment,1
ACL/PCL Sprains,menu_enrichment,1
ACLS Original Class,menu_enrichment,1
ACLS Renewal Class,menu_enrichment,1
Acne,menu_enrichment,1
Acne & pores,menu_enrichment,1
Acne & Surgical Scars Treatment,menu_enrichment,1
Acne Bootcamp Package,menu_enrichment,1
Acne Clearing + LED,menu_enrichment,1
Acne Clearing Treatment,menu_enrichment,1
Acne Maintenance Peel,menu_enrichment,1
Acne Reset Consultation & Treatment,menu_enrichment,1
Acne Scar Treatment Sp 358,mymeditravel_regenerative_thailand,1
Acne Scar/Scar Revision - Aerolase,menu_enrichment,1
"Acne Shot - Anti-inflammatory injection, per lesion",menu_enrichment,1
Acne Treatment - Body - Aerolase,menu_enrichment,1
Acne Treatment - Face - Aerolase,menu_enrichment,1
Acne Treatment - Fotona,menu_enrichment,1
Acne Treatment Serum,menu_enrichment,1
Acne Treatment Sp 359,mymeditravel_regenerative_thailand,1
Acne-Fighting Facial,menu_enrichment,1
Acne/Corrective Skin Facial,menu_enrichment,1
Acne/Extraction,menu_enrichment,1
Acoustic Therapy,menu_enrichment,1
Acoustic Wave Therapy,menu_enrichment,1
Acoustic Wave Therapy (AWT) - Menspro PULSE™,menu_enrichment,1
"ACR Gentle Iron - ACR Gentle Iron, 120 Tablets",menu_enrichment,1
"ACR Melatonin 3mg - ACR Melatonin, 3mg, 60 Tablets",menu_enrichment,1
"ACR Melatonin CR 10mg - ACR Melatonin CR, 10mg, 90 Tablets",menu_enrichment,1
ACR Men's Hoodie - ACR Men's Hoodie,menu_enrichment,1
ACR Unisex Joggers - ACR Unisex Joggers,menu_enrichment,1
ACR Women's Hoodie - ACR Women's Hoodie,menu_enrichment,1
"Activated Charcoal Powder - Kiki Health, 70 gm",menu_enrichment,1
"Activated Charcoal Vegicaps - Kiki Health, 50 Caps",menu_enrichment,1
"Active Drip - Amino Acids, B-Complex",menu_enrichment,1
Active Release Technique (ART) - Myofascial therapy system,menu_enrichment,1
Active Release Technique - ART,menu_enrichment,1
Active Release Techniques,menu_enrichment,1
Active Release Therapy,menu_enrichment,1
ActivEssentials Daily Multivitamin Dose Packet - 60 packets,menu_enrichment,1
Acu-Shiatsu Massage,menu_enrichment,1
Acupressure,menu_enrichment,1
Acupressure Massage - 60/90 minutes,menu_enrichment,1
AcuPulse CO2 Laser - AcuPulse,menu_enrichment,1
Acupuncture & Chinese Medicine,menu_enrichment,1
Acupuncture (MTC) - Première séance,menu_enrichment,1
Acupuncture (MTC) - Séances suivantes,menu_enrichment,1
Acupuncture - Acupressure and electrical therapies,menu_enrichment,1
Acupuncture Bk 12171,mymeditravel_regenerative_thailand,1
Acupuncture Bk 13165,mymeditravel_regenerative_thailand,1
Acupuncture Initial Visit / Follow Up,menu_enrichment,1
Acupuncture Therapy,menu_enrichment,1
Acupuncture with Electrical Stimulation,menu_enrichment,1
Acupuntura,menu_enrichment,1
Acupuntura auricular,menu_enrichment,1
Acute and Subacute Sprain and Strain,menu_enrichment,1
Acute Disc Herniation,menu_enrichment,1
Acute illness management,menu_enrichment,1
Acute Illness Treatment,menu_enrichment,1
Acute Illness Visit,menu_enrichment,1
Acute Sick New Patient Visit,menu_enrichment,1
Acutonic Sound Therapy,menu_enrichment,1
Add-on Microcurrent,menu_enrichment,1
Addiction treatment center,biohacking_map,1
Additional Level Lumbar Posterior Instrumentation,bookimed_longevity,1
Additional Level Lumbar Posterior Instrumentation,bookimed_longevity_turkey,1
"ADEK Pro K-102 - Apex Energetics, 90 Softgels",menu_enrichment,1
ADHD,menu_enrichment,1
ADHD Diagnosis & Treatment,menu_enrichment,1
Adhesion Therapy,menu_enrichment,1
ADL Instruction,menu_enrichment,1
"Admin (Portal Correspondence, Phone Call, Email)",menu_enrichment,1
Adolescent Psychotherapy,menu_enrichment,1
Adolescent Services,menu_enrichment,1
Adrenal Dysfunction,menu_enrichment,1
Adrenal Fatigue Management,menu_enrichment,1
Adrenal Fatigue Treatment,menu_enrichment,1
Adrenal Treatment,menu_enrichment,1
"Adreset - Adreset, 60 Capsules",menu_enrichment,1
Adult ADHD Program,menu_enrichment,1
Adult Day Care,menu_enrichment,1
Adult HGH Therapy,menu_enrichment,1
Adult Primary Care,menu_enrichment,1
Adult Sports Physical,menu_enrichment,1
Advance Plan - Monthly,menu_enrichment,1
Advance Plan - Yearly,menu_enrichment,1
Advanced Allergy Therapeutics (AAT),menu_enrichment,1
Advanced Annual Health Test & Physical,menu_enrichment,1
Advanced Arthritis Relief Protocol,menu_enrichment,1
Advanced Assessment,menu_enrichment,1
Advanced Athletic Performance,menu_enrichment,1
Advanced Autoimmune Disease Treatment Program,bookimed_longevity,1
Advanced Autoimmune Disease Treatment Program,bookimed_longevity_thailand,1
Advanced Biomarker Testing,menu_enrichment,1
Advanced Biostructural Correction,menu_enrichment,1
Advanced Body Treatments,menu_enrichment,1
Advanced Care Package - NEW ADVANCED,menu_enrichment,1
Advanced CCTA,biohacking_map,1
Advanced Corrective Peel,menu_enrichment,1
Advanced Diagnostic Testing,menu_enrichment,1
Advanced Diagnostics,world_longevity_clinics,1
"Advanced Diagnostics - BIA, HRV analysis, Glycocheck",menu_enrichment,1
ADVANCED DISEASES PACKAGE 9 bill Exosomes with,bookimed_longevity,1
Advanced DMK Treatment,menu_enrichment,1
"Advanced exam - uninsured patient, payment at the time of service",menu_enrichment,1
Advanced Gut Health Care,menu_enrichment,1
Advanced Health Check,menu_enrichment,1
Advanced Longevity Protocol - 60 Sessions,menu_enrichment,1
Advanced Manual Therapy,menu_enrichment,1
Advanced Nutrition,menu_enrichment,1
Advanced Psychotherapy Fellowship Session,menu_enrichment,1
Advanced Regeneration Stack - BPC-157 + TB-500 + Thymosin Alpha-1,menu_enrichment,1
Advanced Thyroid Care,menu_enrichment,1
Aerial Yoga,menu_enrichment,1
"Aesthetic Membership - Monthly Membership, per month",menu_enrichment,1
Aesthetic Podiatry,menu_enrichment,1
Aesthetician Consult,menu_enrichment,1
Aesthetics,menu_enrichment,1
Aesthetics Facial Appearance,menu_enrichment,1
Aesthetics Procedures,menu_enrichment,1
After hour access for urgent matters,menu_enrichment,1
After Hours Access,menu_enrichment,1
Agate Gua Sha Facial Tool,menu_enrichment,1
Age Gracefully Scultpting Treatment,menu_enrichment,1
Age Management/C.A.R.E Program,menu_enrichment,1
Age Reversal Facial,menu_enrichment,1
Age-Defier Package,menu_enrichment,1
Age-Defy HydraLift Facial,menu_enrichment,1
"Age-Defying IV Drip (Deluxe) - Deluxe, 500ml",menu_enrichment,1
"Age-Defying IV Drip (Signature) - Signature, 500ml",menu_enrichment,1
Age/Brown Spot Removal,menu_enrichment,1
Ageless Skin CE Ferulic+ - Ageless Skin,menu_enrichment,1
Ageless Skin Glow Peel Exfoliating & Brightening Peel Pads - Ageless Skin,menu_enrichment,1
Ageless Skin GlyCleanse - Ageless Skin,menu_enrichment,1
Ageless Skin HylaGel - Ageless Skin,menu_enrichment,1
AGNES RF,menu_enrichment,1
AHA ACLS Training - AHA,menu_enrichment,1
AHA Certified PALS Training - AHA,menu_enrichment,1
AHM Gift Card,menu_enrichment,1
AI Blood Panels,menu_enrichment,1
AI Dementia Screening,menu_enrichment,1
AI Endoscopy,world_longevity_clinics,1
AI Epigenetic Optimization,world_longevity_clinics,1
AI Massage,menu_enrichment,1
AI-Driven Health Risk Analysis,menu_enrichment,1
AI-Driven Risk Assessment,world_longevity_clinics,1
AIR & SURFACE PRO XL,menu_enrichment,1
Air Compressions,menu_enrichment,1
Airbrushing,menu_enrichment,1
Akashic Records Session,menu_enrichment,1
Akimat Melt Signature Massage,menu_enrichment,1
Akute Beschwerden,menu_enrichment,1
ALA Specialty Infusion,menu_enrichment,1
ALA Specialty Infusion - ALA,menu_enrichment,1
ALAmax Protect - 120 capsules,menu_enrichment,1
Alar Reduction Bk 14664,mymeditravel_regenerative_thailand,1
Alarplasty Bk 14663,mymeditravel_regenerative_thailand,1
Alastin Skincare,menu_enrichment,1
Alcohol Abuse Treatment,menu_enrichment,1
Alcohol and Drug Screenings,menu_enrichment,1
Alcoholism Treatment Tu2 1246,mymeditravel_regenerative_turkey,1
Alexander Technique Lesson,menu_enrichment,1
AlignRT,menu_enrichment,1
Alkaline Hydrogen Water,menu_enrichment,1
"All In MD Care Package Membership - Up to 5 visits with MD, Up to 6 visits with Integrative Health Advisor",menu_enrichment,1
All Joints,menu_enrichment,1
ALL Reconstruction,menu_enrichment,1
All Sports-Related Injuries,menu_enrichment,1
All-Inclusive 60 Minute 'ili Facial,menu_enrichment,1
All-Inclusive 60 Minute 'ili Facial - 60 minutes,menu_enrichment,1
All-Inclusive 80 Minute 'ili Facial,menu_enrichment,1
All-Inclusive 80 Minute 'ili Facial - 80 minutes,menu_enrichment,1
All-Inclusive IV Drip,menu_enrichment,1
All-Inclusive IV Treatment,menu_enrichment,1
All-Inclusive Package: Premium chin Liposuction,bookimed_longevity,1
"All-Inclusive Penis Enlargement — Fat Graft Thickening, Ligament Release, Post-Op Care",bookimed_longevity_korea,1
All-on-4 Implants with BEGO for Complete Smile Restoration — Lifetime Warranty,bookimed_longevity,1
All-on-4 Implants with BEGO for Complete Smile Restoration — Lifetime Warranty,bookimed_longevity_turkey,1
All-on-4 Implants with Straumann/Neodent — 4★ Hotel & VIP Transfer,bookimed_longevity,1
All-on-4 Straumann Implants for Complete Smile Restoration — 5★ Hotel,bookimed_longevity_korea,1
All-on-6 Implants with BEGO & Temporary Prosthesis — Lifetime Guarantee,bookimed_longevity,1
All-on-6 Implants with BEGO & Temporary Prosthesis — Lifetime Guarantee,bookimed_longevity_turkey,1
All-on-6 Implants with Straumann — 5★ Hotel & Airport Transfer,bookimed_longevity_korea,1
Allergic Conjunctivitis Treatment,menu_enrichment,1
Allergy,menu_enrichment,1
Allergy & Immune Disorder Management,menu_enrichment,1
Allergy Immunotherapy,menu_enrichment,1
Allergy Screening Inhalation Allergy And Food Allergy Bk 14433,mymeditravel_regenerative_thailand,1
Allergy Testing (Food & Environmental),menu_enrichment,1
Allergy Testing Bk 1904,mymeditravel_regenerative_thailand,1
Allergy Testing Clinic,menu_enrichment,1
Allergy Testing Pa 1570,mymeditravel_regenerative_thailand,1
Allergy Testing Ph 1370,mymeditravel_regenerative_thailand,1
Allergy Testing Ph 833,mymeditravel_regenerative_thailand,1
Allergy Testing/Immunotherapy,menu_enrichment,1
Allergy Treatment,menu_enrichment,1
Alleviate IV Drip,menu_enrichment,1
Alleviate IV Infusion,menu_enrichment,1
Allogenic Bone Marrow Transplant From A Non-related Donor,bookimed_longevity,1
Allogenic Bone Marrow Transplant From A Non-related Donor,bookimed_longevity_turkey,1
Allogenic Bone Marrow Transplant From A Related Donor,bookimed_longevity,1
Allogenic Bone Marrow Transplant From A Related Donor,bookimed_longevity_turkey,1
Allon4 Tu2 1147,mymeditravel_regenerative_turkey,1
Allon6 Tu2 1239,mymeditravel_regenerative_turkey,1
Allotropic Oral Methylene Blue,menu_enrichment,1
ALMAG 01 PEMF Device - ALMAG-01,menu_enrichment,1
ALMAG+ Magnetic Stimulation Device - ALMAG+,menu_enrichment,1
"ALMAG-02 Portable PEMF Device - ALMAG-02, Version 2",menu_enrichment,1
"Aloe Ferox Juice, Organic - Kiki Health, 500 ml",menu_enrichment,1
Aloe Vera Freshener Toner,menu_enrichment,1
Aloha Membership,menu_enrichment,1
Alpha Lipoic Acid,menu_enrichment,1
"Alpha Lipoic Acid - Vista Natural Wellness, 250 mg, 60 Capsules",menu_enrichment,1
ALT,menu_enrichment,1
AlterG,menu_enrichment,1
AlterG Anti-Gravity Treadmill - AlterG,menu_enrichment,1
AlterG Antigravity Treadmill,menu_enrichment,1
Alternative medicine,biohacking_map,1
Alternative Types of Therapy,menu_enrichment,1
Alyne Custom Beauty Facial,menu_enrichment,1
Alyne Rejuvenation Signature Facial,menu_enrichment,1
Amber Treatment Facial,menu_enrichment,1
Ambulation Training,menu_enrichment,1
Ambulatory EEG,menu_enrichment,1
American Red Cross CPR with AED & First Aid - American Red Cross,menu_enrichment,1
Amethyst Gua Sha Stone,menu_enrichment,1
"Amino Acid Chelated Magnesium - Vista Natural Wellness, 250 Tablets",menu_enrichment,1
Ammortal Chamber,menu_enrichment,1
Ammortal Chamber - 5-Modality Recovery,menu_enrichment,1
Amniotic Fluid Treatment,menu_enrichment,1
AmpCoil,menu_enrichment,1
AmpCoil Package,menu_enrichment,1
"Anastrozole Capsules - Anastrozole, 0.5mg, 90 Capsules",menu_enrichment,1
"Anastrozole Capsules - Anastrozole, 1mg, 30 Capsules",menu_enrichment,1
"Anastrozole Capsules - Anastrozole, 1mg, 90 Capsules",menu_enrichment,1
Anatomy In Motion,menu_enrichment,1
Anesthesia Bk 14280,mymeditravel_regenerative_thailand,1
Anesthesia Cm 1550,mymeditravel_regenerative_thailand,1
Anesthesiology,menu_enrichment,1
"Aneurysm Surgery, Multiple Aneurysms (Separate Incisions)",bookimed_longevity,1
"Aneurysm Surgery, Multiple Aneurysms (Separate Incisions)",bookimed_longevity_turkey,1
"Aneurysm Surgery, Single Aneurysm (Clip Excluded) – Ruptured",bookimed_longevity,1
"Aneurysm Surgery, Single Aneurysm (Clip Excluded) – Ruptured",bookimed_longevity_turkey,1
ANEW Childcare Center,menu_enrichment,1
ANEW Health & Wellness Clinic,menu_enrichment,1
Angel Facial,menu_enrichment,1
Anger,menu_enrichment,1
"AngiNOX Elite - Fruit Punch, 30 Stick Packs",menu_enrichment,1
Ankle Arthroscopy Tu3 65,mymeditravel_regenerative_turkey,1
Ankle Arthroscopy Tu5 806,mymeditravel_regenerative_turkey,1
Ankle Arthroscopy/Procedures,menu_enrichment,1
Ankle Fusion Surgery Tu3 69,mymeditravel_regenerative_turkey,1
Ankle Injuries Treatment,menu_enrichment,1
Ankle Rejuvenation,menu_enrichment,1
Ankle Sprains,menu_enrichment,1
Ankle Sprains Treatment,menu_enrichment,1
Ankle Treatments,menu_enrichment,1
Ankylosing Spondylitis Treatment,menu_enrichment,1
Annual Exam / Pap,menu_enrichment,1
Annual Gynecological Exam,menu_enrichment,1
Annual Lab Workup,menu_enrichment,1
Annual Live Well Visit (Physical),menu_enrichment,1
Annual Membership,menu_enrichment,1
Annual Membership - Member Annual Membership Badge,menu_enrichment,1
"Annual Membership - per year, unlimited Yoga and Mindful Strength classes",menu_enrichment,1
Annual Physical Exams and Wellness Visits,menu_enrichment,1
Annual Retreats,menu_enrichment,1
Annual well visits,menu_enrichment,1
Annual Wellness Exams & Executive Physicals,menu_enrichment,1
"Annual, School And Immigration Physicals",menu_enrichment,1
ANS/ABI Testing,menu_enrichment,1
Anterior Cervical Corpectomy + Fusion + Stabilization (Single Level),bookimed_longevity,1
Anterior Cervical Corpectomy + Fusion + Stabilization (Single Level),bookimed_longevity_turkey,1
"Anterior Cervical Corpectomy, Each Additional Level",bookimed_longevity,1
"Anterior Cervical Corpectomy, Each Additional Level",bookimed_longevity_turkey,1
Anti Aging and Skin Rejuvenation - Icoone,menu_enrichment,1
Anti Aging Peptides,menu_enrichment,1
Anti-Aging,istanbul_stem_cell_aging,1
Anti-Aging,korea_health_pages_medical_tourism_services,1
Anti-Aging,longevity_suite_istanbul_biohacking,1
Anti-Aging,meditrip_seoul,1
Anti-Aging,menu_enrichment,1
Anti-Aging,mymeditravel_antiaging_stemcell_bangkok,1
Anti-Aging,mymeditravel_antiaging_stemcell_thailand,1
Anti-Aging,mymeditravel_antiaging_stemcell_turkey,1
Anti-Aging,mymeditravel_chaum_medical_center,1
Anti-Aging,turkey_healthcare_group_regenerative,1
Anti-Aging,uniclinics_turkey_clinics,1
Anti-Aging & Cognitive Recovery Protocol,menu_enrichment,1
Anti-Aging (Age Deceleration),menu_enrichment,1
Anti-Aging for Joints,menu_enrichment,1
Anti-Aging Formula,menu_enrichment,1
Anti-Aging Lifestyle & Face Yoga Consultation,menu_enrichment,1
Anti-Aging Medicine,menu_enrichment,1
Anti-Aging Skin Treatment,menu_enrichment,1
Anti-Aging Stack - Peptide Stack,menu_enrichment,1
Anti-Aging Treatment,menu_enrichment,1
Anti-Aging Treatments,menu_enrichment,1
Anti-Depression IV,menu_enrichment,1
Anti-Inflammatory Diet Consultation,menu_enrichment,1
Anti-Wrinkle Injections,menu_enrichment,1
Anti-Wrinkle Injections - per unit,menu_enrichment,1
Anti-Wrinkle Treatment and LED Therapy,menu_enrichment,1
Antiaging Stem Cell Treatment Bk 14053,mymeditravel_regenerative_thailand,1
Antiaging Stem Cell Treatment Bk 14374,mymeditravel_regenerative_thailand,1
Antiaging Stem Cell Treatment Bk 14650,mymeditravel_regenerative_thailand,1
Antiaging Stem Cell Treatment Cm 1551,mymeditravel_regenerative_thailand,1
Antiaging Stem Cell Treatment Cr 33,mymeditravel_regenerative_thailand,1
Antiaging Stem Cell Treatment Pa 1608,mymeditravel_regenerative_thailand,1
Antiaging Stem Cell Treatment Ph 1547,mymeditravel_regenerative_thailand,1
Antiaging Stem Cell Treatment Ph 854,mymeditravel_regenerative_thailand,1
Antiaging Stem Cell Treatment So8 3555,mymeditravel_regenerative_southkorea,1
Antiaging Stem Cell Treatment Sp 362,mymeditravel_regenerative_thailand,1
Antibiotic Therapy,menu_enrichment,1
Antibody Test,menu_enrichment,1
Anticoagulation Management,menu_enrichment,1
Antigen Test,menu_enrichment,1
Antioxidant Peel,menu_enrichment,1
"Antioxidant Peel - Series of 3, 3 treatments",menu_enrichment,1
Antiviral Kit,menu_enrichment,1
Antiviral Kit 2,menu_enrichment,1
Anxiety & Depression Therapy,menu_enrichment,1
Anxiety & Depression Treatment,menu_enrichment,1
Anxiety Disorder Treatment,menu_enrichment,1
Anxiety Management for Professionals,menu_enrichment,1
AOD-9604,menu_enrichment,1
AOE/COE Evaluations,menu_enrichment,1
Apollo Certified Re-Code/Pre-Code Alzheimer's Treatment Program - Bredesen Protocol ReCODE/PreCODE,menu_enrichment,1
Apollo Wearable - Glacier,menu_enrichment,1
Apollo Wearable - Rose,menu_enrichment,1
Apollo Wearable - Stealth,menu_enrichment,1
Apollo Wearable - Twilight,menu_enrichment,1
Appareil de thérapie mitochondriale pour les particuliers - Cellit,menu_enrichment,1
Appareil de thérapie mitochondriale à l'usage des professionnels de santé - CellOxy,menu_enrichment,1
Appendectomy Bk 13180,mymeditravel_regenerative_thailand,1
Applied Behavior Analysis Therapy - ABA Therapy,menu_enrichment,1
AQUA IONIZER,menu_enrichment,1
Aquafirme XS - Aquafirme XS,menu_enrichment,1
Aquagold Fine Touch,menu_enrichment,1
Aquagold Microinjections,menu_enrichment,1
Arachnoiditis Treatment,menu_enrichment,1
Arch Pain,menu_enrichment,1
Areola Reduction Bk 14645,mymeditravel_regenerative_thailand,1
Arm & Leg Waxing,menu_enrichment,1
Arm and Leg Pain,menu_enrichment,1
Arm and Leg Pain Treatment,menu_enrichment,1
Arm Lift Tu1 701,mymeditravel_regenerative_turkey,1
Arm Lift Tu2 1267,mymeditravel_regenerative_turkey,1
Arm Lift with VASER Liposuction — 5★ Hotel & Translation Service Included,bookimed_longevity,1
Arm Lift with VASER Liposuction — 5★ Hotel & Translation Service Included,bookimed_longevity_turkey,1
Arm Liposuction Bk 13207,mymeditravel_regenerative_thailand,1
Arm Liposuction Bk 14640,mymeditravel_regenerative_thailand,1
Arm Liposuction So8 5888,mymeditravel_regenerative_southkorea,1
Arm Liposuction with Tumescent Technique for Defined Silhouette,bookimed_longevity,1
Arm Liposuction with Tumescent Technique for Defined Silhouette,bookimed_longevity_korea,1
Arms Waxing (Half/Full),menu_enrichment,1
Arnica-Bromelain Complex Capsules,menu_enrichment,1
Aroma Acupuncture,menu_enrichment,1
Aroma Massage - 60/90 minutes,menu_enrichment,1
Aromatherapy Back Facial,menu_enrichment,1
Aromatherapy for Stress Reduction - Mind-Body Techniques,menu_enrichment,1
Aromatherapy Massage (Signature Aroma Journey) - Signature Aroma Journey,menu_enrichment,1
Aromatherapy Massage - 60 minutes,menu_enrichment,1
Aromatherapy Massage - 90 minutes,menu_enrichment,1
"Aromatherapy Massage - ESPA Signature Blends, 60 min",menu_enrichment,1
Aromatherapy Massage - Includes Hot Stone,menu_enrichment,1
Aromatherapy Raindrop Massage,menu_enrichment,1
Aromatherapy Wellness Package,menu_enrichment,1
AromaTouch - Session,menu_enrichment,1
AROmotion Hip Treatment,menu_enrichment,1
AROmotion Knee Treatment,menu_enrichment,1
AROmotion Shoulder Treatment,menu_enrichment,1
AROmotion Treatment,menu_enrichment,1
AROmotion Treatment - Single-visit treatment combining three noninvasive and nontraumatic medical modalities,menu_enrichment,1
Art for Joy,menu_enrichment,1
Art Therapy,menu_enrichment,1
Arterial Aging Assessment,menu_enrichment,1
Arterial Ulcers Treatment,menu_enrichment,1
Arthritic Conditions Treatment,menu_enrichment,1
Arthritic Foot Care,menu_enrichment,1
Arthritis and Joint Pain,menu_enrichment,1
Arthritis Center of Riverside Gift Card - Gift Card,menu_enrichment,1
Arthritis Knee Bracing,menu_enrichment,1
Arthritis Management,menu_enrichment,1
Arthritis Rehabilitation,menu_enrichment,1
Arthritis Relief,menu_enrichment,1
Arthritis Therapy,menu_enrichment,1
Arthrogram,menu_enrichment,1
"Arthrosamid Injection - Arthrosamid, 1 Knee",menu_enrichment,1
"Arthrosamid Injection - Arthrosamid, Both Knees",menu_enrichment,1
"Arthrosamid injection therapy for Bilateral - Arthrosamid, bilateral",menu_enrichment,1
"Arthrosamid injection therapy for single - Arthrosamid, single",menu_enrichment,1
Arthroscopic Knee Surgery,menu_enrichment,1
Arthroscopic Meniscus Repair of the Knee,bookimed_longevity,1
Arthroscopic Meniscus Repair of the Knee,bookimed_longevity_turkey,1
Arthroscopic Shoulder Surgery,menu_enrichment,1
Arthroscopic Wrist Surgery,menu_enrichment,1
Arthrostim Adjusting - Arthrostim,menu_enrichment,1
ARX Fit,menu_enrichment,1
AshWork Energy Clearing Session - 40 minutes,menu_enrichment,1
ASO Ankle Brace,menu_enrichment,1
ASO Wrist Brace,menu_enrichment,1
"Assessment - Morris Method™, 30 minutes",menu_enrichment,1
Assisted Stretch,menu_enrichment,1
Assisted Stretching & Mobility Training,menu_enrichment,1
Astaxanthin Black,menu_enrichment,1
Asthma & Rhinitis Treatment,menu_enrichment,1
Asthma Management,menu_enrichment,1
Astym,menu_enrichment,1
At Home ECG Monitoring,menu_enrichment,1
At-Home Blood Draw,menu_enrichment,1
At-home IV Drip Appointment,menu_enrichment,1
At-home Peptide Programs,menu_enrichment,1
Athlete Care,menu_enrichment,1
Athlete's Foot Treatment,menu_enrichment,1
"Athlete/Recovery IV - Contains fluids, electrolytes, magnesium, B12, B1, B2, B3, B5, & B6",menu_enrichment,1
Athletic Performance IV Treatment,menu_enrichment,1
Athletic Performance Optimization Package - with bloodwork,menu_enrichment,1
Athletic Performance Optimization Package - without bloodwork,menu_enrichment,1
Athletic Recovery,menu_enrichment,1
Athletic Recovery & Performance Program,menu_enrichment,1
Athletic Recovery IV - 1 hour,menu_enrichment,1
Athletic Training & Sports Medicine,menu_enrichment,1
"ATP Fuel - ATP Fuel, 150 Capsules",menu_enrichment,1
Atrial Septal Defect Asd Closure So8 1775,mymeditravel_chaum_medical_center,1
Attachment-based Therapy,menu_enrichment,1
Audiology,menu_enrichment,1
Audiometric Testing,menu_enrichment,1
Aura Cacia Essential Oils,menu_enrichment,1
Aura Skin Analysis,menu_enrichment,1
AuraLife Relationship Coaching,menu_enrichment,1
AuraLife Wedding Officiant Services,menu_enrichment,1
Auro Topical Glutathione - Better Than IV,menu_enrichment,1
Autism,menu_enrichment,1
Autism Hospitalization Package for 1 month,bookimed_longevity,1
Autism Hospitalization Package for 1 month,bookimed_longevity_turkey,1
Autism Spectrum Disorder Care,menu_enrichment,1
"Autism Spectrum Disorder medical treatment (Ages 2–12, 14 Days)",bookimed_longevity,1
Auto & Work Injuries Treatment,menu_enrichment,1
Auto Accident and Personal Injury Cases,menu_enrichment,1
Auto Accident Chiropractic Care,menu_enrichment,1
Auto Accident Injury,menu_enrichment,1
Auto Accident Treatment,menu_enrichment,1
Auto Accidents Treatment,menu_enrichment,1
Auto Injuries,menu_enrichment,1
Auto Injuries Treatment,menu_enrichment,1
Auto Injury Care,menu_enrichment,1
Auto/Work Accident Treatment,menu_enrichment,1
Autoimmune & Allergy Treatment,menu_enrichment,1
Autoimmune Disorder Treatment,menu_enrichment,1
Autoimmune Panel,menu_enrichment,1
Autologous Bone Marrow Transplant,bookimed_longevity,1
Autologous Bone Marrow Transplant,bookimed_longevity_turkey,1
Autologous Microfragmented Adipose Injections - M-FAT,menu_enrichment,1
Autonomic Nervous System & Stress Analysis,menu_enrichment,1
Autonomic Response Testing,menu_enrichment,1
AV fistula/graft placement,menu_enrichment,1
Avacen,menu_enrichment,1
Aveli Cellulite Treatment,menu_enrichment,1
AviClear Laser Acne Treatment - AviClear,menu_enrichment,1
Awakened Transformation - with Zachary Wolfgang,menu_enrichment,1
Ayurvedic clinic,biohacking_map,1
Ayurvedic Medicine,menu_enrichment,1
Ayurvedic Wellness Protocols,world_longevity_clinics,1
B Complex Add-On,menu_enrichment,1
B Vitamins Skin,menu_enrichment,1
B Wellness Shot with Vitamin C,menu_enrichment,1
B-12 Add-on,menu_enrichment,1
B-Complex IM Injection,menu_enrichment,1
B-Complex IM Injection - B-Complex,menu_enrichment,1
B-Complex IV Infusion,menu_enrichment,1
B-Lean,menu_enrichment,1
B12 & Vitamin Injections,menu_enrichment,1
B12 Add-On,menu_enrichment,1
B12 IM Injection,menu_enrichment,1
B12 IM Injection - B12,menu_enrichment,1
B12 Shot,menu_enrichment,1
B12 Shot with fluids (add on),menu_enrichment,1
B12 Vitamin Injection,menu_enrichment,1
"B12, toradol, zofran injections",menu_enrichment,1
B6/Semaglutide,menu_enrichment,1
B6/Tirzepatide,menu_enrichment,1
Baby Mama Bundle,menu_enrichment,1
Bach Flower Remedies,menu_enrichment,1
Bach Flower Remedy Consultation - 30 minutes,menu_enrichment,1
Bach Flower Remedy Consultation - 60 minutes,menu_enrichment,1
Back,menu_enrichment,1
Back & Foot Rub - 60min,menu_enrichment,1
"Back & Foot Rub - Includes free cupping, 90min",menu_enrichment,1
Back & Neck Pain,menu_enrichment,1
Back and Neck Arthritis Treatment,menu_enrichment,1
Back and Neck Pain Management,menu_enrichment,1
Back Bodywork,menu_enrichment,1
Back Brace,menu_enrichment,1
Back Facial - Weekend (Fri-Sun),menu_enrichment,1
Back Lift with VASER Liposuction for Sculpted Contour — 6 Nights at Hotel,bookimed_longevity,1
Back Lift with VASER Liposuction for Sculpted Contour — 6 Nights at Hotel,bookimed_longevity_turkey,1
Back Treatment,menu_enrichment,1
Back Wax,menu_enrichment,1
"Back, Neck & Shoulder Treatment",menu_enrichment,1
BAHI Therapy,menu_enrichment,1
Baikal Micro-Crystal Derma-Infusion Treatment,menu_enrichment,1
Baikal Micro-Crystal Eye Treatment,menu_enrichment,1
Baikal Micro-Crystal Infusion Treatment For Hyperpigmentation,menu_enrichment,1
Baikal Micro-Crystal Lip Area Rejuvenation Treatment,menu_enrichment,1
Balance & Fall Prevention Center,menu_enrichment,1
Balance & Gait Training,menu_enrichment,1
Balance And Vestibular Rehabilitation Therapy Bk 14432,mymeditravel_regenerative_thailand,1
Balance Testing,menu_enrichment,1
Balance Training & Falls Prevention,menu_enrichment,1
Balance Training - Fitness and Wellness,menu_enrichment,1
Balanced C - Balanced C,menu_enrichment,1
Balayage,menu_enrichment,1
"Ballancer Pro - Ballancer®, 1 session, 40 minutes",menu_enrichment,1
"Ballancer Pro - Ballancer®, 12 sessions, 40 minutes each",menu_enrichment,1
"Ballancer Pro - Ballancer®, 6 sessions, 40 minutes each",menu_enrichment,1
BallancerPro Lymphatic Drainage,menu_enrichment,1
Balloon Sinuplasty,menu_enrichment,1
Banana bag,menu_enrichment,1
Bang Trim,menu_enrichment,1
Bangkok NIFTY Prenatal Screening Package,bookimed_longevity,1
Bangkok NIFTY Prenatal Screening Package,bookimed_longevity_thailand,1
Bankart Repair,menu_enrichment,1
Bankart/Hill-Sachs Lesions,menu_enrichment,1
Bareface Moisturizing Oil - Daribell Skincare,menu_enrichment,1
Bariatric Services,menu_enrichment,1
Bariatric sleeve surgery,bookimed_longevity,1
Bariatric sleeve surgery,bookimed_longevity_thailand,1
Bariatric Surgery Check-up with Dietitian & Psychotherapy — Translation Included,bookimed_longevity,1
Bariatric Surgery Check-up with Dietitian & Psychotherapy — Translation Included,bookimed_longevity_turkey,1
Barre,menu_enrichment,1
Bartholin's Cyst Drainage,menu_enrichment,1
Bartholins Cyst Treatment So8 1822,mymeditravel_chaum_medical_center,1
Baseball/Softball Indoor Batting Cage,menu_enrichment,1
Baseline Wellness Test,menu_enrichment,1
Basic Bloodwork - Standard Panels,menu_enrichment,1
Basic Body Sculpt Package,menu_enrichment,1
Basic Care Package - BASIC,menu_enrichment,1
Basic Double Chin Liposuction,bookimed_longevity,1
Basic Health Check-up Package for Under 30 — Metabolic & Organ Function,bookimed_longevity,1
Basic Health Check-up Package for Under 30 — Metabolic & Organ Function,bookimed_longevity_thailand,1
Basic Hydration,menu_enrichment,1
Basic Panel,menu_enrichment,1
Basic Plan - Monthly,menu_enrichment,1
Basic Plan - Yearly,menu_enrichment,1
Basic Rehydrate,menu_enrichment,1
"Basic visit - uninsured patient, payment at the time of service",menu_enrichment,1
Basic Wet Cupping / Hijama Session,menu_enrichment,1
BBL,menu_enrichment,1
BBL Photofacial,menu_enrichment,1
BBL With Sculptra - Sculptra,menu_enrichment,1
BEAR Implant,menu_enrichment,1
BEAR Implant - BEAR®,menu_enrichment,1
Beard Transplant So8 6061,mymeditravel_regenerative_southkorea,1
Beard Waxing,menu_enrichment,1
Beast Mode Membership,menu_enrichment,1
Beautician,biohacking_map,1
Beauty & Anti-Aging IV,menu_enrichment,1
Beauty & Cosmetic,menu_enrichment,1
"Beauty IV - Contains vitamins, antioxidants, and nutrients",menu_enrichment,1
Beauty IV Drip,menu_enrichment,1
Beauty salon,biohacking_map,1
"Beauty with Ceramides Vegicaps - Kiki Health, 60 Caps",menu_enrichment,1
Bedside Wound Care,menu_enrichment,1
Bee Venom Therapy - Apitherapy,menu_enrichment,1
"Beetroot Powder, Organic - Kiki Health, 200 gm",menu_enrichment,1
"BEGO Dental Implant with Zirconia Crown — 10,000+ Implants Placed Experience",bookimed_longevity,1
"BEGO Dental Implant with Zirconia Crown — 10,000+ Implants Placed Experience",bookimed_longevity_turkey,1
Behavior Management with OT,menu_enrichment,1
Behavioral Health,menu_enrichment,1
Behavioral Health & Psychiatric Services,menu_enrichment,1
Behavioral Health Services,menu_enrichment,1
Bell's Palsy,menu_enrichment,1
"Belladerm Vitamin C Serum 20% - Belladerm, 20%",menu_enrichment,1
Bellafill - PMMA collagen gel,menu_enrichment,1
Belly Fat Reducer,menu_enrichment,1
Belotero - Belotero,menu_enrichment,1
Bemer Therapy,menu_enrichment,1
BEMER Therapy,menu_enrichment,1
Bemer Treatment - BEMER,menu_enrichment,1
Benadryl Add-On,menu_enrichment,1
Beng Kung Belly Binding,menu_enrichment,1
Benign Disease Treatment,menu_enrichment,1
Best Garlic - Best Garlic,menu_enrichment,1
"Beta Glucan - Beta Glucan, 30 Capsules",menu_enrichment,1
"Beta Glucan Forte - Beta Glucan Forte, 60 Capsules",menu_enrichment,1
Better Digest - Natural products,menu_enrichment,1
BETTY BOO Velvet Liquid Lipstick,menu_enrichment,1
BHRT - Anastrozole capsules - Anastrozole,menu_enrichment,1
BHRT - Bi-Estr + Testosterone cream - Bi-Estr + Testosterone cream,menu_enrichment,1
BHRT - HCG - HCG,menu_enrichment,1
BHRT - Pellets insertion for Men,menu_enrichment,1
BHRT - Pellets insertion for Men + up to 6 months treatments,menu_enrichment,1
BHRT - Pellets insertion for Women,menu_enrichment,1
BHRT - Testosterone cream - Testosterone cream,menu_enrichment,1
BHRT - Testosterone Cypionate - Testosterone Cypionate,menu_enrichment,1
Bi-Amino Injections - L-Citrulline + L-Arginine,menu_enrichment,1
Biceps Tenodesis/Tenotomy,menu_enrichment,1
Bikini Line Waxing,menu_enrichment,1
Bikini Waxing,menu_enrichment,1
Billing,menu_enrichment,1
Bio Identical Hormones Pellets,menu_enrichment,1
Bio Scanning,menu_enrichment,1
Bio Stimulators,menu_enrichment,1
Bio-Adaptive Micro-Current Face Contouring,menu_enrichment,1
Bio-D-Mulsion Forte - Biotics Research,menu_enrichment,1
Bio-Dynamic Facial With Extracts Of Lubomirskia Sponges From Lake Baikal,menu_enrichment,1
Bio-Identical Hormone Replacement (BHRT) Men,menu_enrichment,1
Bio-Identical Hormone Replacement (BHRT) Women,menu_enrichment,1
Bio-Stacking Experience,menu_enrichment,1
Bio-Stimulators,menu_enrichment,1
BioCharger,menu_enrichment,1
Biodex Balance Assessment,menu_enrichment,1
Biodex Balance Training,menu_enrichment,1
Biodex Balance Treatment,menu_enrichment,1
Bioelectric Therapy,menu_enrichment,1
Biofeedback Therapy,menu_enrichment,1
Biofield Tuning,menu_enrichment,1
Biofiller,menu_enrichment,1
Biohacking,longevity_suite_istanbul_biohacking,1
Biohacking and Optimization,menu_enrichment,1
"Bioharmonics - 1 session, 20 minutes",menu_enrichment,1
"Bioharmonics - 12 sessions, 20 minutes each",menu_enrichment,1
"Bioharmonics - 6 sessions, 20 minutes each",menu_enrichment,1
Bioidentical Hormone Treatment Plan Book,menu_enrichment,1
Bioidentical Hormones,menu_enrichment,1
Bioidentical Hormones for Women,menu_enrichment,1
BioInsight Advanced Diagnostics Suite,menu_enrichment,1
Biologic Infusion Therapy,menu_enrichment,1
Biological Terrain Assessment (BTA) - Follow Up,menu_enrichment,1
Biological Terrain Assessment (BTA) - Initial Visit,menu_enrichment,1
Biologique Body Treatments - Biologique Recherche,menu_enrichment,1
Biologique Facials - Biologique Recherche,menu_enrichment,1
Biomarker Analysis,menu_enrichment,1
Biomarker Lab Analysis - DexaFit,menu_enrichment,1
Biomarker Panel (100+),world_longevity_clinics,1
BioMat & BioAcoustic Mat Therapy,menu_enrichment,1
BioMat & BioAcoustic Mat Therapy Package,menu_enrichment,1
BioMat Therapy - BioMat,menu_enrichment,1
BioRePeel,menu_enrichment,1
BioRePeel /Biorevitalization Peel,menu_enrichment,1
BioRePeel Add-On,menu_enrichment,1
Biorepeel Package,menu_enrichment,1
BioRePeelCl3 - BioRePeelCl3,menu_enrichment,1
BioRePeelCl3 Facial,menu_enrichment,1
Biostimulatoren,menu_enrichment,1
Biosyntonie,menu_enrichment,1
BioTE,menu_enrichment,1
Biotin Add-on,menu_enrichment,1
Biotin IM Injection,menu_enrichment,1
Biotin IM Injection - Biotin,menu_enrichment,1
Biotin Injection,menu_enrichment,1
Biotin Shot,menu_enrichment,1
Bipolar Affective Disorder Diagnostics,bookimed_longevity,1
Bipolar Affective Disorder Diagnostics,bookimed_longevity_turkey,1
Bipolar Disorder,menu_enrichment,1
Bipolar Disorder Diagnosis & Treatment,menu_enrichment,1
Birth control counseling & prescriptions,menu_enrichment,1
Birth Control Counseling Services,menu_enrichment,1
Birth Control Insertion,menu_enrichment,1
Birth Doula Support,menu_enrichment,1
Birth Prep Massage,menu_enrichment,1
Birthday Sound Bath,menu_enrichment,1
Birthmarks and Vascular Lesions Treatment,menu_enrichment,1
Black Friday Laser Hair Removal Package Full Body,menu_enrichment,1
Black Light Meditation,menu_enrichment,1
BLACK Membership,menu_enrichment,1
Black out IV Drip,menu_enrichment,1
"Blackcurrant Immuno Chaga Shot - Shroomwell, 25 ml",menu_enrichment,1
Bladder Catheterization,menu_enrichment,1
Blastocyst,menu_enrichment,1
Blender Sponge for Makeup,menu_enrichment,1
Blepharoplasty,menu_enrichment,1
Blepharoplasty for Refreshed & Youthful Eyes — 5★ Hotel & VIP Transfer,bookimed_longevity,1
Blepharoplasty for Refreshed & Youthful Eyes — 5★ Hotel & VIP Transfer,bookimed_longevity_turkey,1
Blissful Birth Massage Oil,menu_enrichment,1
Blissful Birth Roller,menu_enrichment,1
Blissful Bloom,menu_enrichment,1
Blood Flow Restriction Training (BFRT),menu_enrichment,1
Blood pressure monitoring,menu_enrichment,1
Blood Test,menu_enrichment,1
Blood Testing,menu_enrichment,1
Blood Testing Kit,menu_enrichment,1
Blood Tests,menu_enrichment,1
Blood Tests Bk 13424,mymeditravel_regenerative_thailand,1
Blood Tests Pa 1613,mymeditravel_regenerative_thailand,1
Blood Tests Tu2 1252,mymeditravel_regenerative_turkey,1
Blood work,menu_enrichment,1
Blood/Urine Work,menu_enrichment,1
Bloodwork & Personalized Supplements,menu_enrichment,1
Blow Dry,menu_enrichment,1
Blowout,menu_enrichment,1
Blowout with Flat Iron or Curling Iron,menu_enrichment,1
BLS Certification,menu_enrichment,1
BLS Instructor Class,menu_enrichment,1
BLS Original Course,menu_enrichment,1
BLS Renewal Class,menu_enrichment,1
Blue Breathwork Yoga Mat,menu_enrichment,1
Blueberry Detox Firming Peel,menu_enrichment,1
BMAC Therapy,menu_enrichment,1
Bocox,menu_enrichment,1
Bodee Scan,menu_enrichment,1
Body + Foot Combo Massage - Body 30mins + Foot 30mins,menu_enrichment,1
Body + Foot Combo Massage - Body 30mins + Foot 60mins,menu_enrichment,1
Body + Foot Combo Massage - Body 60mins + Foot 30mins,menu_enrichment,1
Body Ballancer Lymphatic Drainage - Body Ballancer,menu_enrichment,1
Body Beautifier Package,menu_enrichment,1
"Body Biotics Vegicaps - Kiki Health, 30 Caps",menu_enrichment,1
Body Buffing,menu_enrichment,1
Body Composition Optimization,menu_enrichment,1
Body Composition Testing,menu_enrichment,1
Body Contouring & Fat Reduction,menu_enrichment,1
Body Contouring - Cryolipolysis,menu_enrichment,1
Body Contouring - Looking Great Package,menu_enrichment,1
Body Contouring - Radiofrequency Therapy,menu_enrichment,1
Body Contouring - Try it Out Package,menu_enrichment,1
"Body Contouring - UPKEEP Upgrade, Package of 4",menu_enrichment,1
Body Cream,menu_enrichment,1
Body Detox Contouring Treatment,menu_enrichment,1
Body Detox Contouring Treatment - 90 Minutes,menu_enrichment,1
Body Enhancer,menu_enrichment,1
Body Fat Analysis,menu_enrichment,1
Body Hydrating Wrap,menu_enrichment,1
Body Hydrating Wrap - 60 Minutes,menu_enrichment,1
Body Psychotherapy,menu_enrichment,1
Body Roller - Environ,menu_enrichment,1
Body Scanning with Before & After Pictures,menu_enrichment,1
Body Sculpt - Fat Destruction - Butt & Thighs - Package of 4 - Package of 4,menu_enrichment,1
Body Sculpt - Fat Destruction - Butt & Thighs - Single,menu_enrichment,1
Body Sculpt - Fat Destruction - Stomach & Flanks - Package of 4 - Package of 4,menu_enrichment,1
Body Sculpt - Fat Destruction - Stomach & Flanks - Single,menu_enrichment,1
"Body Sculpt — Fat Destruction - Butt & Thighs, Package of 4",menu_enrichment,1
"Body Sculpt — Fat Destruction - Butt & Thighs, Package of 4, 4 sessions",menu_enrichment,1
"Body Sculpt — Fat Destruction - Stomach & Flanks, Package of 4",menu_enrichment,1
"Body Sculpt — Fat Destruction - Stomach & Flanks, Package of 4, 4 sessions",menu_enrichment,1
Body Sculpting - Emsculpt NEO,menu_enrichment,1
Body Sculpting and Skin Tightening - Fotona TightSculpting,menu_enrichment,1
Body Shaping - Icoone,menu_enrichment,1
Body Tone - Muscle Tone - Butt & Thighs - Package of 4 - Package of 4,menu_enrichment,1
Body Tone - Muscle Tone - Butt & Thighs - Single,menu_enrichment,1
Body Tone - Muscle Tone - Stomach & Flanks - Package of 4 - Package of 4,menu_enrichment,1
Body Tone - Muscle Tone - Stomach & Flanks - Single,menu_enrichment,1
"Body Tone — Muscle Tone - Butt & Thighs, Package of 4",menu_enrichment,1
"Body Tone — Muscle Tone - Butt & Thighs, Package of 4, 4 sessions",menu_enrichment,1
"Body Tone — Muscle Tone - Stomach & Flanks, Package of 4",menu_enrichment,1
"Body Tone — Muscle Tone - Stomach & Flanks, Package of 4, 4 sessions",menu_enrichment,1
Body Treatment,menu_enrichment,1
Body Treatments - 1 min,menu_enrichment,1
Body Wellness Rituals,menu_enrichment,1
BodyLogicMD Advantage Membership - BHRT & Perimenopause Care,menu_enrichment,1
BodyTite,menu_enrichment,1
Bodywork Massage - 60 minutes,menu_enrichment,1
Bodywork Massage - 90 minutes,menu_enrichment,1
BOGO Black Friday Special,menu_enrichment,1
Bond Membership,menu_enrichment,1
"Bone Builder - Bone Builder, 90 Tablets",menu_enrichment,1
"Bone Builder Prime - Bone Builder Prime, 270 Tablets",menu_enrichment,1
"Bone Builder with Boron - Bone Builder with Boron, 270 Tablets",menu_enrichment,1
Bone densitometry,menu_enrichment,1
Bone Density Scanning,menu_enrichment,1
Bone Density Test,menu_enrichment,1
Bone Fracture Treatment Tu5 805,mymeditravel_regenerative_turkey,1
Bone Health,menu_enrichment,1
Bone Infection Treatment,menu_enrichment,1
Bone Marrow (BMC Therapy),menu_enrichment,1
Bone Marrow Concentrate,menu_enrichment,1
Bone Marrow Concentrate Therapy - BMAC,menu_enrichment,1
Bone Marrow Transplantation,bookimed_longevity,1
Bone Marrow Transplantation,bookimed_longevity_turkey,1
Bone Mineral Densitometry Bmd So8 1802,mymeditravel_chaum_medical_center,1
Bone Mineral Density Test,menu_enrichment,1
Bone Spur Treatment,menu_enrichment,1
"Bone Support - Bone Support, 120 Capsules",menu_enrichment,1
Boost IV Drip,menu_enrichment,1
Boost Semiglutide Support,menu_enrichment,1
Boot,menu_enrichment,1
Booty Facial,menu_enrichment,1
BootyFix: Radiesse -10 (Original Price) - Radiesse,menu_enrichment,1
BootyFix: Radiesse -10 - Radiesse,menu_enrichment,1
BootyFix: Radiesse -20 (Original Price) - Radiesse,menu_enrichment,1
BootyFix: Radiesse -20 - Radiesse,menu_enrichment,1
BootyFix: Sculptra -10 (Original Price) - Sculptra,menu_enrichment,1
BootyFix: Sculptra -10 - Sculptra,menu_enrichment,1
BootyFix: Sculptra -20 (Original Price) - Sculptra,menu_enrichment,1
BootyFix: Sculptra -20 - Sculptra,menu_enrichment,1
Borderline Personality Disorder Treatment,menu_enrichment,1
Botanical Infused Moisturizing Toner - Environ,menu_enrichment,1
Botanical Infused Sebu-Tone Clarifier - Environ,menu_enrichment,1
Botanicort Complex with Organic Pure Hemp Seed Oil,menu_enrichment,1
Botulism Toxin for Spasticity and Pain-Related Issues,menu_enrichment,1
Bourda Bittah Tonic,menu_enrichment,1
"BPC-157 + TB-500 Combo - Combo Protocol, 30-Day Supply",menu_enrichment,1
BPC-157 - BPC-157,menu_enrichment,1
"BPC-157 - Tissue & Gut, 30-Day Supply",menu_enrichment,1
BPC-157 and TB-500,menu_enrichment,1
BPPV Treatment,menu_enrichment,1
Braces,menu_enrichment,1
Braces Bk 13159,mymeditravel_regenerative_thailand,1
Bracing for Compression Fractures and Back Pain,menu_enrichment,1
Brain & Nerve Rehabilitation Package,bookimed_longevity,1
Brain & Nerve Rehabilitation Package,bookimed_longevity_turkey,1
Brain Analytics,menu_enrichment,1
Brain Booster,menu_enrichment,1
Brain Boot Camp,menu_enrichment,1
Brain EEG (WAVi),biohacking_map,1
"Brain Focus IV - Contains fluids, electrolytes, B1, B2, B3, B5, B6, magnesium, & taurine",menu_enrichment,1
Brain Function,menu_enrichment,1
Brain Health,menu_enrichment,1
Brain Health Optimization,menu_enrichment,1
Brain Health Support Package,menu_enrichment,1
Brain Tap,menu_enrichment,1
Brain Tumor Removal by Surgeon with 900+ Brain Tumor Procedures — VIP Transfer Included,bookimed_longevity,1
Brain Tumor Removal by Surgeon with 900+ Brain Tumor Procedures — VIP Transfer Included,bookimed_longevity_turkey,1
Brain Tumor Surgery Bk 14372,mymeditravel_regenerative_thailand,1
Brainstorm,menu_enrichment,1
Brainstorm IV Drip,menu_enrichment,1
BrainTap,menu_enrichment,1
BrainTap Therapy,menu_enrichment,1
Brazilian (Her),menu_enrichment,1
Brazilian (Him),menu_enrichment,1
Brazilian Bikini Waxing,menu_enrichment,1
Brazilian Bleaching,menu_enrichment,1
Brazilian Butt Lift,menu_enrichment,1
Brazilian Butt Lift Bk 14659,mymeditravel_regenerative_thailand,1
Brazilian Butt Lift So8 3562,mymeditravel_regenerative_southkorea,1
Brazilian Butt Lift with Pre-Op Tests & Full Post-Op Care — 6 Nights at 3★ Hotel & Transfers Included,bookimed_longevity,1
Brazilian Butt Lift with Pre-Op Tests & Full Post-Op Care — 6 Nights at 3★ Hotel & Transfers Included,bookimed_longevity_turkey,1
Brazilian Wax,menu_enrichment,1
Breast Augmentation,menu_enrichment,1
Breast Augmentation + Lift with Mentor Implants — 5 Nights at Hotel Included,bookimed_longevity_korea,1
Breast Augmentation + Lift with Motiva® Ergonomix2® Implants — 5★ Hotel & VIP Transfer,bookimed_longevity,1
Breast Augmentation + Lift with Motiva® Ergonomix2® Implants — 5★ Hotel & VIP Transfer,bookimed_longevity_turkey,1
Breast Augmentation Bk 12485,mymeditravel_regenerative_thailand,1
Breast Augmentation Bk 13209,mymeditravel_regenerative_thailand,1
Breast Augmentation Bk 14633,mymeditravel_regenerative_thailand,1
"Breast Augmentation by Surgeon with 3,500+ Procedures Performed — 4★ Hotel & Transfers Included",bookimed_longevity,1
"Breast Augmentation by Surgeon with 3,500+ Procedures Performed — 4★ Hotel & Transfers Included",bookimed_longevity_korea,1
"Breast Augmentation by Surgeon with 3,500+ Procedures Performed — 4★ Hotel & Transfers Included",bookimed_longevity_turkey,1
Breast Augmentation So8 3535,mymeditravel_regenerative_southkorea,1
Breast Augmentation Tu1 702,mymeditravel_regenerative_turkey,1
Breast Augmentation with Implant,menu_enrichment,1
Breast Augmentation with Mentor Implants — 5 Nights at 5★ Hotel,bookimed_longevity,1
Breast Augmentation with Mentor Implants — 5 Nights at 5★ Hotel,bookimed_longevity_turkey,1
Breast Augmentation with Mentor MemoryGel for Natural-Looking Results,bookimed_longevity_korea,1
Breast Augmentation with Mentor XTRA for Natural Feel & Shape,bookimed_longevity,1
Breast Augmentation with Mentor XTRA for Natural Feel & Shape,bookimed_longevity_korea,1
Breast Augmentation with Motiva Implants + 360° Lipo & Tummy Tuck — 5-Night Hotel Stay Included,bookimed_longevity_korea,1
Breast Augmentation with Motiva Implants by EBOPRAS Fellow — 5★ Hotel,bookimed_longevity,1
Breast Augmentation with Motiva Implants by EBOPRAS Fellow — 5★ Hotel,bookimed_longevity_turkey,1
Breast Augmentation with Motiva Implants — 5★ Hotel & VIP Transfer,bookimed_longevity,1
Breast Augmentation with Motiva Implants — 5★ Hotel & VIP Transfer,bookimed_longevity_turkey,1
Breast Augmentation with Silicone Implants Surgery,bookimed_longevity,1
Breast Augmentation with Silicone Implants Surgery,bookimed_longevity_turkey,1
Breast Cancer Surgery at Hospital with 25+ Years & 160 Countries Experience — VIP Transfer Included,bookimed_longevity,1
Breast Cancer Surgery at Hospital with 25+ Years & 160 Countries Experience — VIP Transfer Included,bookimed_longevity_turkey,1
Breast Cupping,menu_enrichment,1
Breast Enhancement with Motiva Implants for Natural Proportions,bookimed_longevity,1
Breast Enhancement with Motiva Implants for Natural Proportions,bookimed_longevity_korea,1
Breast Exam,menu_enrichment,1
Breast Examinations,menu_enrichment,1
Breast Fat Injection,menu_enrichment,1
Breast Imaging,menu_enrichment,1
Breast Imaging Tu1 707,mymeditravel_regenerative_turkey,1
Breast Implant Removal Bk 14658,mymeditravel_regenerative_thailand,1
Breast Implant Revision Bk 14636,mymeditravel_regenerative_thailand,1
Breast Implants Bk 14634,mymeditravel_regenerative_thailand,1
Breast Implants So8 3617,mymeditravel_regenerative_southkorea,1
Breast Implants Tu2 1265,mymeditravel_regenerative_turkey,1
Breast Lift & Augmentation with Motiva Ergonomix Teardrop Implants — 4 Nights at 5★ Hotel,bookimed_longevity,1
Breast Lift & Augmentation with Motiva Ergonomix Teardrop Implants — 4 Nights at 5★ Hotel,bookimed_longevity_turkey,1
Breast Lift Bk 13210,mymeditravel_regenerative_thailand,1
Breast Lift Bk 14657,mymeditravel_regenerative_thailand,1
"Breast Lift by Surgeon with 1,100+ Procedures Performed — 24hr Nurse Care",bookimed_longevity,1
"Breast Lift by Surgeon with 1,100+ Procedures Performed — 24hr Nurse Care",bookimed_longevity_korea,1
Breast Lift So8 3536,mymeditravel_regenerative_southkorea,1
Breast Lift Tu2 1266,mymeditravel_regenerative_turkey,1
Breast Lift with Compression Garments — 6-Night Hotel Stay with Companion Included,bookimed_longevity,1
Breast Lift with Compression Garments — 6-Night Hotel Stay with Companion Included,bookimed_longevity_turkey,1
Breast Lift with Implants by EBOPRAS-Certified Surgeon — 6 Nights at 4★ Hotel,bookimed_longevity,1
Breast Lift with Lollipop Technique — 7 Nights at 4★ Hotel Included,bookimed_longevity,1
Breast Lift with Lollipop Technique — 7 Nights at 4★ Hotel Included,bookimed_longevity_korea,1
Breast Lift with Lollipop Technique — 7 Nights at 4★ Hotel Included,bookimed_longevity_turkey,1
Breast Lift with Nipple Correction — 5-Night Hotel Stay & VIP Transfer Included,bookimed_longevity_korea,1
Breast Liposuction So8 5909,mymeditravel_regenerative_southkorea,1
Breast Reconstruction,menu_enrichment,1
Breast Reconstruction Bk 12486,mymeditravel_regenerative_thailand,1
Breast Reconstruction So8 3538,mymeditravel_regenerative_southkorea,1
Breast Reduction,menu_enrichment,1
"Breast Reduction & Lift for a Natural, Balanced Silhouette — 5★ Hotel & Transfers",bookimed_longevity,1
"Breast Reduction & Lift for a Natural, Balanced Silhouette — 5★ Hotel & Transfers",bookimed_longevity_turkey,1
Breast Reduction Bk 14644,mymeditravel_regenerative_thailand,1
Breast Reduction by EBOPRAS-Certified Surgeon — 6 Nights at 4★ Hotel & VIP Transfer,bookimed_longevity_turkey,1
Breast Reduction by European Board Certified Surgeon — All Included,bookimed_longevity,1
Breast Reduction by European Board Certified Surgeon — All Included,bookimed_longevity_turkey,1
Breast Reduction So8 3537,mymeditravel_regenerative_southkorea,1
Breast Reduction with Comprehensive Testing — 1 Night Hospital Stay,bookimed_longevity_korea,1
"Breast Reduction with Motiva Ergonomix Implants — 5★ Hotel, Transfers & 1-Year Follow-Up Included",bookimed_longevity,1
"Breast Reduction with Motiva Ergonomix Implants — 5★ Hotel, Transfers & 1-Year Follow-Up Included",bookimed_longevity_turkey,1
Breast reflector placement,menu_enrichment,1
Breast Surgery,menu_enrichment,1
Breast Tumor Removal Bk 14161,mymeditravel_regenerative_thailand,1
Breast ultrasound,menu_enrichment,1
Breast Uplift Surgery with European Board-Certified Surgeon — All Included,bookimed_longevity,1
Breast Uplift Surgery with European Board-Certified Surgeon — All Included,bookimed_longevity_turkey,1
Breast/Chest Massage,menu_enrichment,1
Breath & Ice Workshop - 1.5 to 3 hours,menu_enrichment,1
Breathe Easy IV,menu_enrichment,1
Breathing Techniques - Mind-Body Techniques,menu_enrichment,1
Breathing Tests (Spirometry),menu_enrichment,1
Breathwork & Vagus Nerve Sessions,menu_enrichment,1
Breathwork Ice Bath Class,menu_enrichment,1
Breathwork Workshop,menu_enrichment,1
Breathwork Workshops,menu_enrichment,1
Bridal Services,menu_enrichment,1
Brief Follow-Up - 30 minutes,menu_enrichment,1
Brightening Eye Cream,menu_enrichment,1
Brightening Facial Fruit Wash,menu_enrichment,1
BroadBandLight Therapy (BBL),menu_enrichment,1
BRONCHI EX,menu_enrichment,1
Bronze Membership,menu_enrichment,1
Brow and Lash Tint,menu_enrichment,1
Brow Lamination + Color Enhancement,menu_enrichment,1
Brow Lamination + Color Enhancement - 1hr,menu_enrichment,1
Brow Lift Bk 14631,mymeditravel_regenerative_thailand,1
Brow Lift by EBOPRAS-Certified Surgeon — 6 Nights & VIP Transfer Included,bookimed_longevity,1
Brow Lift by EBOPRAS-Certified Surgeon — 6 Nights & VIP Transfer Included,bookimed_longevity_turkey,1
Brow Lift So8 3548,mymeditravel_regenerative_southkorea,1
Brow Lift Tu1 703,mymeditravel_regenerative_turkey,1
Brow Lumination,menu_enrichment,1
Brow Maintenance,menu_enrichment,1
Brow Shaping,menu_enrichment,1
Brow Threading,menu_enrichment,1
Brow Tint,menu_enrichment,1
Brow Tinting,menu_enrichment,1
Brow Wax Cleaning,menu_enrichment,1
Brows,menu_enrichment,1
Brows and Waxing,menu_enrichment,1
Bubblemint Gum Pack - Milliways,menu_enrichment,1
Buccal Fat Extraction Bk 14661,mymeditravel_regenerative_thailand,1
Buccal Massage (add on),menu_enrichment,1
Buccal Massage Add-On,menu_enrichment,1
Build IV Drip,menu_enrichment,1
"Build Your Own Drip - 1,000 mL Saline Bag",menu_enrichment,1
Build Your Own Drip - 250 mL Saline Bag,menu_enrichment,1
Build Your Own Drip - 500 mL Saline Bag,menu_enrichment,1
Bullhorn Lip Lift,menu_enrichment,1
Bundle Offer: Primitive Total Wellness Set,menu_enrichment,1
Bunion Deformity,menu_enrichment,1
Bunion Treatment,menu_enrichment,1
Bunny Lines,menu_enrichment,1
Burn Scar Massage,menu_enrichment,1
Bursa Injection,menu_enrichment,1
"Bursa, Joint, Fascial, and Ligament Injections",menu_enrichment,1
Business Development & Private Practice Growth - Professional Development & Practice Support,menu_enrichment,1
Business management consultant,biohacking_map,1
Business Session,menu_enrichment,1
Butt Augmentation - Radiesse,menu_enrichment,1
Butt Cupping,menu_enrichment,1
Butt Cupping - 30 min,menu_enrichment,1
Butt Cupping - 60 min,menu_enrichment,1
Butt Cupping Therapy,menu_enrichment,1
Butt Vacuum Lift Therapy,menu_enrichment,1
Butt Vacuum Lift Therapy - 10 Pack,menu_enrichment,1
Butt Vacuum Lift Therapy - 6 Pack,menu_enrichment,1
Buttock Augmentation So8 3561,mymeditravel_regenerative_southkorea,1
Buttock Implants So8 3563,mymeditravel_regenerative_southkorea,1
Buttock Liposuction Bk 14641,mymeditravel_regenerative_thailand,1
Buttock Liposuction So8 6014,mymeditravel_regenerative_southkorea,1
C-Reactive Protein (CRP) Test,menu_enrichment,1
C02 Laser Treatment,menu_enrichment,1
C15:0 - The Longevity Molecule - 3X Better than Omega-3,menu_enrichment,1
C2O2 Signature Peel,menu_enrichment,1
Cacao Ceremonies,menu_enrichment,1
Cacao Ceremony,menu_enrichment,1
Cacao Ceremony - 90 min,menu_enrichment,1
"Cacao Ceremony - Reiki infused Cacao from Guatemala, 90 min, per person",menu_enrichment,1
Cacao Ceremony Sound Bath,menu_enrichment,1
Cagrilintide,menu_enrichment,1
"Calcium D-Glucarate - 1,200 mg",menu_enrichment,1
Caldulev - Digestive,menu_enrichment,1
Calf Liposuction So8 5972,mymeditravel_regenerative_southkorea,1
CALIENTE Velvet Liquid Lipstick,menu_enrichment,1
Calm & Restore Facial - Sensitive/Rosacea Treatment,menu_enrichment,1
Calming CBD Massage,menu_enrichment,1
Camp Physicals,menu_enrichment,1
Cancellation and No Show Fee,menu_enrichment,1
Cancellation Processing Fee,menu_enrichment,1
Cancer Care,menu_enrichment,1
Cancer Care Support,menu_enrichment,1
Cancer Imaging,menu_enrichment,1
Cancer Pain Management,menu_enrichment,1
Cancer Risk Assessment,world_longevity_clinics,1
Cancer Survivorship,menu_enrichment,1
CancerCheck Program,menu_enrichment,1
"Candibactin-BR - Candibactin-BR, 90 Tablets",menu_enrichment,1
Candida IBS Profile,menu_enrichment,1
Canopy Plan Membership,menu_enrichment,1
Canthoplasty,menu_enrichment,1
Capillus Cap,menu_enrichment,1
CAR T-cell Therapy by Mayo Clinic-Trained Hematologist at JCI Center,bookimed_longevity,1
CAR T-cell Therapy by Mayo Clinic-Trained Hematologist at JCI Center,bookimed_longevity_turkey,1
Carbon Facials,menu_enrichment,1
Carbon Glow Treatments,menu_enrichment,1
Carbon Laser Peel,menu_enrichment,1
Carbon Monoxide Poisoning Treatment,menu_enrichment,1
Carbon Peel Laser,menu_enrichment,1
Carboxytherapy,menu_enrichment,1
Cardiac AI,menu_enrichment,1
Cardiac Assessment So8 206,mymeditravel_chaum_medical_center,1
Cardiac Ct So8 1778,mymeditravel_chaum_medical_center,1
Cardiac Evaluations,menu_enrichment,1
Cardiac Imaging,menu_enrichment,1
Cardiac Imaging w/ Cleerly AI,menu_enrichment,1
Cardiac Scans,menu_enrichment,1
Cardiac Testing,menu_enrichment,1
CARDIAResQ Program,menu_enrichment,1
Cardiological Tests,menu_enrichment,1
Cardiologist,biohacking_map,1
Cardiology Consultation,menu_enrichment,1
Cardiology Consultation So8 94,mymeditravel_chaum_medical_center,1
Cardiology Telehealth,menu_enrichment,1
Cardiovascular Care,menu_enrichment,1
Cardiovascular Evaluation,menu_enrichment,1
Cardiovascular Imaging,world_longevity_clinics,1
Cardiovascular Physiotherapy,menu_enrichment,1
CardioVision,menu_enrichment,1
Care Coordination / Health Navigation,menu_enrichment,1
Care Credit Financing Minimum Purchase,menu_enrichment,1
Care for Chronic Conditions,menu_enrichment,1
Care for Minor Injuries,menu_enrichment,1
Caregiver Support,menu_enrichment,1
Carnitine IM Injection,menu_enrichment,1
Carnitine IM Injection - Carnitine,menu_enrichment,1
Carotid Artery Screening,menu_enrichment,1
Carotid Ultrasound,world_longevity_clinics,1
Carpal and Tarsal Tunnel Injection,menu_enrichment,1
Carpal Tunnel,menu_enrichment,1
Carpal Tunnel Steroid Injection - with or without hydrodissection,menu_enrichment,1
Carpal Tunnel Syndrome – Diagnostic & Treatment,menu_enrichment,1
Carpal Tunnel Treatment,menu_enrichment,1
Cartilage Preservation Procedures,menu_enrichment,1
Cartilage repair,menu_enrichment,1
Case Consultation - Clinical Consultation,menu_enrichment,1
Cash Plan,menu_enrichment,1
Castor Oil Pack,menu_enrichment,1
Castor Oil Pack (add-on),menu_enrichment,1
Catalyzed Mineral Complex with Shilajit & Laminaria - Complete Mineral Support,menu_enrichment,1
Catamaran SIJ Fusion,menu_enrichment,1
Cataract Comanagement,menu_enrichment,1
Cataract Surgery,menu_enrichment,1
"Cataract Surgery by Ophthalmologist with 10,000+ Eye Surgeries at JCI-Accredited Hospital",bookimed_longevity,1
"Cataract Surgery by Ophthalmologist with 10,000+ Eye Surgeries at JCI-Accredited Hospital",bookimed_longevity_turkey,1
Cataract Surgery Cr 44,mymeditravel_regenerative_thailand,1
"Cataract Surgery with Trifocal IOL by Specialist with 1,100+ Eye Surgeries",bookimed_longevity,1
"Cataract Surgery with Trifocal IOL by Specialist with 1,100+ Eye Surgeries",bookimed_longevity_turkey,1
Caudal Steroid Injection,menu_enrichment,1
Cavitation Skin Tightening,menu_enrichment,1
Cavitation Skin Tightening - 10 Pack,menu_enrichment,1
Cavitation Skin Tightening - 6 Pack,menu_enrichment,1
Cavitation-EMS Combo Procedure,menu_enrichment,1
CBD Cream,menu_enrichment,1
CBD Gel,menu_enrichment,1
CBD Infused Massage,menu_enrichment,1
CBD Oil Massage,menu_enrichment,1
CBT Therapy Session (Out of Network),menu_enrichment,1
CDL / TLC Physical Exam - DOT / TLC certified,menu_enrichment,1
CDL Physicals - DOT,menu_enrichment,1
CDL/DOT exams,menu_enrichment,1
CDPAP-FI Service,menu_enrichment,1
Celiac Plexus Blockade / Ablation and Splanchnic Nerve Blockade / Ablation,menu_enrichment,1
Cell Banking,menu_enrichment,1
Cell Restorer Package,menu_enrichment,1
Cell Sonic Regeneration,menu_enrichment,1
Cell Therapy (Bone Marrow Aspirate),menu_enrichment,1
Cell Therapy Injection - Bone Marrow Aspirate (BMA),menu_enrichment,1
Cellstory Facial,menu_enrichment,1
Cellular Light Panel,menu_enrichment,1
Cellular Plasma Recharge,menu_enrichment,1
Cellular Reprogramming,menu_enrichment,1
Cellular Reset 2 Package - Cellular Reset 2,menu_enrichment,1
Cellulite + Anti-Aging,menu_enrichment,1
Cellulite - Orange Peel - Icoone,menu_enrichment,1
Cellulite Roller Therapy,menu_enrichment,1
Cellulite Treatment - 6 Pack,menu_enrichment,1
Cellulite Treatment - NuEra Tight,menu_enrichment,1
Cellulite Treatment Ph 835,mymeditravel_regenerative_thailand,1
Cellulite Treatment Tu1 710,mymeditravel_regenerative_turkey,1
Celluma,menu_enrichment,1
Ceragem Therapeutic Thermal Massager for Spine - Ceragem V3,menu_enrichment,1
Certified Hand Therapy,menu_enrichment,1
Cervical & Lumbar Disc Bulge Treatments,menu_enrichment,1
Cervical / Thoracic / Lumbar Epidural Steroid Injections,menu_enrichment,1
Cervical Cancer Treatment Bk 14370,mymeditravel_regenerative_thailand,1
Cervical Cancer Treatment So8 447,mymeditravel_chaum_medical_center,1
Cervical Endometrial Biopsy,menu_enrichment,1
Cervical Epidural Steroid Injection,menu_enrichment,1
Cervical Epidural Steroid Injection (CESI),menu_enrichment,1
Cervical Epidural Steroid Injections,menu_enrichment,1
Cervical Facet Injection,menu_enrichment,1
Cervical LEEP + Endocervical Curettage (ECC),bookimed_longevity,1
Cervical LEEP + Endocervical Curettage (ECC),bookimed_longevity_turkey,1
Cervical Medial Branch/Facet Joint Injections,menu_enrichment,1
Cervical Polyp Removal So8 1825,mymeditravel_chaum_medical_center,1
Cervical Polypectomy,menu_enrichment,1
"Cervical, Thoracic and, Lumbar Discography and Disc Aspirations / Biopsies",menu_enrichment,1
"Cervical, Thoracic and, Lumbar Facet Blockade for Facet, Whiplash, and Spine Arthritis Related Pain",menu_enrichment,1
"Cervical, Thoracic and, Lumbar Facet Nerve Radiofrequency Ablation",menu_enrichment,1
"Cervical, Thoracic, and Lumbar Midline and Selective Epidural Steroid Injections",menu_enrichment,1
"Cervical, Thoracic, and Lumbar Selective Epidural Injection",menu_enrichment,1
"Cervical, Thoracic, and Lumbar Vertebroplasties / Kyphoplasties, Sacroplasties, and Vertebral Body Tumor Radiofrequencies",menu_enrichment,1
Cervical/Lumbar Radiculopathy,menu_enrichment,1
Cesarean Childbirth at JCI-Accredited Hospital with Airport Transfer Included,bookimed_longevity,1
Cesarean Childbirth at JCI-Accredited Hospital with Airport Transfer Included,bookimed_longevity_turkey,1
CGM Data Review,menu_enrichment,1
CGM Setup & Education,menu_enrichment,1
Chair Massage,menu_enrichment,1
Chair Massage (Urban Recharge) - Urban Recharge,menu_enrichment,1
Chair Massage - 20 Min Special,menu_enrichment,1
Chakra Balancing,menu_enrichment,1
Chakra Balancing - Package of 3 Sessions,menu_enrichment,1
Chakra Balancing - Single Session,menu_enrichment,1
Chamber Rentals - 1.5 ATA Hyperbaric Chamber,menu_enrichment,1
Charcoal Discs - 10-Pack,menu_enrichment,1
Charcot Foot,menu_enrichment,1
Charity,biohacking_map,1
Charlotte CBD cream Massage,menu_enrichment,1
Check-up & Vorsorge,menu_enrichment,1
Cheek Augmentation So8 3541,mymeditravel_regenerative_southkorea,1
Cheek Contouring with Cannula,menu_enrichment,1
Cheekbone Injections,menu_enrichment,1
Cheekbone Reduction So8 3542,mymeditravel_regenerative_southkorea,1
Chelsea Signature Massage - Includes Hot Stones & Facial,menu_enrichment,1
Chemical Peel (Add-On),menu_enrichment,1
Chemical Peel (Standalone),menu_enrichment,1
Chemical Peel - Alumier MD,menu_enrichment,1
Chemical Peel - Alumier Peel - Alumier MD,menu_enrichment,1
"Chemical Peel - Anti-aging peel, Clinical acne peel, Micropeel, Micropeel Plus (SkinCeuticals)",menu_enrichment,1
"Chemical Peel - The Perfect Derma Peel, VI Peel, Chrysalis, BioRePeel, per session",menu_enrichment,1
Chemical Peel - VI Peel,menu_enrichment,1
Chemical Peel - VI Peel - VI Peel,menu_enrichment,1
Chemical Peel - ZO 3 Step Peel,menu_enrichment,1
Chemical Peel Bk 13163,mymeditravel_regenerative_thailand,1
Chemical Peel Ph 836,mymeditravel_regenerative_thailand,1
Chemical Peel/Bio Peel,menu_enrichment,1
Chemical Peels - PCA and VI Peels,menu_enrichment,1
"Chemical Peels Package (PRX, BioRePeel, Jessner's)",menu_enrichment,1
Chemotherapy Bk 13193,mymeditravel_regenerative_thailand,1
Cherry Hemangioma/Broken Capillaries Removal,menu_enrichment,1
Chest,menu_enrichment,1
Chest Pain,menu_enrichment,1
Chest Wall Resection + Reconstruction (Without Prosthesis),bookimed_longevity,1
Chest Wall Resection + Reconstruction (Without Prosthesis),bookimed_longevity_turkey,1
Chest Wax,menu_enrichment,1
Chest Xray So8 1803,mymeditravel_chaum_medical_center,1
Chia Seeds,menu_enrichment,1
Child & Adolescent Family Therapy,menu_enrichment,1
Child & Adolescent Therapy,menu_enrichment,1
Child Psychotherapy,menu_enrichment,1
Childbirth at JCI-Accredited Hospital — Airport Transfer & 6 Days Care,bookimed_longevity,1
Childbirth at JCI-Accredited Hospital — Airport Transfer & 6 Days Care,bookimed_longevity_turkey,1
Childbirth Education Classes,menu_enrichment,1
Childbirth with Epidural Anesthesia — Transfer & Comprehensive Support,bookimed_longevity,1
Childbirth with Epidural Anesthesia — Transfer & Comprehensive Support,bookimed_longevity_turkey,1
Children Group Sessions,menu_enrichment,1
Children’s Foot Care,menu_enrichment,1
ChillSkin,menu_enrichment,1
Chin Augmentation Bk 14628,mymeditravel_regenerative_thailand,1
Chin Augmentation So8 3543,mymeditravel_regenerative_southkorea,1
Chin Enhancement,menu_enrichment,1
Chin Waxing,menu_enrichment,1
Chinese Herbal Medicine,menu_enrichment,1
Chiropody - Emma Halpern,menu_enrichment,1
Chiropractic Adjustment,menu_enrichment,1
"Chiropractic Adjustments - Impulse iQ, Thompson Drop-Table, manual",menu_enrichment,1
Chiropractic BioPhysics - CBP,menu_enrichment,1
Chiropractic BioPhysics® Structural Correction - Chiropractic BioPhysics®,menu_enrichment,1
Chiropractic Care for Kids,menu_enrichment,1
Chiropractic Care For Kids,menu_enrichment,1
Chiropractic Experience,menu_enrichment,1
Chiropractic Manipulations,menu_enrichment,1
Chiropractic Therapy,menu_enrichment,1
"Cholarest SC - Cholarest SC, 60 Tablets",menu_enrichment,1
Cholecystectomy Bk 13183,mymeditravel_regenerative_thailand,1
Cholesterol,menu_enrichment,1
Chondromalacia Patella,menu_enrichment,1
Chromothérapie - Thérapie par photon lumineux,menu_enrichment,1
Chronic Care,menu_enrichment,1
Chronic care management,menu_enrichment,1
Chronic Care Support,menu_enrichment,1
Chronic Condition Management,menu_enrichment,1
Chronic Conditions Management,menu_enrichment,1
Chronic disease management,menu_enrichment,1
Chronic Illness Management,menu_enrichment,1
Chronic Pain Management,menu_enrichment,1
Chronic Sinusitis Treatment,menu_enrichment,1
Chronic Stress and Burnout Program,menu_enrichment,1
Chronische Beschwerden,menu_enrichment,1
Chronische Erkrankungen,menu_enrichment,1
Cialis,menu_enrichment,1
CIMT,menu_enrichment,1
Circ Auxilium,menu_enrichment,1
"Circle Premium DNA Test — Health, Fitness & Ancestry Analysis",bookimed_longevity,1
"Circle Premium DNA Test — Health, Fitness & Ancestry Analysis",bookimed_longevity_thailand,1
Circumcision Bk 13429,mymeditravel_regenerative_thailand,1
Citrus Brown Sugar Scrub,menu_enrichment,1
Citrus Brown Sugar Scrub - 30 Minutes,menu_enrichment,1
CJC-1295/Ipamorelin,menu_enrichment,1
Clarity II Hair Removal,menu_enrichment,1
Clarity Oxygen Acne Facial,menu_enrichment,1
Clarity Patch - BioActivate Bio-frequency wellness patch,menu_enrichment,1
Class IV Laser Treatment,menu_enrichment,1
Class Package - 10 classes,menu_enrichment,1
Class Package - 10 classes (limited time offer),menu_enrichment,1
Class Package - 20 classes,menu_enrichment,1
Class Package - 20 classes (limited time offer),menu_enrichment,1
Class Package - 5 classes,menu_enrichment,1
Class Package - 5 classes (limited time offer),menu_enrichment,1
Classic Beard Facial Deep Conditioning Beard Treatment - Classic,menu_enrichment,1
Classic Care Package - CLASSIC,menu_enrichment,1
Classic Facial,menu_enrichment,1
Classic Fill,menu_enrichment,1
Classic Full Set,menu_enrichment,1
Classic Ready. Set. Glow! Facial for Hyperpigmentation / Dull Skin - Classic,menu_enrichment,1
Classic Swedish,menu_enrichment,1
Classic Thirst Quencher Facial for Dry Skin - Classic,menu_enrichment,1
Clay Detox Therapy,menu_enrichment,1
"Clean Lean Protein - Smooth Vanilla - Nuzest, 500g",menu_enrichment,1
Cleansing & Extractions,menu_enrichment,1
Cleansing Gel with Kojic Acid & Extra Turmeric,menu_enrichment,1
Clear + Brilliant Skin Rejuvenation,menu_enrichment,1
Clear lift skin tightening,menu_enrichment,1
Clearing Laser Facial,menu_enrichment,1
Cleerly CCTA,biohacking_map,1
Clinical Facials,menu_enrichment,1
Clinical Naturopathy,menu_enrichment,1
"Clinical Skincare - ZO Skin Health, Obagi, EltaMD, SkinCeuticals, Revision Skincare",menu_enrichment,1
Clinical Supervision - Professional Development & Practice Support,menu_enrichment,1
Clinical Trial Research,menu_enrichment,1
Clitoral Hood Reduction Bk 14666,mymeditravel_regenerative_thailand,1
Clomiphene,menu_enrichment,1
Closed Rhinoplasty,menu_enrichment,1
"Cloud 9 Head Spa Package - with Buccal Facial, 60 Min Head Spa & 30 Min Face Massage + 15 Min AI Analysis + 10 Blow Dry",menu_enrichment,1
CLP Extract Therapy,world_longevity_clinics,1
Club Training,menu_enrichment,1
Co-Parenting,menu_enrichment,1
CO2 Fractional Laser,menu_enrichment,1
CO2 Laser - CO2,menu_enrichment,1
CO2 Laser Resurfacing,menu_enrichment,1
CO2 Laser Skin Resurfacing,menu_enrichment,1
CO2 Laser Treatment,menu_enrichment,1
CO2RE Intima - CO2RE Intima,menu_enrichment,1
Coaching & Consultative Services,menu_enrichment,1
Coaching individuel,menu_enrichment,1
Coffee Enemas,menu_enrichment,1
Cognition Panel - DexaFit,menu_enrichment,1
Cognitive Behavioral Approach,menu_enrichment,1
Cognitive Behavioral Therapy - CBT,menu_enrichment,1
Cognitive Behavioral Therapy for Insomnia,menu_enrichment,1
Cognitive Enhancement,world_longevity_clinics,1
Cognitive Function Assessment,world_longevity_clinics,1
Cognitive Health Evaluation,menu_enrichment,1
Cognitive Oxygen,menu_enrichment,1
Cognitive Processing Therapy,menu_enrichment,1
Cognitive Processing Therapy (CPT),menu_enrichment,1
Cognitive Resilience IV,menu_enrichment,1
Cognitive Resilience Panel,menu_enrichment,1
Cold & Flu IV,menu_enrichment,1
Cold & Flu/Immunity Boost IV Drip - Cold & Flu/Immunity Boost,menu_enrichment,1
Cold Laser Treatment,menu_enrichment,1
Cold-Laser Light Therapy,menu_enrichment,1
Collagen P.I.N. Microneedling - Collagen P.I.N.,menu_enrichment,1
"Collagenics - Collagenics, 180 Tablets",menu_enrichment,1
Colon Care Fiber - Digestive,menu_enrichment,1
"Colon Hydrotherapy - 1 session, 1 session",menu_enrichment,1
"Colon Hydrotherapy - 3 sessions, 3 sessions",menu_enrichment,1
"Colon Hydrotherapy - 6 sessions, 6 sessions",menu_enrichment,1
Colon Hydrotherapy - Follow-Up,menu_enrichment,1
Colon Hydrotherapy - Initial Visit,menu_enrichment,1
Colon Hydrotherapy - Series of 10,menu_enrichment,1
Colon Hydrotherapy - Series of 15,menu_enrichment,1
Colon Hydrotherapy - Series of 3,menu_enrichment,1
Colon Hydrotherapy - Series of 5,menu_enrichment,1
"Colon Support - Colon Support, 60 Softgels",menu_enrichment,1
"Colonoscopies, Endoscopies, Cystoscopies - Office Based Surgery suite certified by The Joint Commission",menu_enrichment,1
Colonoscopy So8 168,mymeditravel_chaum_medical_center,1
Color Refresher,menu_enrichment,1
Color Removal,menu_enrichment,1
Colorectal Medicine Consultation So8 1874,mymeditravel_chaum_medical_center,1
Colposcopy - taking a closer look at the cervix,menu_enrichment,1
Colposcopy Clinic,menu_enrichment,1
Combined First Assessment (Dr Mo),menu_enrichment,1
Combined First Assessment (Lynda Mallinson),menu_enrichment,1
Combined Program - Men,menu_enrichment,1
Combined Program - Women,menu_enrichment,1
Combined: Allergy & Sensitivity Testing,menu_enrichment,1
Combo Massage,menu_enrichment,1
Commercial Driver License (CDL),menu_enrichment,1
"Community Acupuncture - Consult only, cost of herbs additional",menu_enrichment,1
Community health center,biohacking_map,1
Compartment Syndrome Treatment,menu_enrichment,1
Compassion Focused Therapy,menu_enrichment,1
Complete Acne Treatment,menu_enrichment,1
Complete Blood Cleanse,menu_enrichment,1
Complete Blood Count (CBC),menu_enrichment,1
Complete Check-up - Complete,menu_enrichment,1
Complete Corrective Herbal Facial,menu_enrichment,1
Complete Decongestive Therapy (CDT),menu_enrichment,1
Complete Detoxification Package,menu_enrichment,1
Complete Face And Neck Rejuvenation Treatment,menu_enrichment,1
Complete Men's Health Check-up Ages 41-50 with Testosterone Testing,bookimed_longevity,1
Complete Men's Health Check-up Ages 41-50 with Testosterone Testing,bookimed_longevity_thailand,1
Complete Nutrient IV - 1-1.5 hours,menu_enrichment,1
Complete Wellness Package - Complete Wellness,menu_enrichment,1
Completion of Non-MSP Forms,menu_enrichment,1
Complex Regional Pain Syndrome,menu_enrichment,1
Complex Third-Party Forms / Reports,menu_enrichment,1
Complex Trauma Treatment Planning Checklist,menu_enrichment,1
Complexion,menu_enrichment,1
Compliance & Audit Support,menu_enrichment,1
Complimentary Evaluation,menu_enrichment,1
Complimentary Facial Consultation,menu_enrichment,1
Complimentary Phone Consultation,menu_enrichment,1
Composite Bonding for a Natural-Looking Smile — 5★ Hotel & VIP Transfer,bookimed_longevity_korea,1
Compounded Medications,menu_enrichment,1
Comprehensive Annual Physical Examination - Concierge Choice Physicians Program,menu_enrichment,1
Comprehensive Blood Panel,menu_enrichment,1
Comprehensive Blood Work,menu_enrichment,1
Comprehensive Bloodwork & Lab Panels,menu_enrichment,1
Comprehensive Brain Check-up with 24 Tests & Neuropsychological Evaluation,bookimed_longevity,1
Comprehensive Brain Check-up with 24 Tests & Neuropsychological Evaluation,bookimed_longevity_turkey,1
Comprehensive diagnosis of epilepsy,bookimed_longevity,1
Comprehensive diagnosis of epilepsy,bookimed_longevity_turkey,1
Comprehensive DNA Test - The DNA Company,menu_enrichment,1
Comprehensive Evaluation of Sports/Orthopedic Injuries,menu_enrichment,1
Comprehensive Evaluation with Hair Analysis,menu_enrichment,1
Comprehensive Evaluation without Hair Analysis,menu_enrichment,1
Comprehensive Foot and Ankle Care,menu_enrichment,1
Comprehensive Hair Analysis,menu_enrichment,1
Comprehensive Health Check-Up Program (Men & Women),bookimed_longevity,1
Comprehensive IV - 2.5-3 hours,menu_enrichment,1
Comprehensive Lab Panel,menu_enrichment,1
Comprehensive Lab Testing,menu_enrichment,1
"Comprehensive MD Care Package Membership - Up to 5 visits with MD, 1 visit with Integrative Health Advisor",menu_enrichment,1
Comprehensive Mental Health Program with Video-EEG & Neuropsychologist — Transfer Included,bookimed_longevity,1
Comprehensive Mental Health Program with Video-EEG & Neuropsychologist — Transfer Included,bookimed_longevity_turkey,1
Comprehensive Metabolic Panel (CMP),menu_enrichment,1
Comprehensive New Patient Package - 3 visits,menu_enrichment,1
Comprehensive Primary Care - Acute and Urgent Medical Care,menu_enrichment,1
Comprehensive Primary Care - Chronic Disease Management,menu_enrichment,1
Comprehensive Primary Care - Prevention and Health Maintenance Services,menu_enrichment,1
Comprehensive Specialised Hearing Assessment,menu_enrichment,1
Comprehensive Spine/Joint Exam,menu_enrichment,1
Comprehensive Stool Analysis,menu_enrichment,1
Comprehensive Therapy for Neck & Back Disorder,menu_enrichment,1
Comprehensive Weight Loss,menu_enrichment,1
Comprehensive Wellness Assessments,menu_enrichment,1
Comprehensive Wound Care,menu_enrichment,1
Compression Boot Therapy - Normatec Elite,menu_enrichment,1
Compression Boots,menu_enrichment,1
Compression Boots Recovery - Quinear Air Compression Recovery System,menu_enrichment,1
Compression Therapy - Advance,menu_enrichment,1
Compression Therapy - Standard,menu_enrichment,1
Compression/Tuina Massage - 20 Min Special,menu_enrichment,1
Compressions - 30 min,menu_enrichment,1
Computer Assisted Rehabilitation Environment (C.A.R.E.N),menu_enrichment,1
Concentrace Trace Mineral Drops - Glass,menu_enrichment,1
Concierge Family Medicine Membership - SignatureMD Personalized Care Program,menu_enrichment,1
Concierge Home Physical Therapy,menu_enrichment,1
Concierge Internal Medicine,menu_enrichment,1
Concierge Longevity Services,menu_enrichment,1
Concierge Medicine Membership,menu_enrichment,1
Concierge Medicine Membership - Annual Billing,menu_enrichment,1
Concierge Medicine Membership - Monthly Billing,menu_enrichment,1
Concierge Membership & Retainer Services,menu_enrichment,1
Concierge Membership Entry Fee,menu_enrichment,1
Concierge Membership Program - Concierge Choice Physicians Program,menu_enrichment,1
Concierge Nutrition - DexaFit,menu_enrichment,1
"Concierge Obstetrics Office Visit - Includes 1 Fetal Ultrasound at Imaging Center for 1st Trimester, per visit",menu_enrichment,1
Concierge Obstetrics Office Visit - Non-Member (incl 1 Fetal Ultrasound - 1st Trimester),menu_enrichment,1
"Concierge Obstetrics Office Visit - Non-Member - incl 1 Fetal Ultrasound at Imaging Center for 1st Trimester, per OBGYN visit",menu_enrichment,1
"Concierge Obstetrics Office Visit - Non-Member - incl 1 Fetal Ultrasound at Imaging Center for 1st Trimester, per visit",menu_enrichment,1
"Concierge Obstetrics Office Visit - Non-Member, per OBGYN visit, includes 1 Fetal Ultrasound at Imaging Center for 1st Trimester",menu_enrichment,1
Concierge Obstetrics Office Visit - Non-Member; includes 1 Fetal Ultrasound at Imaging Center for 1st Trimester,menu_enrichment,1
Concierge Plus Virtual Second Opinion (Written Report + Virtual Visit),menu_enrichment,1
Concierge Plus Virtual Second Opinion (Written Report + Virtual Visit) - Concierge Plus,menu_enrichment,1
Concierge Services,menu_enrichment,1
Concierge Therapy Additional Fee - In-home,menu_enrichment,1
Concierge Urgent Care,menu_enrichment,1
Concierge Virtual Second Opinion (Written Report Only),menu_enrichment,1
Concierge Virtual Second Opinion (Written Report Only) - Concierge VSO,menu_enrichment,1
Concierge/VIP Medicine,menu_enrichment,1
Concussion Management,menu_enrichment,1
Concussion Screening and Rehabilitation - Physical Therapy,menu_enrichment,1
Concussion treatment,menu_enrichment,1
Cone Beam Computed Tomography Cbct So8 1804,mymeditravel_chaum_medical_center,1
Consultant,biohacking_map,1
Consultation (Virtual),menu_enrichment,1
Consultation en naturopathie,menu_enrichment,1
Consultation In Person,menu_enrichment,1
Consultation with a psychologist | 20 years+ of Experience,bookimed_longevity,1
"Consultation, Complete Postural Exam and X-Rays",menu_enrichment,1
Consultation/Red Light Session,menu_enrichment,1
Consultations - Annual Health Maintenance Physicals,menu_enrichment,1
Consultations - Medical Legal Evaluations,menu_enrichment,1
Consultations - Pre-operation Medical Clearance,menu_enrichment,1
"Consultations - School, Work, and Sports Physicals",menu_enrichment,1
Continuing Education Credits & Workshops,menu_enrichment,1
Continuing Education Unit,menu_enrichment,1
Contouring,menu_enrichment,1
Contouring & Rejuvenation Facial Massage,menu_enrichment,1
"Contracture Release, Large Joint",bookimed_longevity,1
"Contracture Release, Large Joint",bookimed_longevity_turkey,1
Contrast Suite,menu_enrichment,1
Contrast Therapy - 30 min,menu_enrichment,1
Contrast Therapy - 60 min,menu_enrichment,1
Contrast Therapy for up to 4 - Group Treatment,menu_enrichment,1
COOLIEF Cooled Radiofrequency Treatment - COOLIEF,menu_enrichment,1
Coolpeel,menu_enrichment,1
CoolSculpting - CoolSculpting,menu_enrichment,1
CoolSculpting - CoolSculpting®,menu_enrichment,1
Coolsculpting Bk 13422,mymeditravel_regenerative_thailand,1
CoolSculpting Elite,menu_enrichment,1
Coolsculpting Elite,menu_enrichment,1
CoolSculpting Elite - CoolSculpting Elite,menu_enrichment,1
CoolSculpting Elite - CoolSculpting® Elite,menu_enrichment,1
CoolSculpting Elite per placement,menu_enrichment,1
Coolsculpting Pa 1558,mymeditravel_regenerative_thailand,1
Coolsculpting Ph 857,mymeditravel_regenerative_thailand,1
CoolSculpting® - CoolSculpting®,menu_enrichment,1
CoolSculpting™,menu_enrichment,1
CoolTone,menu_enrichment,1
Coordination of Optimization Exams,menu_enrichment,1
Copper Peptide (GHK-Cu),menu_enrichment,1
Copper Peptide (GHK-Cu) - GHK-Cu,menu_enrichment,1
"CoQ10 CF 100 Plus Omega - CoQ10 CF 100 Plus Omega, 60 Capsules",menu_enrichment,1
"CoQ10 CF 50 Plus Omega - CoQ10 CF 50 Plus Omega, 120 Capsules",menu_enrichment,1
CoQ10 IM Injection,menu_enrichment,1
CoQ10 IM Injection - CoQ10,menu_enrichment,1
CoQmax Omega - 50mg,menu_enrichment,1
Cord Blood & Cord Tissue Banking - 20 Year Prepaid Plan (with 10% discount) - Cord Blood & Cord Tissue,menu_enrichment,1
Cord Blood & Cord Tissue Banking - 20 Year Prepaid Plan - Cord Blood & Cord Tissue,menu_enrichment,1
Cord Blood & Cord Tissue Banking - Annual Plan (with 10% discount) - Cord Blood & Cord Tissue,menu_enrichment,1
Cord Blood & Cord Tissue Banking - Annual Plan - Cord Blood & Cord Tissue,menu_enrichment,1
Cord Blood + Cord Tissue - 20 Year Cryostorage (Monthly),menu_enrichment,1
Cord Blood + Cord Tissue - 20 Year Cryostorage (Upfront),menu_enrichment,1
Cord Blood + Cord Tissue - Lifetime Cryostorage (Monthly),menu_enrichment,1
Cord Blood + Cord Tissue - Lifetime Cryostorage (Upfront),menu_enrichment,1
Cord Blood Banking - 20 Year Cryostorage (Monthly),menu_enrichment,1
Cord Blood Banking - 20 Year Cryostorage (Upfront),menu_enrichment,1
Cord Blood Banking - 20 Year Prepaid Plan (with 10% discount) - Cord Blood,menu_enrichment,1
Cord Blood Banking - 20 Year Prepaid Plan - Cord Blood,menu_enrichment,1
Cord Blood Banking - Annual Plan (with 10% discount) - Cord Blood,menu_enrichment,1
Cord Blood Banking - Annual Plan - Cord Blood,menu_enrichment,1
Cord Blood Banking - Lifetime Cryostorage (Monthly),menu_enrichment,1
Cord Blood Banking - Lifetime Cryostorage (Upfront),menu_enrichment,1
"Cord Blood, Cord Tissue & Placenta Banking - 20 Year Prepaid Plan (with 10% discount) - Cord Blood, Cord Tissue & Placenta",menu_enrichment,1
"Cord Blood, Cord Tissue & Placenta Banking - 20 Year Prepaid Plan - Cord Blood, Cord Tissue & Placenta",menu_enrichment,1
"Cord Blood, Cord Tissue & Placenta Banking - Annual Plan (with 10% discount) - Cord Blood, Cord Tissue & Placenta",menu_enrichment,1
"Cord Blood, Cord Tissue & Placenta Banking - Annual Plan - Cord Blood, Cord Tissue & Placenta",menu_enrichment,1
CORE,menu_enrichment,1
Core Plan Membership,menu_enrichment,1
Core Program,menu_enrichment,1
Core Stabilization,menu_enrichment,1
Core Strengthening Program - Pregnancy,menu_enrichment,1
Core Strengthening Program - Yoga-Based,menu_enrichment,1
Core Wellness System - 3-Month,menu_enrichment,1
Corneal Transplant,menu_enrichment,1
Corneal Transplant by Dr. Mones with 900+ Transplants at JCI-Accredited Hospital,bookimed_longevity,1
Corneal Transplant with DSEK & DMEK Techniques — Transfer & Interpreter Included,bookimed_longevity,1
Corneal Transplant with DSEK & DMEK Techniques — Transfer & Interpreter Included,bookimed_longevity_turkey,1
Corner Lip Lift,menu_enrichment,1
Corns Treatment,menu_enrichment,1
Coronary Angiogram So8 1784,mymeditravel_chaum_medical_center,1
Coronary Angioplasty So8 549,mymeditravel_chaum_medical_center,1
Coronary Artery Bypass Graft Cabg Surgery Bk 13185,mymeditravel_regenerative_thailand,1
Coronary Artery Bypass Graft Cabg Surgery So8 692,mymeditravel_chaum_medical_center,1
Coronary Artery Disease,menu_enrichment,1
Coronary Calcium Score,world_longevity_clinics,1
Coronary CTA,menu_enrichment,1
"Coronary Stenting by Surgeon with 1,000+ Cardiac Procedures Annually",bookimed_longevity,1
Coronavirus Treatment So8 3608,mymeditravel_regenerative_southkorea,1
Corporate & Executive Health & Wellness,menu_enrichment,1
Corporate Health Program,menu_enrichment,1
Corporate Medical Care,menu_enrichment,1
Corporate Sound Bath,menu_enrichment,1
Corporate Wellness,menu_enrichment,1
Corporate Wellness Program,menu_enrichment,1
Corporate Wellness Training Package 2,menu_enrichment,1
Corporate Wellness Trauma Package 1,menu_enrichment,1
Corpuscular Hemoglobin (MCH),menu_enrichment,1
CORRECTIVE POST-OP Lymphatic Drainage,menu_enrichment,1
Corrector Skin Cream,menu_enrichment,1
"Cortisone Injections - Cortisone, 1 area",menu_enrichment,1
"Cortisone Injections - Cortisone, 2 areas",menu_enrichment,1
Cortisone Joint Injections,menu_enrichment,1
Cosmetic Consultation,menu_enrichment,1
Cosmetic Dentistry Consultation Bk 14282,mymeditravel_regenerative_thailand,1
Cosmetic Focus-CIT - Environ,menu_enrichment,1
Cosmetic Laser,menu_enrichment,1
Cosmetic Treatments - Minimally Invasive Solutions,menu_enrichment,1
Counseling Session,menu_enrichment,1
Couple Therapy Session - 55-60 minutes,menu_enrichment,1
Couple's Escape Package,menu_enrichment,1
Couple's Vegan Body Exfoliation,menu_enrichment,1
Couple/Marital Session,menu_enrichment,1
Couples & Relationships Counseling,menu_enrichment,1
Couples Body Massage - Includes Hot Stones,menu_enrichment,1
Couples Chelsea Signature Massage - Includes Hot Stones & Facial,menu_enrichment,1
Couples Heart & Lung Scan Promo,menu_enrichment,1
"Couples Himalayan Hot Stone Massage - Himalayan Salt Hot Stone, 50 minutes",menu_enrichment,1
Couples Massage,menu_enrichment,1
Couples Massage - 60 min,menu_enrichment,1
Couples Massage - 60min,menu_enrichment,1
Couples massage with Facial,menu_enrichment,1
Couples Massage with Jacuzzi,menu_enrichment,1
Couples Romance,menu_enrichment,1
"Couples Signature Hot Stone Aromatherapy Massage - Himalayan Salt Hot Stone, 50 minutes",menu_enrichment,1
"Couples Signature Hot Stone Aromatherapy Massage - Himalayan Salt Hot Stone, 80 minutes",menu_enrichment,1
Couples Therapy / Relationship Counseling,menu_enrichment,1
Couples Therapy for Relationship Repair - Gottman,menu_enrichment,1
Couples Therapy Session - 60 minutes,menu_enrichment,1
COVID 30 Minutes RT-PCR Test - 30 minutes,menu_enrichment,1
COVID Antibody Test,menu_enrichment,1
COVID Rapid Test,menu_enrichment,1
COVID Testing / Vaccination,menu_enrichment,1
COVID Testing Clinic,menu_enrichment,1
"COVID-19 Antigen Test - Abbott BinaxNOW, HCPCS 87811",menu_enrichment,1
"COVID-19 Antigen Test - BD Veritor System, HCPCS 87426",menu_enrichment,1
"COVID-19 Antigen Test - Sofia SARS Antigen FIA, HCPCS 87426",menu_enrichment,1
Covid-19 Monoclonal Antibody Treatment,menu_enrichment,1
COVID-19 PCR Lab Fee,menu_enrichment,1
COVID-19 PCR Test - Lab Fee,menu_enrichment,1
COVID-19 PCR Test - Office Visit,menu_enrichment,1
COVID-19 PCR Test Lab Fee,menu_enrichment,1
COVID-19 PCR Test Lab Fee - Molecular PCR,menu_enrichment,1
COVID-19 PCR Test Office Visit - Molecular PCR,menu_enrichment,1
COVID-19 PCR Testing,menu_enrichment,1
COVID-19 Rapid Antigen Testing,menu_enrichment,1
COVID-19 Rapid Test - BD Veritor System,menu_enrichment,1
COVID-19 Rapid Test - BD Veritor System Rapid Antigen,menu_enrichment,1
COVID-19 Rapid Test - In-Office Visit,menu_enrichment,1
COVID-19 Rapid Test - Virtual Visit,menu_enrichment,1
COVID-19 Rapid Test In-Office Visit - BD Veritor System Rapid Antigen,menu_enrichment,1
COVID-19 Rapid Test Virtual Visit - BD Veritor System Rapid Antigen,menu_enrichment,1
COVID-19 Rehabilitation Therapy,menu_enrichment,1
"COVID-19 Testing - Abbott BinaxNOW, HCPCS 87811",menu_enrichment,1
"COVID-19 Testing - BD Veritor System, HCPCS 87426",menu_enrichment,1
"COVID-19 Testing - Sofia SARS Antigen FIA, HCPCS 87426",menu_enrichment,1
"COVID-19 testing - uninsured patient, payment at the time of service",menu_enrichment,1
Covid19 Vaccination Bk 14436,mymeditravel_regenerative_thailand,1
Cox Flexion Distraction,menu_enrichment,1
CO₂ Skin Resurfacing,menu_enrichment,1
CPR Certification,menu_enrichment,1
Cranial Fascial Release,menu_enrichment,1
Cranial Fascial Release - Series of 4 individual treatments over 7-14 day period,menu_enrichment,1
Cranial Light Helmet,menu_enrichment,1
Cranial Release Technique - Cranial Release Technique™,menu_enrichment,1
Craniofacial Pain,menu_enrichment,1
Craniosacral therapy,biohacking_map,1
CranioSacral Therapy,menu_enrichment,1
CranioSacral Therapy for Adults and Children,menu_enrichment,1
Cream Concealer Palette,menu_enrichment,1
Credit Pack - 100 credits,menu_enrichment,1
Credit Pack - 20 credits,menu_enrichment,1
Credit Pack - 200 credits,menu_enrichment,1
Credit Pack - 400 credits,menu_enrichment,1
Credit Pack - 800 credits,menu_enrichment,1
Credit Package - 10 credits,menu_enrichment,1
Credit Package - 10 Credits,menu_enrichment,1
"Credit Package - 10 credits, member vs non-member",menu_enrichment,1
Credit Package - 100 Credits,menu_enrichment,1
"Credit Package - 100 credits, member vs non-member",menu_enrichment,1
"Credit Package - 150 credits, member vs non-member",menu_enrichment,1
Credit Package - 25 credits,menu_enrichment,1
Credit Package - 25 Credits,menu_enrichment,1
"Credit Package - 25 credits, member vs non-member",menu_enrichment,1
Credit Package - 250 Credits,menu_enrichment,1
"Credit Package - 300 credits, member vs non-member",menu_enrichment,1
Credit Package - 50 credits,menu_enrichment,1
Credit Package - 50 Credits,menu_enrichment,1
"Credit Package - 50 credits, member vs non-member",menu_enrichment,1
Crisis Session,menu_enrichment,1
Crisis Session (30 Minute) Add-On,menu_enrichment,1
Crohn's Disease Treatment,menu_enrichment,1
Crown Calm (Asian Head Spa) - Crown Calm,menu_enrichment,1
Crown Essence (Premium Asian Head Spa) - Crown Essence,menu_enrichment,1
Crown Harmony (Deluxe Asian Head Spa) - Crown Harmony,menu_enrichment,1
Crush Injury Treatment,menu_enrichment,1
Crutches,menu_enrichment,1
Cryo,menu_enrichment,1
Cryo Concierge,menu_enrichment,1
Cryo Facial Massage (Ice Globe Massage) Add-On,menu_enrichment,1
Cryo T-Shock Anti-Aging Facial,menu_enrichment,1
Cryo T-Shock Brightening Facial,menu_enrichment,1
Cryo T-Shock Cellulite Reduction,menu_enrichment,1
Cryo T-Shock Double Chin Removal,menu_enrichment,1
Cryo T-Shock Face Lift Facial,menu_enrichment,1
Cryo T-Shock Fat Freeze,menu_enrichment,1
Cryo T-Shock Forehead Wrinkle Reduction Add-On,menu_enrichment,1
Cryo T-Shock Jaw/Neckline Lift,menu_enrichment,1
Cryo T-Shock Laugh Lines Wrinkle Reduction Add-On,menu_enrichment,1
Cryo T-Shock Red Carpet Facial,menu_enrichment,1
Cryo T-Shock Red Reducer Facial,menu_enrichment,1
Cryo T-Shock Toning & Tightening,menu_enrichment,1
Cryo T-Shock Undereye Add-On,menu_enrichment,1
Cryo T-Shock Wrinkle Reducer Facial,menu_enrichment,1
Cryo- LED Combo Procedure: Permanant Fat Reduction,menu_enrichment,1
Cryo-EMS Combo Procedure,menu_enrichment,1
Cryo-Thermal Lymphatic Drainage Procedure,menu_enrichment,1
Cryoablation For Atrial Fibrillation So8 1786,mymeditravel_chaum_medical_center,1
CryoFacial & CryoSculpting,menu_enrichment,1
Cryoskin,menu_enrichment,1
CryoSkin Body Contouring And Facials,menu_enrichment,1
CryoSkin Facial,menu_enrichment,1
Crystal Singing Bowls Therapy - Private session,menu_enrichment,1
Crystal Therapy - Package of 3 Sessions,menu_enrichment,1
Crystal Therapy - Single Session,menu_enrichment,1
CSCI Equipment Funds,menu_enrichment,1
CSCI Research Awards,menu_enrichment,1
CSCI Seed Grants,menu_enrichment,1
CT (Photon-Counting CT),menu_enrichment,1
CT Coronary Calcium Score,world_longevity_clinics,1
CT lung assessment,menu_enrichment,1
CT Lung Ventilation Analysis Software (CTLVAS) scan,menu_enrichment,1
CT Scan,menu_enrichment,1
CT scan,menu_enrichment,1
CT Scan and Ultrasound Imaging,menu_enrichment,1
Ct Scan Computed Tomography So8 223,mymeditravel_chaum_medical_center,1
Cupping - Add-on treatment,menu_enrichment,1
Cupping - Multiple Body Parts,menu_enrichment,1
Cupping - Sliding,menu_enrichment,1
Cupping - Standard (Stationary),menu_enrichment,1
Cupping Therapy - 30-60 minutes,menu_enrichment,1
Cupping Therapy - Medical Massage,menu_enrichment,1
Curated Care Coordination & Specialist Navigation,menu_enrichment,1
CurcuminXtend - 60c,menu_enrichment,1
Curonix,menu_enrichment,1
Cushion Topper,menu_enrichment,1
Custom & Pediatric Orthotics (Splints),menu_enrichment,1
Custom Crystal Bodywork Session,menu_enrichment,1
Custom Facials,menu_enrichment,1
Custom Foot Orthotics,menu_enrichment,1
Custom Garment Fittings,menu_enrichment,1
Custom Jelly Mask,menu_enrichment,1
Custom Longevity & Performance IV Formulation,menu_enrichment,1
Custom Longevity Plans,menu_enrichment,1
Custom Orthotics - Foot Levelers,menu_enrichment,1
"Custom Orthotics, Foot Braces and Ankle Braces",menu_enrichment,1
Custom Rehab Programs,menu_enrichment,1
Custom Stretching Programs,menu_enrichment,1
Custom Wellness Plans,menu_enrichment,1
Custome Hinge Knee Brace,menu_enrichment,1
Customized Facial,menu_enrichment,1
Customized Facials,menu_enrichment,1
"Customized Facials & Advanced Skincare - Glow Facials, Chemical Peels, Microneedling, Dermaplaning",menu_enrichment,1
Customized Holistic Massage,menu_enrichment,1
Customized Infusion Therapy for Anxiety,menu_enrichment,1
Customized Nutrition,menu_enrichment,1
Customized Supplement,menu_enrichment,1
Cutera excel V Laser - Cutera excel V,menu_enrichment,1
CVAC,menu_enrichment,1
CVAC Package - 10 Sessions,menu_enrichment,1
CVAC Package - 20 Sessions,menu_enrichment,1
CVAC Package - 5 Sessions,menu_enrichment,1
CyberScan,menu_enrichment,1
Cystocele Repair So8 1826,mymeditravel_chaum_medical_center,1
Cystoscopy and Ureteroscopy,menu_enrichment,1
"D 5000 - D 5000, 90 Softgels",menu_enrichment,1
D3+K2 - Seeking Health,menu_enrichment,1
da Vinci Robotic Surgery - da Vinci,menu_enrichment,1
Daily Cryo Add-On,menu_enrichment,1
Daily Email Support,menu_enrichment,1
Dance Medicine,menu_enrichment,1
DAXXIFY - DAXXIFY,menu_enrichment,1
Daxxify - Daxxify®,menu_enrichment,1
"Day of Pamper - One and a Half Hour Swedish and Reflexology Massage, a European Spa Facial, and a Full Body Wrap",menu_enrichment,1
Day Spa Package,menu_enrichment,1
DBT for Children (DBT-C),menu_enrichment,1
De-Liver-Ance,menu_enrichment,1
Dead Sea Mud Mask Face Detox,menu_enrichment,1
Dead Sea Salt Crystal Peel,menu_enrichment,1
Debridement Surgery,menu_enrichment,1
Deconditioning,menu_enrichment,1
Deep brain stimulation,menu_enrichment,1
Deep Brain Stimulation for Parkinson's Disease with Neuronavigation & Neuromonitoring — All-Inclusive Package,bookimed_longevity,1
Deep Brain Stimulation for Parkinson's Disease with Neuronavigation & Neuromonitoring — All-Inclusive Package,bookimed_longevity_turkey,1
Deep Brain Stimulation Surgery by Surgeon with 900+ Neurosurgeries — 5★ Hotel,bookimed_longevity,1
Deep Brain Stimulation Surgery by Surgeon with 900+ Neurosurgeries — 5★ Hotel,bookimed_longevity_turkey,1
Deep Cleaning Back/Chest,menu_enrichment,1
Deep Cleaning Facial,menu_enrichment,1
Deep Cleansing & Detox Scalp Treatment,menu_enrichment,1
Deep Cleansing Facials,menu_enrichment,1
Deep Conditioning,menu_enrichment,1
Deep Conditioning Treatment - OLAPLEX - OLAPLEX,menu_enrichment,1
Deep Dive Program - Investigative Medicine,menu_enrichment,1
Deep Muscle Stimulation Therapy,menu_enrichment,1
Deep Plane Facelift & Neck Lift — 5 Nights at Hotel & VIP Transfer Included,bookimed_longevity_korea,1
Deep Pore Cleanser with Hippophae,menu_enrichment,1
Deep Pore Cleansing Facial,menu_enrichment,1
Deep Pore Detox & Extraction Facial,menu_enrichment,1
Deep Release,menu_enrichment,1
Deep Sleep Head Spa,menu_enrichment,1
Deep Sleep Patch - BioActivate Bio-frequency wellness patch,menu_enrichment,1
Deep Tissue Massage (Deep Restore) - Deep Restore,menu_enrichment,1
Deep Tissue Massage - 60/90 minutes,menu_enrichment,1
Deep Tissue Massage - Medical Massage,menu_enrichment,1
Deep Tissue Therapy,menu_enrichment,1
"Deep TMS Therapy - Brainsway Deep TMS, 20 minute sessions, Monday-Friday, for 4-6 weeks",menu_enrichment,1
Deep-Tissue Massage,menu_enrichment,1
Defect Repair with Pedicled Fasciocutaneous Flap — Complex Reconstructive Surgery,bookimed_longevity,1
Defect Repair with Pedicled Fasciocutaneous Flap — Complex Reconstructive Surgery,bookimed_longevity_turkey,1
Degenerative Joint Disease,menu_enrichment,1
Degenerative Joint Disease Treatment,menu_enrichment,1
Dekompressor Discectomy,menu_enrichment,1
Deluxe Facial,menu_enrichment,1
Deluxe Hydrafacial,menu_enrichment,1
Deluxe Hydrafacial - Hydrafacial,menu_enrichment,1
"Deluxe Salt Cave Group Session - 45 minutes, per person",menu_enrichment,1
"Deluxe Salt Cave Package of 10 Sessions - 10 sessions, non-transferable",menu_enrichment,1
"Deluxe Salt Cave Package of 5 Sessions - 5 sessions, non-transferable",menu_enrichment,1
Deluxe-Men's Scrub - 60 min,menu_enrichment,1
Dementia / Alzheimer's,menu_enrichment,1
Dental,menu_enrichment,1
Dental Bonding Tu2 1242,mymeditravel_regenerative_turkey,1
Dental Cavities Treatment,menu_enrichment,1
Dental Checkup Cr 34,mymeditravel_regenerative_thailand,1
Dental Cleanings,menu_enrichment,1
Dental Crown Bk 13156,mymeditravel_regenerative_thailand,1
Dental Crown Tu2 1243,mymeditravel_regenerative_turkey,1
Dental Implant Bars Tu2 1244,mymeditravel_regenerative_turkey,1
Dental Implant Bk 13157,mymeditravel_regenerative_thailand,1
Dental Implant with Megagen System — 4★ Hotel & Airport Transfer,bookimed_longevity,1
Dental Services,menu_enrichment,1
Dental Xrays Bk 13158,mymeditravel_regenerative_thailand,1
Denture Cr 37,mymeditravel_regenerative_thailand,1
Dependency Treatment - Medication Assisted Treatment (MAT),menu_enrichment,1
Depression,menu_enrichment,1
Depression & Anxiety,menu_enrichment,1
Depression Treatment & Medication Management,menu_enrichment,1
Depression Treatments,menu_enrichment,1
DERIVE Hair Restoration Therapy,menu_enrichment,1
Derma Genesis Facial,menu_enrichment,1
Dermapen/Microneedling,menu_enrichment,1
Dermapen4 Microneedling - DP4,menu_enrichment,1
Dermaplane a la carte,menu_enrichment,1
Dermaplane Add-On,menu_enrichment,1
Dermaplane Facial,menu_enrichment,1
Dermaplane Facial Add on,menu_enrichment,1
Dermaplane Facial Add on - 30-45 minutes,menu_enrichment,1
Dermaplane à la carte,menu_enrichment,1
Dermaplaning - Member Price,menu_enrichment,1
Dermaplaning Add On,menu_enrichment,1
Dermaplanning Facial,menu_enrichment,1
Dermatology,medical_travel_market_longevity_programs,1
Dermatology,meditrip_seoul,1
Dermatology,turkey_healthcare_group_regenerative,1
Dermatology Appointment,menu_enrichment,1
Dermatology Consultation Cr 32,mymeditravel_regenerative_thailand,1
Dermatology Services,menu_enrichment,1
Dermatomyositis Treatment,menu_enrichment,1
Dermatoscopy,world_longevity_clinics,1
Dermographie médicale - Dermopigmentation 1 mamelon,menu_enrichment,1
Dermographie médicale - Dermopigmentation 2 mamelons,menu_enrichment,1
Dermographie médicale - Dermopigmentation Bouche,menu_enrichment,1
Dermographie médicale - Dermopigmentation Cils,menu_enrichment,1
Dermographie médicale - Dermopigmentation Sourcils,menu_enrichment,1
Detox,istanbul_med_assist_stem_cell_longevity,1
Detox,longevity_suite_istanbul_biohacking,1
Detox,menu_enrichment,1
Detox,placidway_antiaging_south_korea,1
Detox & Defend IV,menu_enrichment,1
Detox / Hangover IV Drip - 500ml,menu_enrichment,1
Detox Facial,menu_enrichment,1
Detox Foot Bath,menu_enrichment,1
Detox/Recovery Boost IV Drip - Detox/Recovery Boost,menu_enrichment,1
Detoxification Juice Therapy,menu_enrichment,1
Detoxification Program - Standard Process,menu_enrichment,1
Detoxify Facial,menu_enrichment,1
Deuterium Depletion,menu_enrichment,1
Developmental Delay,menu_enrichment,1
DexaFit All-in Panel - DexaFit,menu_enrichment,1
DexaStrong Advanced Lab Panel - DexaStrong,menu_enrichment,1
DexaStrong Core Lab Panel - DexaStrong,menu_enrichment,1
DHEA Micronized - 10mg 60 tablets,menu_enrichment,1
DHEA Therapy,menu_enrichment,1
DHI Hair Transplant with Lifetime Warranty — 4★ Hotel & VIP Transfer,bookimed_longevity_turkey,1
DHT Blocker Conditioner with Essential Oils,menu_enrichment,1
DHT Blocker Shampoo with Caffeine,menu_enrichment,1
"DHT Blocker Shampoo, Conditioner, and Minoxidil Foam Bundle",menu_enrichment,1
"DHT Blocker Shampoo, Conditioner, and Minoxidil Serum Bundle",menu_enrichment,1
DIABETES,bookimed_longevity,1
Diabetes Care,menu_enrichment,1
Diabetes Care Management,menu_enrichment,1
Diabetes Consultation Tu4 3160,mymeditravel_regenerative_turkey,1
Diabetic Care,menu_enrichment,1
Diabetic Eye Care,menu_enrichment,1
"Diabetic Foot Ulcer Treatment — Full Blood Analysis, Consultations & Hotel Stay",bookimed_longevity,1
Diabetic Shoes,menu_enrichment,1
Diabetic Wound Care,menu_enrichment,1
Diagnostic Blocks for Isolation of the Source of the Pain,menu_enrichment,1
Diagnostic Bronchoscopy (Flexible or Rigid) with/without Lavage,bookimed_longevity,1
Diagnostic Bronchoscopy (Flexible or Rigid) with/without Lavage,bookimed_longevity_turkey,1
Diagnostic des fréquences vocales - Brain Harmony,menu_enrichment,1
Diagnostic Evaluation of Autism,bookimed_longevity,1
Diagnostic Evaluation of Autism,bookimed_longevity_turkey,1
Diagnostic Hysteroscopy,bookimed_longevity,1
Diagnostic Hysteroscopy,bookimed_longevity_turkey,1
Diagnostic Imaging,menu_enrichment,1
Diagnostic Lab Panel Test,menu_enrichment,1
Diagnostic mitochondrial,menu_enrichment,1
Diagnostic Musculoskeletal Ultrasonography,menu_enrichment,1
Diagnostic Ultrasound Exam,menu_enrichment,1
Diagnostic Xrays Cr 46,mymeditravel_regenerative_thailand,1
Diagnostic Xrays So8 1805,mymeditravel_chaum_medical_center,1
Dialectical Behavior Therapy,menu_enrichment,1
Dialectical Behavior Therapy (DBT),menu_enrichment,1
Dialectical Behavioral Approach,menu_enrichment,1
Dialysis access maintenance,menu_enrichment,1
DIAMAG (ALMAG-03) Transcranial Magnetic Stimulation Device - DIAMAG (ALMAG-03),menu_enrichment,1
Diamond Comprehensive Check-Up for Men & Women,bookimed_longevity,1
Diamond Comprehensive Check-Up for Men & Women,bookimed_longevity_thailand,1
Diamond Facial,menu_enrichment,1
Diamond Glow,menu_enrichment,1
Diamond STD Screening Package,bookimed_longevity,1
Diamond STD Screening Package,bookimed_longevity_thailand,1
DiamondGlow,menu_enrichment,1
DiamondGlow + Dermaplane,menu_enrichment,1
DiamondGlow - DiamondGlow,menu_enrichment,1
Diet & Nutrition,menu_enrichment,1
Diet/Lifestyle Protocol,biohacking_map,1
Dietitian Initial Assessment,menu_enrichment,1
Dietitian Services,menu_enrichment,1
Digestive Cleansing Kit - Natural products,menu_enrichment,1
Digestive Defense - Natural products,menu_enrichment,1
Digestive Disorder Treatment,menu_enrichment,1
Digestive Health,menu_enrichment,1
Digestive Health Evaluation,menu_enrichment,1
Digital and 3D mammography,menu_enrichment,1
Digital Body Scan,menu_enrichment,1
Digital Pulse Analyzer (DPA),menu_enrichment,1
Dilation And Curettage So8 1827,mymeditravel_chaum_medical_center,1
Dimple Creation Surgery Bk 14662,mymeditravel_regenerative_thailand,1
Dimple Creation Surgery — 2 Nights at 4★ Hotel & Transfer Included,bookimed_longevity,1
Diolaze XL,menu_enrichment,1
Direct Access / Ortho Primary Care,menu_enrichment,1
Direct Primary Care,menu_enrichment,1
"Direct Primary Care for Adults and Children (Annual) - Fam Membership - Individual, annually",menu_enrichment,1
"Direct Primary Care for Adults and Children - Fam Membership - Individual, per member per month",menu_enrichment,1
"Direct Primary Care Membership - Individual (Annual) - Fam Membership - Individual, annually",menu_enrichment,1
"Direct Primary Care Membership - Individual (Annual) - Fam Membership, annually",menu_enrichment,1
"Direct Primary Care Membership - Individual - Fam Membership - Individual, per month / annually",menu_enrichment,1
"Direct Primary Care Membership - Individual - Fam Membership - Individual, per month, annual contract required",menu_enrichment,1
"Direct Primary Care Membership - Individual - Fam Membership, per month",menu_enrichment,1
Direct Primary Care Monthly Memberships,menu_enrichment,1
Disc Injury,menu_enrichment,1
Disc Injury Treatment,menu_enrichment,1
Disc Related Injuries Treatment,menu_enrichment,1
Discectomy by Founding Board Member of Deep Brain Stimulation Association — VIP Transfer Included,bookimed_longevity,1
Discectomy by Founding Board Member of Deep Brain Stimulation Association — VIP Transfer Included,bookimed_longevity_turkey,1
Discovery Call - 15 minutes,menu_enrichment,1
Discovery Call Deposit,menu_enrichment,1
Discseel Procedure,menu_enrichment,1
Disease management,menu_enrichment,1
Distal Clavicle Resection,menu_enrichment,1
Distal Hypospadias Repair,bookimed_longevity,1
Distal Hypospadias Repair,bookimed_longevity_turkey,1
Diva For A Day Package,menu_enrichment,1
Dive Physicals,menu_enrichment,1
Dizziness Treatment,menu_enrichment,1
Dizziness/Vertigo Treatment,menu_enrichment,1
DMK & NeurotriS,menu_enrichment,1
DMK Body Enzyme Therapy,menu_enrichment,1
DMK Body Sculpting Wrap,menu_enrichment,1
DMV Eye Test,menu_enrichment,1
DNA Analyzed for Preventive Medicine,menu_enrichment,1
DNA Methylation Panels,biohacking_map,1
DNA Methylation Testing,menu_enrichment,1
DNA Sequencing,menu_enrichment,1
DNA Testing,world_longevity_clinics,1
DNA Testing for Medication Effectiveness,menu_enrichment,1
DNA Testing Kit,menu_enrichment,1
Doctor Consult - Provider treatment review,menu_enrichment,1
Doctor Follow-Up,menu_enrichment,1
Doctor Initial Assessment,menu_enrichment,1
Doctor to Hotel,menu_enrichment,1
Documentary Screenings,menu_enrichment,1
Doppler Testing,menu_enrichment,1
Doppler Ultrasound,menu_enrichment,1
Dorsal Root Ganglion (DRG) Stimulation,menu_enrichment,1
Dorsal Root Ganglion Stimulation,menu_enrichment,1
"DOT and non DOT Physicals and Drug Test Collections - Breath Alcohol tests, Pulmonary Function Tests",menu_enrichment,1
DOT Consortium Program,menu_enrichment,1
DOT Drug & Breath Alcohol Testing,menu_enrichment,1
DOT Examinations,menu_enrichment,1
DOT Medical Review Officer (MRO),menu_enrichment,1
DOT Physical,menu_enrichment,1
DOT Physicals & CDL Medical Cards,menu_enrichment,1
DOT Reasonable Suspicion Course for Supervisors,menu_enrichment,1
DOT/CDL Physicals,menu_enrichment,1
Double chin Lifting procedure,menu_enrichment,1
Double Chin Treatment,menu_enrichment,1
Double Eyelid Creation Bk 13427,mymeditravel_regenerative_thailand,1
Double Eyelid Creation Bk 14588,mymeditravel_regenerative_thailand,1
Double Eyelid Creation Bk 14622,mymeditravel_regenerative_thailand,1
Double Eyelid Creation So8 3547,mymeditravel_regenerative_southkorea,1
Double Eyelid Surgery,menu_enrichment,1
Double J Ureteral Stent Placement — Urinary Drainage & Obstruction Relief,bookimed_longevity,1
DPC Membership - Children ages 2-21,menu_enrichment,1
DPC Membership - Individuals ages 22-64,menu_enrichment,1
DPC Membership - Individuals ages 65+,menu_enrichment,1
DPC Primary Care Membership - Ages 18-29,menu_enrichment,1
DPC Primary Care Membership - Ages 30-44,menu_enrichment,1
DPC Primary Care Membership - Ages 45-64,menu_enrichment,1
DPC Primary Care Membership - Ages 65+,menu_enrichment,1
Dr. G Lift,menu_enrichment,1
Dr. Lee Direct (Telemedicine),menu_enrichment,1
Drainage lymphatique,menu_enrichment,1
Drop In Class,menu_enrichment,1
Drop-In Class,menu_enrichment,1
Drop-In Class - per class,menu_enrichment,1
Drug Addiction Treatment with 900+ Cases — Neuropsychological Testing & TMS,bookimed_longevity,1
Drug Addiction Treatment with 900+ Cases — Neuropsychological Testing & TMS,bookimed_longevity_turkey,1
Drug Addiction treatment with Hospitalization,bookimed_longevity,1
Drug Addiction treatment with Hospitalization,bookimed_longevity_turkey,1
Drug and Alcohol Screening,menu_enrichment,1
Drug Testing Clinic,menu_enrichment,1
Drug/Alcohol Screening,menu_enrichment,1
Drumming groups and workshops,menu_enrichment,1
DRX 9000 Spinal Decompression - DRX®-9000,menu_enrichment,1
Dry Cupping,menu_enrichment,1
Dry Cupping Session,menu_enrichment,1
Dry Flotation Therapy,menu_enrichment,1
Dry Head Spa,menu_enrichment,1
Dry Head Spa - 60 minute,menu_enrichment,1
Dry Pedicure,menu_enrichment,1
DTS Spinal Decompression,menu_enrichment,1
Dual-Diagnosis Treatment,menu_enrichment,1
Duet Pilates Lesson - Apprentice,menu_enrichment,1
"Duet Pilates Lesson - Apprentice, per person",menu_enrichment,1
Duet Pilates Lesson - Director,menu_enrichment,1
"Duet Pilates Lesson - Director, per person",menu_enrichment,1
Duet Pilates Lesson - Senior,menu_enrichment,1
"Duet Pilates Lesson - Senior, per person",menu_enrichment,1
Duet Pilates Lesson - Standard,menu_enrichment,1
"Duet Pilates Lesson - Standard, per person",menu_enrichment,1
"Duet Pilates Lessons Package - Apprentice, 10 Duet Lessons, per person",menu_enrichment,1
"Duet Pilates Lessons Package - Apprentice, 10 Lessons",menu_enrichment,1
"Duet Pilates Lessons Package - Director, 10 Duet Lessons, per person",menu_enrichment,1
"Duet Pilates Lessons Package - Director, 10 Lessons",menu_enrichment,1
"Duet Pilates Lessons Package - Senior, 10 Duet Lessons, per person",menu_enrichment,1
"Duet Pilates Lessons Package - Senior, 10 Lessons",menu_enrichment,1
"Duet Pilates Lessons Package - Standard, 10 Duet Lessons, per person",menu_enrichment,1
"Duet Pilates Lessons Package - Standard, 10 Lessons",menu_enrichment,1
Duo 60 Minute Session,menu_enrichment,1
Duo 60 Minute Sessions - 10 Sessions,menu_enrichment,1
Duo 60 Minute Sessions - 5 Sessions,menu_enrichment,1
Duo 90 Minute Session,menu_enrichment,1
Duo 90 Minute Sessions - 10 Sessions,menu_enrichment,1
Duo 90 Minute Sessions - 5 Sessions,menu_enrichment,1
DUROLANE,menu_enrichment,1
DXA Scan (Spine and Hip),menu_enrichment,1
Dynamic Neuromuscular Stabilization,menu_enrichment,1
"Dysport - Dysport, 60 Units",menu_enrichment,1
Dysport Injections,menu_enrichment,1
Dystonia Treatment,menu_enrichment,1
E-Stim,menu_enrichment,1
E-Stim (Electrical Stimulation),menu_enrichment,1
Ear Candling - Add-on treatment,menu_enrichment,1
Ear Candling Candles,menu_enrichment,1
Ear Cleaning,menu_enrichment,1
Ear Infection Therapies & Techniques,menu_enrichment,1
Ear microsuction - both ears,menu_enrichment,1
Ear Nose And Throat Consultation Cr 42,mymeditravel_regenerative_thailand,1
Ear Piercing,menu_enrichment,1
Ear Piercing for Kids & Teens - Ages 5+,menu_enrichment,1
Ear Surgery,menu_enrichment,1
Ear Surgery Tu1 708,mymeditravel_regenerative_turkey,1
"Ear, Nose, Throat (ENT) - Balloon Sinuplasty",menu_enrichment,1
Earlobe Repair Surgery,menu_enrichment,1
Ears Waxing,menu_enrichment,1
Eastern & Western Nutrition Consultation,menu_enrichment,1
EasyTon IOP Tonometer - EasyTon,menu_enrichment,1
Eating disorder treatment center,biohacking_map,1
Eating Disorders,menu_enrichment,1
Eating disorders treatment,menu_enrichment,1
EBO2,menu_enrichment,1
Eboo first timer,menu_enrichment,1
EBOO Ozone Dialysis,menu_enrichment,1
EBOO Therapy,menu_enrichment,1
EBOO Therapy - Extracorporeal Blood Oxygenation and Ozonation,menu_enrichment,1
EBOO Therapy - Extracorporeal Blood Ozone Oxygenation,menu_enrichment,1
ECG Testing In Clinic,menu_enrichment,1
Echocardiogram,world_longevity_clinics,1
Echocardiogram So8 1788,mymeditravel_chaum_medical_center,1
Echocardiography,menu_enrichment,1
Eclectic Therapy,menu_enrichment,1
Eclipse Micropen,menu_enrichment,1
Education,menu_enrichment,1
Education - Health Improvement Resources,menu_enrichment,1
Educational Remediation Therapy,menu_enrichment,1
EE System Hourly Packages,menu_enrichment,1
EE System Monthly Membership,menu_enrichment,1
EE System Night Sessions,menu_enrichment,1
EE System Zero Gravity Smart Massage,menu_enrichment,1
EECP for Coronary Artery Disease (CAD) Package Details,bookimed_longevity,1
EECP for Coronary Artery Disease (CAD) Package Details,bookimed_longevity_thailand,1
EEG and VEEG,menu_enrichment,1
EESystem Night Session - Night Session,menu_enrichment,1
EESystem Remote Session - Remote Session,menu_enrichment,1
EESystem Session - Regular Hourly Rate,menu_enrichment,1
Egg Donation,menu_enrichment,1
Egg Freezing,menu_enrichment,1
Egg Freezing Bk 13161,mymeditravel_regenerative_thailand,1
Ehlers Danlos Syndrome,menu_enrichment,1
Eiseninfusion,menu_enrichment,1
EKG (Electrocardiogram) Testing,menu_enrichment,1
EKG Technician Training,menu_enrichment,1
EKG Testing,menu_enrichment,1
EKG/ECG,menu_enrichment,1
Elbow Care,menu_enrichment,1
Elbow Rejuvenation,menu_enrichment,1
Elbow surgery,menu_enrichment,1
Elbow therapy,menu_enrichment,1
Elbow Treatments,menu_enrichment,1
Elderberry Syrup,menu_enrichment,1
Electric Stimulation,menu_enrichment,1
Electric Stimulation Therapy,menu_enrichment,1
Electrical Muscle Stimulation and Interferential Electrotherapy (EMS/IF),menu_enrichment,1
Electrical Stimulation,menu_enrichment,1
Electrical Stimulation Therapy,menu_enrichment,1
Electro Shock Therapy,menu_enrichment,1
Electro-acupuncture,menu_enrichment,1
Electro-Acupuncture Medicine,menu_enrichment,1
Electro-Sonic DF Mobile - Environ,menu_enrichment,1
Electrocardiogram,menu_enrichment,1
Electrocardiogram Ecg Or Ekg So8 131,mymeditravel_chaum_medical_center,1
Electrocardiograms (EKGs),menu_enrichment,1
Electrodiagnostic Testing,menu_enrichment,1
Electroencephalogram (EEG),menu_enrichment,1
Electroencephalography (EEG),menu_enrichment,1
Electroencephalography Eeg So8 1806,mymeditravel_chaum_medical_center,1
Electromagnetic cap - Stimufield,menu_enrichment,1
Electromyogram Emg So8 207,mymeditravel_chaum_medical_center,1
Electrophysiology Study Eps So8 1789,mymeditravel_chaum_medical_center,1
Electrotherapy,menu_enrichment,1
Eletro Acupuntura Hai Hua,menu_enrichment,1
Eleve Vibro Lounger,menu_enrichment,1
Elite Athlete,menu_enrichment,1
Elite Athlete PLUS,menu_enrichment,1
Elite Boost IV Drip - Elite Boost,menu_enrichment,1
Elite Longevity Membership,menu_enrichment,1
Elite Membership,menu_enrichment,1
Elite Program,menu_enrichment,1
Elite Recovery & Longevity Plan,menu_enrichment,1
Elite Sports Recovery Package,menu_enrichment,1
EltaMD Sun Care and Skin Care Products - EltaMD,menu_enrichment,1
EM Body Sculpt,menu_enrichment,1
Email / Secure Message Support,menu_enrichment,1
EMDR,menu_enrichment,1
EMDR 8 Phases Overview,menu_enrichment,1
EMDR Intensive,menu_enrichment,1
EMDR Intensive deposit,menu_enrichment,1
EMDR Session,menu_enrichment,1
EMDR Therapy - Extended or Intensive,menu_enrichment,1
EMDR Therapy for Trauma & PTSD,menu_enrichment,1
"EMDR Treatment - EMDR, weekly one-on-one sessions",menu_enrichment,1
Emergency Dental,menu_enrichment,1
Emergency Department Visit,menu_enrichment,1
Emface,menu_enrichment,1
EMG & NCS Studies,menu_enrichment,1
EMG (Electromyogram),menu_enrichment,1
EMG (Electromyography),menu_enrichment,1
EMG – Electromyography,menu_enrichment,1
EMG/NCS,menu_enrichment,1
EMG/Nerve Conduction Study,menu_enrichment,1
Eminence Pro Salicylic Acid Peel,menu_enrichment,1
Emotion Clearing,menu_enrichment,1
Emotional Fitness Program (EFP),menu_enrichment,1
Emotional Support Animal Evaluation,menu_enrichment,1
Emotional Wellness For Moms,menu_enrichment,1
Employment Services,menu_enrichment,1
EmpowerRF,menu_enrichment,1
EMS (add-on),menu_enrichment,1
EMSculpt,menu_enrichment,1
"EmSculpt - EmSculpt, 1 Session for Abs or Butt",menu_enrichment,1
EMSculpt Body Contouring,menu_enrichment,1
EmSculpt Body Sculpting,menu_enrichment,1
EmSculpt NEO,menu_enrichment,1
EMSCULPT NEO,menu_enrichment,1
"EmSculpt NEO (Regular Price) - EmSculpt NEO, package of 6 sessions",menu_enrichment,1
"EmSculpt NEO - EmSculpt NEO, package of 6 sessions",menu_enrichment,1
EMSculpt NEO Muscle Toning - EMSculpt NEO,menu_enrichment,1
Emsella (Pelvic),menu_enrichment,1
Emsella Package - 12 Sessions,menu_enrichment,1
Emsella Package - 6 Sessions,menu_enrichment,1
Emsella Therapy,menu_enrichment,1
EMTT,menu_enrichment,1
EMTT + Focal Shockwave,menu_enrichment,1
EMTT Therapy,menu_enrichment,1
Emy Kegel Trainer - Emy,menu_enrichment,1
Enclomiphene - Hormonal Health,menu_enrichment,1
Enclomiphene / Gonadorelin,menu_enrichment,1
Enclomiphene Citrate,menu_enrichment,1
Enclomiphene Therapy - Enclomiphene,menu_enrichment,1
Endermologie LPG - LPG,menu_enrichment,1
Endo Laser,menu_enrichment,1
Endocrinology and Diabetes Care,menu_enrichment,1
Endocrinology Consultation,menu_enrichment,1
Endometrial Biopsy,menu_enrichment,1
Endometrial Biopsy So8 1828,mymeditravel_chaum_medical_center,1
Endometriosis Treatment,menu_enrichment,1
Endometriosis Treatment So8 1829,mymeditravel_chaum_medical_center,1
Endoscopic Anterior Cervical Discectomy,bookimed_longevity,1
Endoscopic Anterior Cervical Discectomy,bookimed_longevity_turkey,1
Endoscopic Brow Lift by European Board-Certified Surgeon — 5 Nights Hotel,bookimed_longevity_korea,1
Endoscopic Discectomy with Neuronavigation by DBS Association Founder — VIP Transfer,bookimed_longevity,1
Endoscopic Discectomy with Neuronavigation by DBS Association Founder — VIP Transfer,bookimed_longevity_turkey,1
Endoscopic Retrograde Cholangiopancreatography Ercp Bk 13175,mymeditravel_regenerative_thailand,1
Endoscopic Retrograde Cholangiopancreatography Ercp Bk 14162,mymeditravel_regenerative_thailand,1
Endoscopy Bk 13162,mymeditravel_regenerative_thailand,1
Endoscopy So8 1817,mymeditravel_chaum_medical_center,1
Endovenous Laser Ablation Therapy (EVLT),menu_enrichment,1
Endovenous Radiofrequency Ablation with Complex Mapping at JCI-Accredited Hospital — Transfer Included,bookimed_longevity,1
Endovenous Radiofrequency Ablation with Complex Mapping at JCI-Accredited Hospital — Transfer Included,bookimed_longevity_turkey,1
Endovenous Thermal Ablation (EVTA),menu_enrichment,1
Endowed Professorship,menu_enrichment,1
Endurance & Iron Panel,menu_enrichment,1
Endurance Panel - DexaFit,menu_enrichment,1
Energiser Express Package,menu_enrichment,1
Energiser Membership - 10 credits per month,menu_enrichment,1
Energiser Package,menu_enrichment,1
Energize & Burn IV Drip (Get up & Go),menu_enrichment,1
Energy Activations,menu_enrichment,1
Energy Boost,menu_enrichment,1
Energy Boost IV Drip,menu_enrichment,1
Energy Clearing Sessions - AshWork,menu_enrichment,1
Energy Healing,menu_enrichment,1
"Energy Healing, Polarity or Reiki - Winter Special, 1 Hour",menu_enrichment,1
"Energy IV Drip (Deluxe) - Deluxe, 500ml",menu_enrichment,1
"Energy IV Drip (Signature) - Signature, 500ml",menu_enrichment,1
Energy Medicine Therapy - with Jason Wood,menu_enrichment,1
Energy Meditations,menu_enrichment,1
Enhanced Healthy Living Assessment,menu_enrichment,1
Enhancer Membership - 20 credits per month,menu_enrichment,1
ENL Body Line,menu_enrichment,1
ENL Contouring Injection,menu_enrichment,1
Enlarged Prostate (BPH) Care,menu_enrichment,1
Enneagram Coaching,menu_enrichment,1
Enrollment Fee,menu_enrichment,1
Enteral Nutrition,menu_enrichment,1
Environmental Medicine & Detox,menu_enrichment,1
"Environmental Toxicity Testing - pesticides, plastics, heavy metals, mold",menu_enrichment,1
Environmental Toxin Screen,menu_enrichment,1
Environmental Toxin Screen With OAT,menu_enrichment,1
Environmental Toxin Screening,menu_enrichment,1
Epidural,menu_enrichment,1
Epidural Adhesiolysis,menu_enrichment,1
Epidural Injection,menu_enrichment,1
Epidural Injections for spine,menu_enrichment,1
Epidurals,menu_enrichment,1
"Epigenetic Clocks (DunedinPACE, GrimAge)",world_longevity_clinics,1
Epigenetic Profiling,biohacking_map,1
Epigenetic Tracking,biohacking_map,1
Epilepsy & Seizures,menu_enrichment,1
Epilepsy Consultation Bk 14160,mymeditravel_regenerative_thailand,1
Epilepsy surgery,menu_enrichment,1
Epionce Balancing Toner - Epionce,menu_enrichment,1
Epionce Daily Shield Tinted SPF - Epionce,menu_enrichment,1
Epionce Gentle Foaming Cleanser - Epionce,menu_enrichment,1
Epionce Intense Defense Serum - Epionce,menu_enrichment,1
Epionce Intensive Nourishing Cream - Epionce,menu_enrichment,1
Epionce Lite Lytic Tx - Epionce,menu_enrichment,1
Epionce Luminous Eye Serum - Epionce,menu_enrichment,1
Epionce Lytic Gel Cleanser - Epionce,menu_enrichment,1
Epionce Lytic Sport Tx - Epionce,menu_enrichment,1
Epionce Lytic Tx - Epionce,menu_enrichment,1
Epionce MelanoLyte Pigment Perfection Serum - Epionce,menu_enrichment,1
Epionce MelanoLyte Tx - Epionce,menu_enrichment,1
Epionce Purifying Toner - Epionce,menu_enrichment,1
Epionce Purifying Wash - Epionce,menu_enrichment,1
Epionce Renewal Eye Cream - Epionce,menu_enrichment,1
Epionce Skin Care Products - Epionce,menu_enrichment,1
Epithalon,menu_enrichment,1
"Epithalon - Telomere Support, 10-Day Protocol",menu_enrichment,1
Epoch Lasers,menu_enrichment,1
Erectile Dysfunction (ED) Treatment,menu_enrichment,1
Erectile Dysfunction Diagnosis Bk 13763,mymeditravel_regenerative_thailand,1
Erectile Dysfunction Treatment - Cialis (Tadalafil) - Cialis,menu_enrichment,1
Erectile Dysfunction Treatment - Customized Medical Programs,menu_enrichment,1
Erectile Dysfunction Treatment - Menspro RISE™,menu_enrichment,1
Erectile Dysfunction Treatment - Performance Max Wave Therapy,menu_enrichment,1
Erectile Dysfunction Treatment - Regenerative Non-surgical Procedures,menu_enrichment,1
Erectile Dysfunction Treatment - Viagra (Sildenafil) - Viagra,menu_enrichment,1
Erectile Dysfunction Treatment - Z Wave,menu_enrichment,1
Erectile Dysfunction Treatment Bk 13764,mymeditravel_regenerative_thailand,1
Ergonomic Training Programs,menu_enrichment,1
Ergonomics and Postural Retraining,menu_enrichment,1
Erweiterte Abklärung,menu_enrichment,1
Essential Assessment,menu_enrichment,1
Essential Care Family Practice Membership,menu_enrichment,1
Essential Check-up - Essential,menu_enrichment,1
Essential IV - 45 min-1 hour,menu_enrichment,1
Essential Longevity Membership,menu_enrichment,1
Essential Oil & Aromatherapy Scalp Care,menu_enrichment,1
Essentials Program,menu_enrichment,1
Established Patient Exam,menu_enrichment,1
Esthetician's Choice,menu_enrichment,1
Estrogen - Hormonal Health,menu_enrichment,1
Estrogen Therapy,menu_enrichment,1
Estrogen Therapy (BHRT),menu_enrichment,1
Ethical & Risk Management Consultation - Clinical Consultation,menu_enrichment,1
Eucalyptus or Peppermint Scalp Massage,menu_enrichment,1
European Facial,menu_enrichment,1
European Facial - Weekend (Fri-Sun),menu_enrichment,1
EVA AI,menu_enrichment,1
Evening Session Special - Monoplace hard shell hyperbaric chamber,menu_enrichment,1
Event Medical Support,menu_enrichment,1
Everyday and preventative care,menu_enrichment,1
"Everything Eyebrow - Styling, Tint, Lamination",menu_enrichment,1
Everything Soulful Oils,menu_enrichment,1
EVLT Treatment,menu_enrichment,1
EVOX Biofeedback Therapy - EVOX,menu_enrichment,1
Excel V+ - Excel® V+,menu_enrichment,1
Exclusive Private Party in Deluxe Salt Cave,menu_enrichment,1
Executive Health & Longevity Programs,menu_enrichment,1
Executive Health - Physician-led executive health services,menu_enrichment,1
Executive Health Audit,menu_enrichment,1
Executive Health Membership,menu_enrichment,1
Executive Health Plans,menu_enrichment,1
Executive Physical,menu_enrichment,1
Executive Recovery,menu_enrichment,1
Executive Recovery - Morris Method™,menu_enrichment,1
Exercise & nutrition counseling,menu_enrichment,1
Exercise and Physical Therapy,menu_enrichment,1
Exercise Physiology,world_longevity_clinics,1
Exercise Rehabilitation,menu_enrichment,1
Exilis Ultra 360 - Exilis Ultra 360,menu_enrichment,1
Exion RF Microneedling,menu_enrichment,1
Existential Therapy,menu_enrichment,1
ExoMind,menu_enrichment,1
ExoMind Package - 6 Sessions,menu_enrichment,1
EXOMIND Therapy,menu_enrichment,1
Exos Hand,menu_enrichment,1
Exos Wrist,menu_enrichment,1
"Exosome Energy Boost for Diabetes by Regenerative Specialist with 1,100+ Procedures",bookimed_longevity,1
Exosome Facial with Microneedling,menu_enrichment,1
Exosome Stem Cell Derived Microneedling - Stem Cell Derived Exosome,menu_enrichment,1
"Exosome Stem Cell Derived Microneedling Package - Stem Cell Derived Exosome, package of 3",menu_enrichment,1
Exosome Treatment,biohacking_map,1
"Expanded visit - uninsured patient, payment at the time of service",menu_enrichment,1
Expert Eyelid Surgery | IPRAS Member & 40+ Years of Excellence,bookimed_longevity,1
Expert Physical Therapy Consultations,menu_enrichment,1
Express Glow Facial,menu_enrichment,1
Express Herbal Tonic Mask,menu_enrichment,1
Express Keratin,menu_enrichment,1
Express Lashes,menu_enrichment,1
Express NIPT in Bangkok with Fast Results,bookimed_longevity,1
Express NIPT in Bangkok with Fast Results,bookimed_longevity_thailand,1
"eXquisite Drip - All-inclusive blend of essential vitamins, minerals, antioxidants, and hydration",menu_enrichment,1
Extended Check-up - Extended,menu_enrichment,1
Extended Follow-Up - 75 minutes,menu_enrichment,1
Extended individual session,menu_enrichment,1
Extensive Biomarker Testing,biohacking_map,1
External Beam Radiation Therapy - Linear Accelerator,menu_enrichment,1
Extra Extractions,menu_enrichment,1
Extra Medication Add-On,menu_enrichment,1
Extra Spinal Adjustment,menu_enrichment,1
"Extra Strength Minoxidil 5% Liquid - Extra Strength 5%, 60ml",menu_enrichment,1
Extracorporeal Magnetic Transduction Therapy,menu_enrichment,1
Extractions (add-on),menu_enrichment,1
Extractions Add-on,menu_enrichment,1
Extremities,menu_enrichment,1
Eye Bag Removal Bk 14624,mymeditravel_regenerative_thailand,1
Eye Bag Removal So8 5409,mymeditravel_regenerative_southkorea,1
Eye Care Stem Cell Treatment Package,bookimed_longevity,1
Eye Care Stem Cell Treatment Package,bookimed_longevity_turkey,1
Eye Exams,menu_enrichment,1
Eye Lifting - EndyMed iFine RF,menu_enrichment,1
Eye Puff Minimizer,menu_enrichment,1
Eyebag fat reposition,menu_enrichment,1
Eyebrow and Lash Tinting,menu_enrichment,1
Eyebrow Hair Transplant Pa 186,mymeditravel_regenerative_thailand,1
Eyebrow Hair Transplant So8 6060,mymeditravel_regenerative_southkorea,1
Eyebrow Lamination + Tint,menu_enrichment,1
Eyebrow Lift,menu_enrichment,1
Eyebrow Lifting,menu_enrichment,1
Eyebrow Natural Bio-Henna Stain - Lash & Brow,menu_enrichment,1
Eyebrow Palette In Brow Wow,menu_enrichment,1
Eyebrow Restoration,menu_enrichment,1
Eyebrow Styling,menu_enrichment,1
Eyebrow Wax,menu_enrichment,1
Eyeglasses & Contact Lenses,menu_enrichment,1
Eyelash Extension,menu_enrichment,1
Eyelash Extension Set (classic),menu_enrichment,1
Eyelash Refill,menu_enrichment,1
Eyelash/Eyebrow Tinting,menu_enrichment,1
Eyelid Lift,menu_enrichment,1
Eyelid Surgery,menu_enrichment,1
Eyelid Surgery Bk 12488,mymeditravel_regenerative_thailand,1
Eyelid Surgery Bk 14587,mymeditravel_regenerative_thailand,1
Eyelid Surgery Bk 14623,mymeditravel_regenerative_thailand,1
Eyelid Surgery So8 3674,mymeditravel_regenerative_southkorea,1
Eyelid Surgery Tu2 1255,mymeditravel_regenerative_turkey,1
Eyelining,menu_enrichment,1
EZ PRF Injectable,menu_enrichment,1
EZ Scan,menu_enrichment,1
EZGEL,menu_enrichment,1
Face & Neck Lift for Complete Facial Rejuvenation — All-Inclusive Package,bookimed_longevity,1
Face & Neck Lift for Complete Facial Rejuvenation — All-Inclusive Package,bookimed_longevity_turkey,1
"Face (lips, chin, & sideburns)",menu_enrichment,1
"Face (lips, chin, & sideburns) Wax",menu_enrichment,1
Face Contouring,menu_enrichment,1
Face Frame Highlights,menu_enrichment,1
Face Lift & Decollete Firming - Icoone,menu_enrichment,1
Face Lifting,menu_enrichment,1
Face Lotion,menu_enrichment,1
Face Reality Boot Camp,menu_enrichment,1
Face Slimming Ph 849,mymeditravel_regenerative_thailand,1
Face Slimming So8 3560,mymeditravel_regenerative_southkorea,1
Face Surgery Tu2 1254,mymeditravel_regenerative_turkey,1
Face Tightening,menu_enrichment,1
Face Treatments - 1 min,menu_enrichment,1
Facelift Bk 14629,mymeditravel_regenerative_thailand,1
Facelift by Surgeon with 900+ Facelifts Performed — 5★ Hotel & VIP Transfer,bookimed_longevity,1
Facelift by Surgeon with 900+ Facelifts Performed — 5★ Hotel & VIP Transfer,bookimed_longevity_turkey,1
Facelift Sp 360,mymeditravel_regenerative_thailand,1
Facelift Tu1 704,mymeditravel_regenerative_turkey,1
Facet Injections,menu_enrichment,1
Facet Nerve Joint Block,menu_enrichment,1
FaceTite,menu_enrichment,1
Facial & Rejuvenation Acupuncture,menu_enrichment,1
Facial Acupuncture & Microneedling,menu_enrichment,1
Facial Add-ons,menu_enrichment,1
"Facial Aesthetics - Hydrafacial, Chemical Peels, Dermaplaning",menu_enrichment,1
Facial and Neck lifting,menu_enrichment,1
Facial Asymmetry Correction,menu_enrichment,1
Facial Balancing,menu_enrichment,1
Facial Bk 14375,mymeditravel_regenerative_thailand,1
Facial Care,menu_enrichment,1
Facial Contouring Ph 856,mymeditravel_regenerative_thailand,1
Facial Contouring So8 3540,mymeditravel_regenerative_southkorea,1
Facial Cupping,menu_enrichment,1
Facial Cupping (add-on),menu_enrichment,1
Facial Cupping - For tone and radiance,menu_enrichment,1
Facial Cupping Add On,menu_enrichment,1
Facial Fat Transfer by EBOPRAS-Certified Surgeon — Consultation & Follow-Up Included,bookimed_longevity,1
Facial Fat Transfer by EBOPRAS-Certified Surgeon — Consultation & Follow-Up Included,bookimed_longevity_turkey,1
Facial Gua Sha - To lift and awaken your skin,menu_enrichment,1
Facial Hair Removal,menu_enrichment,1
Facial Mask Ph 1559,mymeditravel_regenerative_thailand,1
Facial Peel,menu_enrichment,1
Facial Peel for Active Acne,menu_enrichment,1
Facial Peels,menu_enrichment,1
Facial Ph 1558,mymeditravel_regenerative_thailand,1
Facial Ph 837,mymeditravel_regenerative_thailand,1
Facial Rejuvenation,menu_enrichment,1
Facial Rejuvenation Acupuncture,menu_enrichment,1
Facial Rejuvenation with 30 min Facial Massage & Hydrating Mask - Initial Visit / Follow Up,menu_enrichment,1
Facial Rejuvenation with 30 min Facial Massage - 30 min facial massage,menu_enrichment,1
Facial Rejuvenation with Hydrating Mask - Initial Visit / Follow Up,menu_enrichment,1
Facial Volume Loss Treatment,menu_enrichment,1
Facial Waxing,menu_enrichment,1
Facial With Extractions,menu_enrichment,1
Facial with Microdermabrasion,menu_enrichment,1
Facial Wrinkles & Fine Lines Treatment,menu_enrichment,1
FactorFive Exofecta Add-On,menu_enrichment,1
FactorFive Renew Dermal Solution,menu_enrichment,1
Fainting,menu_enrichment,1
Fair Play Coaching,menu_enrichment,1
Faith-Based Coaching,menu_enrichment,1
Fall Prevention & Balance Training,menu_enrichment,1
Fall Prevention Balance Training,menu_enrichment,1
Fall Prevention Plan,menu_enrichment,1
Fam Membership - Family (3+ Members),menu_enrichment,1
Fam Membership - Family (3+ Members) - Direct Primary Care for Families,menu_enrichment,1
Fam Membership - Family - 3+ Members,menu_enrichment,1
Fam Membership - Individual - Direct Primary Care for Adults and Children,menu_enrichment,1
"Fam Membership - Individual - Direct Primary Care for Adults and Children, annual contract, $150/month",menu_enrichment,1
"Fam Membership - Individual - Direct Primary Care for Adults and Children, per month (annual contract)",menu_enrichment,1
Family & Fertility Counseling,menu_enrichment,1
Family Chiropractic,menu_enrichment,1
Family Health,menu_enrichment,1
Family Health Annual Pass,menu_enrichment,1
Family Health Annual Pass - Rejuvenate Yourself Family Health Guard Pass,menu_enrichment,1
Family Medicine Services,menu_enrichment,1
Family Planning Counseling,menu_enrichment,1
Family Psychotherapy,menu_enrichment,1
"Family Reunification Family Session - Voluntary, State-Ordered, or Court-Ordered Managed",menu_enrichment,1
"Family Reunification Individual Session - Voluntary, State-Ordered, or Court-Ordered Managed",menu_enrichment,1
Family Salt in High Octane Salt Room - 1 Adult + 1 Child (below age 10),menu_enrichment,1
Family Support Group Sessions - 1-hour,menu_enrichment,1
Family Therapy - per session,menu_enrichment,1
Family Therapy Relationship Repair,menu_enrichment,1
Fascia Hydrodissection,menu_enrichment,1
Fascia Manipulation Therapy,menu_enrichment,1
Fascial Distortion Model,menu_enrichment,1
Fascial Manipulation,menu_enrichment,1
Fascial Release & Restoration,menu_enrichment,1
Faster - 4 Visits - Faster,menu_enrichment,1
Faster - Limited Time Offer - Faster,menu_enrichment,1
Faster Annual - Faster,menu_enrichment,1
Faster Membership - Faster,menu_enrichment,1
Faster Tanning Bed Visit - Faster,menu_enrichment,1
Fastest Annual - Fastest,menu_enrichment,1
Fastest Membership - Fastest,menu_enrichment,1
Fastest Tanning Bed Visit - Fastest,menu_enrichment,1
Fat Burning Injection - PPC (Phosphatidylcholine) and DC (sodium deoxycholate),menu_enrichment,1
Fat Burning Injections,menu_enrichment,1
Fat Burning Shots,menu_enrichment,1
Fat Burning Stack - Peptide Stack,menu_enrichment,1
Fat Dissolving Injections,menu_enrichment,1
Fat Loss Laser,menu_enrichment,1
Fat Loss Program,menu_enrichment,1
"Fat Melter - Kybella, 1 vial",menu_enrichment,1
Fat Transfer Bk 14635,mymeditravel_regenerative_thailand,1
Fat Transfer So8 3557,mymeditravel_regenerative_southkorea,1
FatBurner IV,menu_enrichment,1
Father's Day Package,menu_enrichment,1
Fatty Liver Screening - FibroScan,menu_enrichment,1
FDA Cleared Neuropathy Treatment,menu_enrichment,1
FDA Cleared Treatment for Knee Arthritis,menu_enrichment,1
Feet Waxing,menu_enrichment,1
Feldenkrais Method - Functional Integration,menu_enrichment,1
Female Check-up Over 40 with Mammography & Gynecology Consultation,bookimed_longevity,1
Female Check-up Over 40 with Mammography & Gynecology Consultation,bookimed_longevity_turkey,1
Female Check-up with Mammography & Hormonal Profile — Apartment Included,bookimed_longevity,1
Female Check-up with Mammography & Hormonal Profile — Apartment Included,bookimed_longevity_turkey,1
Female Fertility and Perinatal Mental Health,menu_enrichment,1
Female Fertility Panel,menu_enrichment,1
Female Fertility Testing So8 1854,mymeditravel_chaum_medical_center,1
Female Health Check-up Over 40 with Mammography & Tumor Markers,bookimed_longevity,1
Female Health Check-up Over 40 with Mammography & Tumor Markers,bookimed_longevity_turkey,1
Female Health Check-up Under 40 — Transfer & Translation Included,bookimed_longevity,1
Female Health Check-up Under 40 — Transfer & Translation Included,bookimed_longevity_turkey,1
Female Health Check-up with Mammography & Gynecologist Consultation in Turkey,bookimed_longevity,1
Female Health Check-up with Mammography & Gynecologist Consultation in Turkey,bookimed_longevity_turkey,1
Female Health Checkup Bk 13151,mymeditravel_regenerative_thailand,1
Female Health Checkup Cr 47,mymeditravel_regenerative_thailand,1
Female Health Checkup Ph 1371,mymeditravel_regenerative_thailand,1
Female Health Checkup Ph 1548,mymeditravel_regenerative_thailand,1
Female Health Checkup Ph 831,mymeditravel_regenerative_thailand,1
Female Health Checkup Tu2 1249,mymeditravel_regenerative_turkey,1
Female Hormone,menu_enrichment,1
Female Hormone Panel,menu_enrichment,1
Female Sterilization So8 1830,mymeditravel_chaum_medical_center,1
"Female Vitality Lab - Free/Total Test, Estradiol, Progesterone",menu_enrichment,1
Femilift,menu_enrichment,1
FemiLift,menu_enrichment,1
Femilift Vaginal Rejuvenation,menu_enrichment,1
Femilift Vaginal Rejuvenation - Femilift,menu_enrichment,1
FemiLift Vaginal Rejuvenation 3-Session Package - 3 sessions,menu_enrichment,1
"FemiLift Vaginal Rejuvenation Single Session - 1 session, 10-15 minutes",menu_enrichment,1
Femtosecond LASIK by Dr. Mones with 900+ Laser Eye Surgeries — JCI Hospital Ranked Among World's Best by Newsweek,bookimed_longevity,1
Fertility,menu_enrichment,1
Fertility Assessment So8 1855,mymeditravel_chaum_medical_center,1
Fertility counseling,menu_enrichment,1
Fertility Preservation Surgery,menu_enrichment,1
Fertility Relaxation Massage,menu_enrichment,1
Fertility/Abdominal Tuning Massage,menu_enrichment,1
Fetal Echocardiography So8 1831,mymeditravel_chaum_medical_center,1
Fibroids Treatment,menu_enrichment,1
Fibromyalgia & Chronic Fatigue Center,menu_enrichment,1
Fibromyalgia treatment,menu_enrichment,1
Fibromyalgia Treatment,menu_enrichment,1
Fibromyalgia Treatment So8 1860,mymeditravel_chaum_medical_center,1
FibroScan,menu_enrichment,1
Fibroscan Bk 13179,mymeditravel_regenerative_thailand,1
Fibroscan So8 1807,mymeditravel_chaum_medical_center,1
Filling,menu_enrichment,1
Filorga 135 HA,menu_enrichment,1
Finding Yourself: A Self Discovery Exercise Worksheet,menu_enrichment,1
Fine Motor Training,menu_enrichment,1
Fine-needle aspiration,menu_enrichment,1
Fire & Ice Thermal Cycling,menu_enrichment,1
Fire and Ice Facial,menu_enrichment,1
Fire Cider,menu_enrichment,1
Fire Cupping,menu_enrichment,1
Firming Facial,menu_enrichment,1
Firming Mask Add On,menu_enrichment,1
First Follow Up Visit,menu_enrichment,1
First Session Assessment,menu_enrichment,1
First Time Intro Offer,menu_enrichment,1
First Time Special,menu_enrichment,1
First-time patient visit - Lumix Q Super Pulse Laser,menu_enrichment,1
First-Time Protocol - Supernatural,menu_enrichment,1
Fish Oil - 60sg,menu_enrichment,1
Fisioterapia para distúrbios do movimento,menu_enrichment,1
FIT 360 3-D Body Scanner - FIT 360,menu_enrichment,1
Fit For A KING,menu_enrichment,1
Fit Testing,menu_enrichment,1
Fit3D Body Fitness Imaging,menu_enrichment,1
Fitness & Strength Training,menu_enrichment,1
Fitness and Wellness,menu_enrichment,1
Fitness Assessment,menu_enrichment,1
Fitness Instructor Sessions,menu_enrichment,1
Fitness Panel - DexaFit,menu_enrichment,1
Fitness Testing,menu_enrichment,1
Fitness Training - Fitness and Wellness,menu_enrichment,1
Flat Feet Treatment,menu_enrichment,1
Flat Foot Deformity,menu_enrichment,1
Flat Foot Treatment,menu_enrichment,1
Flat Nose Surgery,menu_enrichment,1
Flawless Finish Dermaplane,menu_enrichment,1
Flexion-Distraction,menu_enrichment,1
Float Tank Therapy,menu_enrichment,1
Floor Pilates,menu_enrichment,1
Flora Iron,menu_enrichment,1
"Flora Max - Flora Max, 30 Capsules",menu_enrichment,1
"Flora Max Daily - Flora Max Daily, 30 Capsules",menu_enrichment,1
Floral Bath,menu_enrichment,1
Flower Bath Soothing & Calming Scalp Care,menu_enrichment,1
Flowpresso - Flowpresso®,menu_enrichment,1
FLOWpresso Therapy,menu_enrichment,1
Flu,menu_enrichment,1
FLU A & B + Antigen Test,menu_enrichment,1
FLU A & B Test,menu_enrichment,1
Flu Fighter IV Infusion,menu_enrichment,1
Flu Relief IV - 2.5 hours,menu_enrichment,1
Flu Rescue IV Treatment,menu_enrichment,1
"Flu shots - uninsured patient, payment at the time of service",menu_enrichment,1
Flu Tests,menu_enrichment,1
Flu vaccines,menu_enrichment,1
"Fluids (Normal Saline) - 1,000 mL",menu_enrichment,1
Fluids (Normal Saline) - 500 mL,menu_enrichment,1
Fluorescein Angiography,menu_enrichment,1
Foam Sclerotherapy,menu_enrichment,1
Focused Shockwave,menu_enrichment,1
Focused Tension Therapy,menu_enrichment,1
Folix Laser Hair Growth Therapy,menu_enrichment,1
Follistatin Gene Therapy,world_longevity_clinics,1
Follow Up,menu_enrichment,1
Follow up consultation - 30-minutes,menu_enrichment,1
Follow Up Visit for Established Patient,menu_enrichment,1
Follow-up Appointment,menu_enrichment,1
"Follow-up PT Treatment - In Home, 45-60 minutes",menu_enrichment,1
"Follow-up PT Treatment - In Office, 45-60 minutes",menu_enrichment,1
Follow-up Session,menu_enrichment,1
"Follow-Up Session - In-Person, 60 minutes",menu_enrichment,1
"Follow-Up Session - In-Person, 75 minutes",menu_enrichment,1
"Follow-Up Session - Virtual, 60 minutes",menu_enrichment,1
"Follow-Up Session - Virtual, 75 minutes",menu_enrichment,1
Follow-Up Telehealth Visits,menu_enrichment,1
Follow-up Treatment,menu_enrichment,1
"Follow-up Visit - 20 min, 20 minutes",menu_enrichment,1
"Follow-up Visit - Medication check and adjustment, 25 min",menu_enrichment,1
"Follow-up Visit - Psychotherapy with option of medication management, 50 min",menu_enrichment,1
Food & Drug Reaction Management,menu_enrichment,1
Food & Wellness Scan - Zyto,menu_enrichment,1
Food Additive Sensitivity Testing,menu_enrichment,1
Food and Gluten Sensitivity,menu_enrichment,1
Food as Medicine,menu_enrichment,1
Food Intolerance Test — IgG Panel for 108 Allergens in Thailand,bookimed_longevity,1
Food Intolerance Test — IgG Panel for 108 Allergens in Thailand,bookimed_longevity_thailand,1
Food Poisoning IV,menu_enrichment,1
Food Poisoning IV Drip,menu_enrichment,1
Food Sensitivity,menu_enrichment,1
Food Sensitivity Test - IgG 184 Food Panel,menu_enrichment,1
Foot & Ankle Care - Podiatry,menu_enrichment,1
Foot & Ankle Physiotherapy,menu_enrichment,1
Foot and ankle care,menu_enrichment,1
Foot and Ankle Fractures Treatment,menu_enrichment,1
Foot and ankle surgery,menu_enrichment,1
Foot and Ankle Surgery,menu_enrichment,1
Foot Baths,menu_enrichment,1
Foot Levelers/Custom Orthotics,menu_enrichment,1
Foot Massage - 30 min,menu_enrichment,1
Foot Orthotics,menu_enrichment,1
Foot reflexology,menu_enrichment,1
Foot Reflexology (Aromatic Exfoliating Foot),menu_enrichment,1
Foot Reflexology (Eastern Reflex) - Eastern Reflex,menu_enrichment,1
Foot Reflexology - 30min,menu_enrichment,1
Foot Reflexology - 60min,menu_enrichment,1
Foot Surgery Tu5 804,mymeditravel_regenerative_turkey,1
Foot Treatment Add-On - Add On,menu_enrichment,1
Force Plate,menu_enrichment,1
Forehead Lift — 6 Nights at 4★ Hotel with VIP Transfer Included,bookimed_longevity,1
Forehead Lift — 6 Nights at 4★ Hotel with VIP Transfer Included,bookimed_longevity_turkey,1
Forehead Lifting,menu_enrichment,1
Forehead Mini-facial,menu_enrichment,1
Forever Facial,menu_enrichment,1
Formations,menu_enrichment,1
Foundation,biohacking_map,1
Foundation Programme,menu_enrichment,1
Foundation Programme (Individual Appointment Basis),menu_enrichment,1
Foundations Workshop,menu_enrichment,1
Fountain of Youth - 1 Liter,menu_enrichment,1
Fountain of Youth - Half Liter,menu_enrichment,1
Fountain of Youth IV - The Beauty Booster,menu_enrichment,1
Four Dimensional 4D Ultrasound So8 1832,mymeditravel_chaum_medical_center,1
Fractional CO2 Laser,menu_enrichment,1
Fractional Co2 Laser Bk 13187,mymeditravel_regenerative_thailand,1
Fractional Laser Treatment,menu_enrichment,1
Fractional Non-Ablative Skin Resurfacing - ResurFX with the Stellar M22,menu_enrichment,1
Fractional Skin Resurfacing - EndyMed,menu_enrichment,1
Fractora RF Skin Rejuvenation - Fractora RF,menu_enrichment,1
Fraxel Dual,menu_enrichment,1
Fraxel Dual - Fraxel Dual,menu_enrichment,1
Fraxel Laser,menu_enrichment,1
Fraxel Laser Resurfacing - Fraxel,menu_enrichment,1
Fraxel Laser Treatment - Fractional Laser Resurfacing,menu_enrichment,1
Free 15 Minute Phone Consultation,menu_enrichment,1
Free 15 Minute Strategy Session,menu_enrichment,1
Free 15-Min Consultation,menu_enrichment,1
Free 15-minute consultation,menu_enrichment,1
Free 15-minute phone consultation,menu_enrichment,1
Free 15-minute Virtual Consultation,menu_enrichment,1
Free Aesthetician Consult,menu_enrichment,1
Free Chiropractic Consultation,menu_enrichment,1
Free consultation,menu_enrichment,1
FREE Consultation,menu_enrichment,1
Free Consultation - Medical Doctor (MD) consultation,menu_enrichment,1
Free Digital Hair Analysis,menu_enrichment,1
Free Heart Check Session,menu_enrichment,1
Free Initial Consultation,menu_enrichment,1
Free Initial Diagnostic Report - ALC,menu_enrichment,1
Free Injury Screening,menu_enrichment,1
Free Presentations and Classes - Free Community Programs,menu_enrichment,1
Free Virtual Aesthetic Consultation,menu_enrichment,1
"Freeze Roll On - CBD, 1000mg",menu_enrichment,1
French Pedicure,menu_enrichment,1
Fresh Face Essentials - Environ,menu_enrichment,1
Frozen Shoulder/Adhesive Capsulitis,menu_enrichment,1
FTS Testing,menu_enrichment,1
FUE Hair Transplant,menu_enrichment,1
FUE Hair Transplant - RootDesign™ FUE,menu_enrichment,1
FUE Hair Transplant with Lifetime Warranty & VIP Transfer — 4★ Hotel,bookimed_longevity,1
FUE Hair Transplant with Lifetime Warranty & VIP Transfer — 4★ Hotel,bookimed_longevity_turkey,1
"FUE Non-Shaven (Long Hair) 1,200-1,500 grafts + Stem cell for Alopecia (Hair loss) 1 session",bookimed_longevity_thailand,1
"FUE Non-Shaven (Short Hair) 1,200-1,500 grafts + Stem cell for Alopecia (Hair loss) 1 session",bookimed_longevity_thailand,1
"FUE Non-Shaven (Short Hair) 1,200-1,500 grafts + Stem cell for Alopecia (Hair loss) 2 sessions",bookimed_longevity_thailand,1
"FUE Shaven 1,500-1,999 grafts + Stem cell for Alopecia (Hair loss) 2 sessions",bookimed_longevity_thailand,1
"FUE Shaven 2,000-3,000 grafts + Stem cell for Alopecia (Hair loss) 2 sessions",bookimed_longevity_thailand,1
FULL ACNE SCAR TREATMENT (FULL FACE FRACTIONAL LÁSER + ERBIUM+ RADIESSE),bookimed_longevity,1
Full Arm,menu_enrichment,1
Full Arm Wax,menu_enrichment,1
Full Back Waxing,menu_enrichment,1
Full Body Diagnostics,world_longevity_clinics,1
Full Body Lift with Tummy Tuck — 5★ Hotel & VIP Transfer Included,bookimed_longevity,1
Full Body Lift with Tummy Tuck — 5★ Hotel & VIP Transfer Included,bookimed_longevity_turkey,1
Full Body Petmri Scan Pa 1614,mymeditravel_regenerative_thailand,1
Full Body Scan,menu_enrichment,1
Full Body Scans,menu_enrichment,1
Full Body Sports Massage,menu_enrichment,1
Full Body Waxing,menu_enrichment,1
Full Face Wax,menu_enrichment,1
Full Genomic Analysis,menu_enrichment,1
Full Set Acrylic,menu_enrichment,1
Full Spectrum Herbal Body Renewal Treatment - 20 MIN,menu_enrichment,1
Full Spectrum Recovery Massage,menu_enrichment,1
Full-Body Scans,menu_enrichment,1
"Full-Size Mat - 72"" x 28""",menu_enrichment,1
Fulvic | Humic Minerals - 1 Gallon,menu_enrichment,1
Functional & Integrative Testing,menu_enrichment,1
Functional Assessment Lab Testing - Advanced Panels,menu_enrichment,1
Functional Capacity Evaluation,menu_enrichment,1
Functional Capacity Evaluations - Services for Workers Comp,menu_enrichment,1
Functional Diabetes Therapy,menu_enrichment,1
Functional Movement Therapy,menu_enrichment,1
Functional Pelvic Floor Physical Therapy - Herman Wallace Level I,menu_enrichment,1
Functional Rehabilitation,menu_enrichment,1
Functional Training,menu_enrichment,1
Functional Wellness,menu_enrichment,1
Functional Wellness Transformation Program,menu_enrichment,1
Funktionelle Diagnostik,menu_enrichment,1
FUT Hair Transplant,menu_enrichment,1
GAINSWave,menu_enrichment,1
GAINSWave for Her - GAINSWave,menu_enrichment,1
GAINSWave for Him - GAINSWave,menu_enrichment,1
Gainswave Treatment for Erectile Dysfunction,menu_enrichment,1
Gait & Balance Training,menu_enrichment,1
Gait Analysis & Custom Orthotics,menu_enrichment,1
Gait Analysis Lab,menu_enrichment,1
Gait Training,menu_enrichment,1
Gallbladder Remover Surgery,bookimed_longevity,1
Gallbladder Remover Surgery,bookimed_longevity_turkey,1
Galleri Multi-Cancer Detection,world_longevity_clinics,1
Gamma Knife Radiosurgery - Gamma Knife Icon,menu_enrichment,1
Gamma Knife Radiosurgery by Experienced Specialist — Full Diagnostic Package,bookimed_longevity,1
Gasserian Ganglion Blockade and Radiofrequency Ablation,menu_enrichment,1
Gastric Balloon Treatment Tu2 1145,mymeditravel_regenerative_turkey,1
Gastric Band Surgery Bk 13181,mymeditravel_regenerative_thailand,1
"Gastric Bypass by Surgeon with 1,100+ Bariatric Surgeries — 5★ Hotel Included",bookimed_longevity,1
"Gastric Bypass by Surgeon with 1,100+ Bariatric Surgeries — 5★ Hotel Included",bookimed_longevity_turkey,1
Gastric Bypass Surgery,menu_enrichment,1
Gastric Bypass Surgery Tu2 1146,mymeditravel_regenerative_turkey,1
Gastric Sleeve Bk 13192,mymeditravel_regenerative_thailand,1
Gastric Sleeve Surgery,menu_enrichment,1
Gastric Sleeve Surgery at JCI-Accredited Hospital — All-Inclusive Package,bookimed_longevity,1
Gastric Sleeve Surgery at JCI-Accredited Hospital — All-Inclusive Package,bookimed_longevity_turkey,1
Gastric Sleeve Surgery by Assistant Professor — 5-Doctor Team & Transfer Included,bookimed_longevity,1
Gastric Sleeve Surgery by Assistant Professor — 5-Doctor Team & Transfer Included,bookimed_longevity_turkey,1
Gastric Sleeve Surgery by Surgeon with 900+ Bariatric Procedures — All-Inclusive Package,bookimed_longevity,1
Gastric Sleeve Surgery by Surgeon with 900+ Bariatric Procedures — All-Inclusive Package,bookimed_longevity_turkey,1
Gastric Sleeve Surgery with Reduced-Pain Technique — JCI-Accredited Hospital,bookimed_longevity,1
Gastric Sleeve To Bypass Revision,menu_enrichment,1
Gastric Sleeve Tu2 1261,mymeditravel_regenerative_turkey,1
Gastro-Intestinal & Gut Health,menu_enrichment,1
Gastroenterologist,biohacking_map,1
Gastroenterology Consultation,menu_enrichment,1
Gastroenterology Consultation So8 95,mymeditravel_chaum_medical_center,1
Gastroenterology Control Check-up with Colonoscopy & Polyp Removal in Turkey,bookimed_longevity,1
Gastroenterology Control Check-up with Colonoscopy & Polyp Removal in Turkey,bookimed_longevity_turkey,1
Gastroenterology Services,menu_enrichment,1
"Gastroscopy & Colonoscopy Package with Lab Work, Anesthesia, Consultation — 4★ Hotel",bookimed_longevity,1
"Gastroscopy & Colonoscopy Package with Lab Work, Anesthesia, Consultation — 4★ Hotel",bookimed_longevity_turkey,1
Gastroscopy Bk 13153,mymeditravel_regenerative_thailand,1
Gel Foundation (makeup) Primer,menu_enrichment,1
Gel or Viscosupplementation Treatments - Hyaluronic Acid,menu_enrichment,1
Gel Pedicure,menu_enrichment,1
GELSYN-3,menu_enrichment,1
Gemstone Facial,menu_enrichment,1
Gender & Sexuality Exploration Therapy,menu_enrichment,1
Gender-affirming Surgery,menu_enrichment,1
Gene Testing,world_longevity_clinics,1
General / Bariatric Surgery,menu_enrichment,1
General Care,menu_enrichment,1
General Dermatology Consultation,menu_enrichment,1
General Exam,menu_enrichment,1
General Health and Wellness Peptides,menu_enrichment,1
General Health Consultations,menu_enrichment,1
General medicine,menu_enrichment,1
General Medicine Consultation Bk 14284,mymeditravel_regenerative_thailand,1
General Occupational Therapy,menu_enrichment,1
"General Physicals, Sick office visits, Well visits, Immunizations and School, College and Employment physicals",menu_enrichment,1
General Strengthening Program,menu_enrichment,1
General Surgery,menu_enrichment,1
Genesys Gift Card,menu_enrichment,1
Genetic Analysis,world_longevity_clinics,1
Genetic Insight Program,menu_enrichment,1
Genetic Methylation Profile,menu_enrichment,1
Genetic Profiling,world_longevity_clinics,1
"Genetic Profiling (22,000 Genes)",world_longevity_clinics,1
Genetic Risk Profiling,world_longevity_clinics,1
Genetic Screening,menu_enrichment,1
Genetic Wellness,menu_enrichment,1
GenFlex Joint Support - 120c,menu_enrichment,1
Genicular Artery Embolization,menu_enrichment,1
Genicular Artery Embolization (GAE),menu_enrichment,1
Genicular Blocks,menu_enrichment,1
Genicular Nerve Block,menu_enrichment,1
Genioplasty,menu_enrichment,1
Genius Boost,menu_enrichment,1
Genius Microneedling RF Laser,menu_enrichment,1
Genomic Analysis,world_longevity_clinics,1
Genomic Medicine,biohacking_map,1
Genomic Profiling,world_longevity_clinics,1
Genomics,menu_enrichment,1
Genova Stool Testing,menu_enrichment,1
Gentle Swedish Massage,menu_enrichment,1
Gentle YAG Laser Facial,menu_enrichment,1
Gentlemen's Deep Cleanse Facial,menu_enrichment,1
GenVisc 850,menu_enrichment,1
Geriatric & Pediatric Therapy,menu_enrichment,1
Geriatric care,menu_enrichment,1
Geriatric Care,menu_enrichment,1
Geriatric Foot Care,menu_enrichment,1
Geriatric Medicine,menu_enrichment,1
Geriatric Physical Therapy,menu_enrichment,1
Geriatric Rehabilitation,menu_enrichment,1
Geriatric Wellness and Injury Prevention,menu_enrichment,1
Geriatrics and elder care,menu_enrichment,1
Get up & Go (Energy) IV,menu_enrichment,1
Get-Up-And-Go,menu_enrichment,1
Get-Up-And-Go IV Infusion - Fat Burner,menu_enrichment,1
GHK-Cu - Longevity & Anti-Aging,menu_enrichment,1
"GHK-Cu - Skin & Vitality, 30-Day Supply",menu_enrichment,1
GHRP Therapy,menu_enrichment,1
GI Health Panel Testing,menu_enrichment,1
GI Issue Relief,menu_enrichment,1
GI-MAP Gut Health Stool Testing,menu_enrichment,1
Gift Card - £100,menu_enrichment,1
Gift Card - £250,menu_enrichment,1
Gift Card - £500,menu_enrichment,1
Gift Card for Services & Classes - $100 denomination,menu_enrichment,1
Gift Card for Services & Classes - $150 denomination,menu_enrichment,1
Gift Card for Services & Classes - $50 denomination,menu_enrichment,1
Gift Certificates,menu_enrichment,1
Gift of Relaxation Package,menu_enrichment,1
Gift Voucher (e-voucher),menu_enrichment,1
"Gift Voucher - Five 60 Minute Sessions (Chamber L) - Chamber L, 5 sessions, 60 min",menu_enrichment,1
Gift Voucher - Five 60 Minute Sessions - Chamber L,menu_enrichment,1
Gift Voucher - One 60 Minute Duo Session,menu_enrichment,1
"Gift Voucher - One 60 Minute Duo Session - Duo, 1 session, 60 min",menu_enrichment,1
"Gift Voucher - One 60 Minute Session (Chamber L) - Chamber L, 1 session, 60 min",menu_enrichment,1
Gift Voucher - One 60 Minute Session - Chamber L,menu_enrichment,1
"Gift Voucher - One 90 Minute Session (Chamber L) - Chamber L, 1 session, 90 min",menu_enrichment,1
Gift Voucher - One 90 Minute Session - Chamber L,menu_enrichment,1
"Gift Voucher - Ten 60 Minute Sessions (Chamber L) - Chamber L, 10 sessions, 60 min",menu_enrichment,1
Gift Voucher - Ten 60 Minute Sessions - Chamber L,menu_enrichment,1
Ginger Scalp Treatment,menu_enrichment,1
Ginger Scalp Treatment (Couple),menu_enrichment,1
"GIP/GLP-1 - GIP/GLP-1, Per Month",menu_enrichment,1
Glass Skin Dermafacial,menu_enrichment,1
Glass Skin Facial,menu_enrichment,1
Glass Skin Package,menu_enrichment,1
Glaucoma Care,menu_enrichment,1
Glaucoma Surgery,menu_enrichment,1
Glial Tumor Excision with Neuronavigation & Neuromonitoring at JCI-Accredited Hospital,bookimed_longevity,1
Glial Tumor Excision with Neuronavigation & Neuromonitoring at JCI-Accredited Hospital,bookimed_longevity_turkey,1
Glo2 Facials,menu_enrichment,1
GloFacial,menu_enrichment,1
Gloga,menu_enrichment,1
Glow & Go Package,menu_enrichment,1
Glow & Peel Resurfacing Facial,menu_enrichment,1
"Glow 50 - Skin + Recovery, 30-Day Supply",menu_enrichment,1
"Glow 70 - Advanced Skin, 30-Day Supply",menu_enrichment,1
"Glow 80 - Premium Skin, 30-Day Supply",menu_enrichment,1
Glow Back Facial with Massage,menu_enrichment,1
Glow Club Annual Membership - RF Microneedling - RF Microneedling,menu_enrichment,1
Glow Club Annual Membership - Wrinkle Relaxers - Wrinkle Relaxers,menu_enrichment,1
GLOW Facial,menu_enrichment,1
Glow IV - Biotin + Glutathione,menu_enrichment,1
Glow IV Drip,menu_enrichment,1
Glow Signature Facial,menu_enrichment,1
Glow Stack,menu_enrichment,1
Glow Stack - Peptide Stack,menu_enrichment,1
Glowing Peel Facial for Uneven Skin Tone,menu_enrichment,1
GlowSandwich,menu_enrichment,1
"GLP-1 - GLP-1, Per Month",menu_enrichment,1
GLP-1 Assisted Weight Loss,menu_enrichment,1
GLP-1 Injectables,menu_enrichment,1
GLP-1 Medication,menu_enrichment,1
GLP-1 Monitored Weight Loss Program - GLP-1,menu_enrichment,1
GLP-1 Weight Loss - Medical weight-loss support,menu_enrichment,1
GLP-1 Weight Loss - Semaglutide & Tirzepatide,menu_enrichment,1
GLP-1 Weight Loss Program,menu_enrichment,1
Glucose Testing,menu_enrichment,1
Glut Glow IV Drip,menu_enrichment,1
Glutathione - Glutathione,menu_enrichment,1
Glutathione - Longevity & Anti-Aging,menu_enrichment,1
Glutathione Add-On,menu_enrichment,1
Glutathione Add-on,menu_enrichment,1
Glutathione add-on,menu_enrichment,1
Glutathione IM Injection,menu_enrichment,1
Glutathione IM Injection - Glutathione,menu_enrichment,1
"Glutathione IM Injection - Glutathione, each",menu_enrichment,1
Glutathione IM Injections,menu_enrichment,1
Glutathione Infusion Therapy,menu_enrichment,1
Glutathione IV Infusion - Glutathione,menu_enrichment,1
Glutathione IV Infusions,menu_enrichment,1
Glutathione IV Push,menu_enrichment,1
Glutathione IV Push - Glutathione,menu_enrichment,1
Glutathione Nebulizer,menu_enrichment,1
Glutathione Nebulizer - Glutathione,menu_enrichment,1
Glutathione Power Boost Infusion,menu_enrichment,1
Glutathione Shot,menu_enrichment,1
Glutathione Specialty Infusion,menu_enrichment,1
Glutathione Specialty Infusion - Glutathione,menu_enrichment,1
Glytone Peels,menu_enrichment,1
GMax Pro (brown spots) - GMax Pro,menu_enrichment,1
GMax Pro (laser hair removal) - GMax Pro,menu_enrichment,1
Gold Body Sculpt Package,menu_enrichment,1
Gold Mask Add-on,menu_enrichment,1
Gold Membership,menu_enrichment,1
Gold Membership - Performance membership,menu_enrichment,1
"Gold Membership - Unlimited Services, 2x Health Consultations per year, 2x Full Spectrum Blood Tests per year, 3 month sign up",menu_enrichment,1
Gold Package,menu_enrichment,1
Gold Roller CIT - Environ,menu_enrichment,1
Golden Glow Facial,menu_enrichment,1
Golf Fitness Program,menu_enrichment,1
Golf Performance,menu_enrichment,1
Golf Physical Therapy,menu_enrichment,1
Golf Rehab,menu_enrichment,1
Golf Swing Analysis,menu_enrichment,1
Golf Training,menu_enrichment,1
Gonadorelin - Testicular function support,menu_enrichment,1
"Gong Training - À La Carte Course, ~40 hours",menu_enrichment,1
"Good Green Vitality - Nuzest, 300g",menu_enrichment,1
Gottman Connect Love Map - Includes Relationship Builder Mapping,menu_enrichment,1
Gottman Love Connect - Psychoeducation Materials Only,menu_enrichment,1
Gout,menu_enrichment,1
Graft Placements,menu_enrichment,1
Graston Instrument-Assisted Soft Tissue Mobilization,menu_enrichment,1
Graston Technique & IASTM,menu_enrichment,1
Graston Technique - Graston Technique®,menu_enrichment,1
Graston Technique - Myofascial release therapy,menu_enrichment,1
Graston Therapy,menu_enrichment,1
Graston/IASTM,menu_enrichment,1
Gratitude Journal Prompts,menu_enrichment,1
Gratitude Journal Prompts - Guided Journal,menu_enrichment,1
Greater Occipital Blockade and Pulsed Radiofrequency Therapy,menu_enrichment,1
Green Peel Classic,menu_enrichment,1
Greenhouse Signature Massage,menu_enrichment,1
Grief & Life Transitions,menu_enrichment,1
Grief and Loss Therapy,menu_enrichment,1
Grip Strength Test (Add On),menu_enrichment,1
Grooming,menu_enrichment,1
Group Acupuncture - Acupuncture,menu_enrichment,1
"Group Booking - Party, Event or Fitness Challenge",menu_enrichment,1
Group Classes,menu_enrichment,1
Group Consultation - Professional Development & Practice Support,menu_enrichment,1
Group session,menu_enrichment,1
Group Therapy,menu_enrichment,1
Group Wellness Experience,menu_enrichment,1
Groups and Outreach,menu_enrichment,1
Gua Sha - Add-on treatment,menu_enrichment,1
Gua Sha Add On,menu_enrichment,1
Gua Sha Facial,menu_enrichment,1
Gua Sha Facial Massage Add-On,menu_enrichment,1
Gua Sha Massage,menu_enrichment,1
Gua Sha Massage - 30-Minute Option,menu_enrichment,1
Gua-Sha,menu_enrichment,1
GuaSha Therapy,menu_enrichment,1
Guest Add-On,menu_enrichment,1
Guided Ice Baths,menu_enrichment,1
Guided Imagery,menu_enrichment,1
Guided Meditation - Mind-Body Techniques,menu_enrichment,1
Gummy Smile,menu_enrichment,1
Gut Health Consultation with a Functional Medical Doctor,menu_enrichment,1
Gut Health Program,menu_enrichment,1
Gut Health Testing Kit,menu_enrichment,1
Gut Microbiome Analysis,world_longevity_clinics,1
Gut Testing,menu_enrichment,1
GYN,menu_enrichment,1
GYN Ultrasound,menu_enrichment,1
Gynecologic Laparoscopy So8 434,mymeditravel_chaum_medical_center,1
Gynecology Checkup Cr 43,mymeditravel_regenerative_thailand,1
Gynecology Checkup So8 1833,mymeditravel_chaum_medical_center,1
Gynecology Consultation,menu_enrichment,1
Gynecology Consultation So8 96,mymeditravel_chaum_medical_center,1
"Gynecology Office Visit - Non-Member, In-Office Concierge",menu_enrichment,1
Gynecology services,menu_enrichment,1
Gynecology – Pelvic Exams,menu_enrichment,1
Gynecomastia,menu_enrichment,1
Gynecomastia Surgery by EBOPRAS-Certified Surgeon — 5 Nights Hotel & VIP Transfer,bookimed_longevity,1
Gynecomastia Surgery by EBOPRAS-Certified Surgeon — 5 Nights Hotel & VIP Transfer,bookimed_longevity_turkey,1
"Gynecomastia Surgery for a Defined, Contoured Chest — 5★ Hotel & Transfers",bookimed_longevity,1
"Gynecomastia Surgery for a Defined, Contoured Chest — 5★ Hotel & Transfers",bookimed_longevity_turkey,1
"Gynecomastia Surgery for a Firm, Masculine Contour — Full Board & Hotel Included",bookimed_longevity,1
"Gynecomastia Surgery for a Firm, Masculine Contour — Full Board & Hotel Included",bookimed_longevity_turkey,1
Gynecomastia Surgery for a Flat & Masculine Chest — 5★ Hotel Included,bookimed_longevity,1
Gynecomastia Surgery for a Flat & Masculine Chest — 5★ Hotel Included,bookimed_longevity_turkey,1
H-FIT,menu_enrichment,1
H2 Molecular Hydrogen - The Fountain of Youth,menu_enrichment,1
Haelen 951,menu_enrichment,1
Hair & Nails,menu_enrichment,1
"Hair & Nails IV Drip - Glutathione, Biotin",menu_enrichment,1
Hair Analysis,menu_enrichment,1
Hair And Scalp Treatment So8 6066,mymeditravel_regenerative_southkorea,1
Hair Color (Full Color),menu_enrichment,1
Hair Color (Full),menu_enrichment,1
Hair Extensions,menu_enrichment,1
Hair Gloss / Glaze,menu_enrichment,1
Hair Growth Balm Black Castor,menu_enrichment,1
Hair Growth Treatment,menu_enrichment,1
Hair Loss,menu_enrichment,1
Hair Loss & Scalp Rejuvenation Program - Initial Visit and First Treatment Plus 4 Follow Up Treatments - Hair Loss & Scalp Rejuvenation Program,menu_enrichment,1
Hair Loss & Scalp Rejuvenation Returning Patients - 10 sessions - Hair Loss & Scalp Rejuvenation Program,menu_enrichment,1
Hair Loss & Scalp Rejuvenation Returning Patients - 3 sessions - Hair Loss & Scalp Rejuvenation Program,menu_enrichment,1
Hair Loss & Scalp Rejuvenation Returning Patients - 6 sessions - Hair Loss & Scalp Rejuvenation Program,menu_enrichment,1
Hair Loss Consultation,menu_enrichment,1
Hair Loss Consultation Pa 1609,mymeditravel_regenerative_thailand,1
Hair Loss Consultation Ph 409,mymeditravel_regenerative_thailand,1
Hair Loss Consultation Tu1 715,mymeditravel_regenerative_turkey,1
Hair Loss Treatment Pa 1571,mymeditravel_regenerative_thailand,1
Hair Regrowth Treatment - Fotona HairRestart,menu_enrichment,1
Hair Renewal Plus - HAIRGENX,menu_enrichment,1
Hair Renewal Program - The BioPlus - HAIRGENX,menu_enrichment,1
Hair Renewal Program - The Infusion - HAIRGENX,menu_enrichment,1
Hair Renewal Program - The Journey - HAIRGENX,menu_enrichment,1
Hair replacement service,biohacking_map,1
Hair restoration,menu_enrichment,1
Hair Restoration - Platelet-Rich Plasma,menu_enrichment,1
Hair Restoration 3-Session Package - 3 sessions,menu_enrichment,1
"Hair Restoration Single Session - 1 session, 60 minutes",menu_enrichment,1
Hair Retention Product Consultation,menu_enrichment,1
Hair Tissue Mineral Analysis,menu_enrichment,1
Hair Transplant,menu_enrichment,1
Hair Transplant - Neograft,menu_enrichment,1
Hair Transplant Bk 13426,mymeditravel_regenerative_thailand,1
Hair Transplant Bk 14648,mymeditravel_regenerative_thailand,1
Hair Transplant So8 6063,mymeditravel_regenerative_southkorea,1
Hair Transplant Tu1 714,mymeditravel_regenerative_turkey,1
Hair Transplant Tu2 1250,mymeditravel_regenerative_turkey,1
Hair Transplant with FUE/DHI — 7 Days at 5★ Beach Resort Included,bookimed_longevity,1
Hair Transplant with FUE/DHI — 7 Days at 5★ Beach Resort Included,bookimed_longevity_thailand,1
Hair Transplant with Unlimited Grafts by Dermatologist with 20+ Years of Experience,bookimed_longevity,1
Hair Transplant with Unlimited Grafts by Dermatologist with 20+ Years of Experience,bookimed_longevity_turkey,1
Hair Wash,menu_enrichment,1
"Hair, Nail, Skin and Joint Support - Hair, Nail, Skin and Joint Support, 60 Capsules",menu_enrichment,1
"Hair, Nails & Skin",menu_enrichment,1
"Hair, Nails & Skin (Mobile) - Mobile",menu_enrichment,1
Haircut,menu_enrichment,1
Haircut Child,menu_enrichment,1
Haircut Men,menu_enrichment,1
Haircut Women,menu_enrichment,1
HairFix: Laser (L),menu_enrichment,1
HairFix: Laser (L) (Original Price),menu_enrichment,1
Hairline Lowering Surgery So8 3546,mymeditravel_regenerative_southkorea,1
Hakomed Therapy,menu_enrichment,1
Half Arm,menu_enrichment,1
Half Arm Wax,menu_enrichment,1
"Halotherapy - 1 session, 10 minutes",menu_enrichment,1
"Halotherapy - 12 sessions, 10 minutes each",menu_enrichment,1
"Halotherapy - 6 sessions, 10 minutes each",menu_enrichment,1
Hammertoe Deformity,menu_enrichment,1
Hammertoe Treatment,menu_enrichment,1
Hammertoes Treatment,menu_enrichment,1
Hand & Occupational Therapy,menu_enrichment,1
Hand & Wrist Care,menu_enrichment,1
Hand and wrist surgery,menu_enrichment,1
Hand and wrist treatment,menu_enrichment,1
Hand Care/Foot Care - 20 Min Special,menu_enrichment,1
Hand Massage/Foot Reflexology - 20 Min Special,menu_enrichment,1
Hand Reconstruction Surgery Package in Spain,bookimed_longevity,1
Hand Rehab,menu_enrichment,1
Hands Waxing,menu_enrichment,1
Hands-On Orthopedic Manual Therapy,menu_enrichment,1
Handwriting Program,menu_enrichment,1
Hangover Boost IV Drip - Hangover Boost,menu_enrichment,1
Hangover Eliminator - 1 Liter,menu_enrichment,1
Hangover Eliminator - Half Liter,menu_enrichment,1
Hangover Hero IV Drip (Reboot),menu_enrichment,1
Hangover IV Treatment,menu_enrichment,1
Hangover Recovery,menu_enrichment,1
Hangover Rescue/Stomach Bug,menu_enrichment,1
Hangover Rescue/Stomach Bug (Mobile) - Mobile,menu_enrichment,1
Hangovers Myers' Cocktail,menu_enrichment,1
HangTox + ShowTox - 600 Units,menu_enrichment,1
"Hard Hyperbaric Chamber - Quest 30 - 2.0 ATA & 2.5 ATA, up to 22 PSI",menu_enrichment,1
"Hard Hyperbaric Chamber - Quest 36 - 2.0 ATA & 2.5 ATA, up to 22 PSI",menu_enrichment,1
"Hard Hyperbaric Chamber - Space 60 - 2.0 ATA, up to 14.7 PSI, sitting",menu_enrichment,1
Harm Reduction and Prevention Services,menu_enrichment,1
Hausarzt & Check-ups,menu_enrichment,1
Hay Fever Injection,menu_enrichment,1
HazMat Testing,menu_enrichment,1
HCBS Services,menu_enrichment,1
HCG,menu_enrichment,1
HCG - Fertility hormone support,menu_enrichment,1
"HCG - HCG 12,000 IU, 500 IU twice weekly",menu_enrichment,1
HCG and Phentermine Diet,menu_enrichment,1
HCG Therapy - HCG,menu_enrichment,1
HD catheter placement,menu_enrichment,1
"Head & Neck Essential Massage - Add-on treatment, 15 min",menu_enrichment,1
Head & Scalp Therapy - Restore Ritual,menu_enrichment,1
Head Spa - 50 MIN,menu_enrichment,1
Head Spa - 75 MIN,menu_enrichment,1
Head Treatment,menu_enrichment,1
Head Trip,menu_enrichment,1
Head-to-Toe Rebalance Treatment - 90 min,menu_enrichment,1
Headache & Migraine Relief,menu_enrichment,1
Headache / Migraine Center,menu_enrichment,1
Headaches & Migraines Treatment,menu_enrichment,1
Headaches and Migraines,menu_enrichment,1
Headaches or Migraine Relief,menu_enrichment,1
Headmaster Esthetician Treatment,menu_enrichment,1
Headmaster Esthetician Treatment - 60 Min,menu_enrichment,1
Headmaster Esthetician Treatment - 90 Min,menu_enrichment,1
Healing Sound Bath,menu_enrichment,1
Health & Immunity,menu_enrichment,1
Health & Wellness Evaluation,menu_enrichment,1
Health & Wellness Programs,menu_enrichment,1
Health Analytics Dashboard,world_longevity_clinics,1
Health and Wellness,menu_enrichment,1
"Health and Wellness Coach Visits - NBC-HWC coaching, 2 visits/month, valued at $98/month",menu_enrichment,1
Health Coaching,world_longevity_clinics,1
Health Guidance,menu_enrichment,1
Health Maintenance,menu_enrichment,1
Health maintenance for men,menu_enrichment,1
Health Monitoring,menu_enrichment,1
Health Optimization,menu_enrichment,1
"Health Optimizer Package - Up to 4 visits with MD, Up to 4 visits with Integrative Health Advisor",menu_enrichment,1
Health Screenings and Lab Work,menu_enrichment,1
Health Sovereignty Package,menu_enrichment,1
Healthcare Program Management Consultation Services - Professional Development & Practice Support,menu_enrichment,1
Healthy Aging Optimization Package - with bloodwork,menu_enrichment,1
Healthy Aging Optimization Package - without bloodwork,menu_enrichment,1
Healthy Diet Program,menu_enrichment,1
Healthy Living Assessment,menu_enrichment,1
Hearing Aid Consultation,menu_enrichment,1
Hearing Test,menu_enrichment,1
Heart and Lung Scan,menu_enrichment,1
Heart Arrhythmia Catheter Ablation So8 1792,mymeditravel_chaum_medical_center,1
Heart Calcium Score & Low-Dose Lung Scan,menu_enrichment,1
Heart Care Services,menu_enrichment,1
"Heart Check-up Package in Turkey — Hotel, Transfer & Translation Included",bookimed_longevity,1
"Heart Check-up Package in Turkey — Hotel, Transfer & Translation Included",bookimed_longevity_turkey,1
Heart Disease,menu_enrichment,1
Heart disease prevention,menu_enrichment,1
Heart Disease Treatment,menu_enrichment,1
Heart Expansion Ritual,menu_enrichment,1
Heart Healing,menu_enrichment,1
Heart Health Mini Panel,menu_enrichment,1
Heart Health Panel - DexaFit,menu_enrichment,1
Heart Scan,menu_enrichment,1
Heart Valve Replacement Bk 13188,mymeditravel_regenerative_thailand,1
Heart Valve Replacement by Cardiac Surgeon with 35+ Years' Experience & Patented Repair Techniques — Private Room Included,bookimed_longevity,1
Heart-Rate Variability Testing,menu_enrichment,1
Heat/Roller Table Therapy,menu_enrichment,1
Heavy Metal Detox IV Infusion,menu_enrichment,1
Heavy Metal Toxicity Testing,menu_enrichment,1
Heavy Metals Assessment & Detoxification,menu_enrichment,1
Heavy Metals Screen,menu_enrichment,1
Heel Spurs,menu_enrichment,1
Heel Spurs Treatment,menu_enrichment,1
Hematology and Oncology,menu_enrichment,1
Hematology/Oncology,menu_enrichment,1
Hemorrhoid Artery Embolization (HAE),menu_enrichment,1
Henna Brow Tint,menu_enrichment,1
Hepatitis Vaccine,menu_enrichment,1
Herb Pharm Tinctures,menu_enrichment,1
Herbal C Nourisher Moisturizer,menu_enrichment,1
Herbal Medicine Healing,menu_enrichment,1
Herbal medicine store,biohacking_map,1
Herbal Scalp Treatment,menu_enrichment,1
Herbal Scalp Treatment (Couple),menu_enrichment,1
"Herbal Skin Tonic Consultation - Customized formula, consult only, 30 min",menu_enrichment,1
Herbal Therapy,menu_enrichment,1
Herbs & Supplements,menu_enrichment,1
Hereditary cancer risk assessment,menu_enrichment,1
Hernia Repair Bk 13184,mymeditravel_regenerative_thailand,1
Herniated Disc & Sciatica Treatment,menu_enrichment,1
Herniated Disc Treatment,menu_enrichment,1
Herpes Testing,menu_enrichment,1
"HGH Replacement Therapy - Somatropin/Omnitrope Injections, 20 week program",menu_enrichment,1
HGH Therapy - HGH,menu_enrichment,1
HHO Blood Purification,world_longevity_clinics,1
Hi-EMT,menu_enrichment,1
Hi-EMT (High-Intensity Electromagnetic Therapy),menu_enrichment,1
HIFU LIFT AND LASER RESURFACING FACE AND NECK,bookimed_longevity,1
Hifu Treatment Bk 14590,mymeditravel_regenerative_thailand,1
Hifu Treatment Bk 14655,mymeditravel_regenerative_thailand,1
HIFU: High Intensity Focused Ultrasound Permanent Fat Removal,menu_enrichment,1
High Bikini,menu_enrichment,1
High Bikini Wax,menu_enrichment,1
High Blood Pressure,menu_enrichment,1
High Blood Pressure Control,menu_enrichment,1
High Blood Pressure Treatment,menu_enrichment,1
High C IV Drip,menu_enrichment,1
High Cholesterol Management,menu_enrichment,1
High Cholesterol Treatment,menu_enrichment,1
High dose flu shots for patients 65 and older,menu_enrichment,1
High Dose Myers,menu_enrichment,1
High Dose Rate (HDR) Brachytherapy,menu_enrichment,1
High Energy Inductive Therapy (HEIT),menu_enrichment,1
High Frequency (add-on),menu_enrichment,1
High Frequency Ultra Facial,menu_enrichment,1
"High Octane Salt Room Package of 10 Sessions - 10 sessions, non-transferable",menu_enrichment,1
"High Octane Salt Room Private Session - 20 minutes, 1-2 people, per person",menu_enrichment,1
HigherDOSE Infrared Shower Head Therapy - HigherDOSE,menu_enrichment,1
HigherDOSE PEMF Mat - HigherDOSE,menu_enrichment,1
HigherDOSE Red Light Mask - HigherDOSE,menu_enrichment,1
Highintensity Focused Ultrasound Hifu So8 3565,mymeditravel_regenerative_southkorea,1
Highlights,menu_enrichment,1
Highlights - Full & Partial,menu_enrichment,1
Highlights - Full Head,menu_enrichment,1
Highlights - Partial,menu_enrichment,1
Hip Arthroplasty Bk 13171,mymeditravel_regenerative_thailand,1
Hip Arthroplasty Tu5 801,mymeditravel_regenerative_turkey,1
Hip Bursa Injections,menu_enrichment,1
Hip Care,menu_enrichment,1
Hip dips,menu_enrichment,1
Hip Injections,menu_enrichment,1
Hip Mobility Training,menu_enrichment,1
Hip Rejuvenation,menu_enrichment,1
Hip Replacement with Johnson & Johnson Implant at JCI-Accredited Hospital,bookimed_longevity,1
Hip Replacement with Johnson & Johnson Implant at JCI-Accredited Hospital,bookimed_longevity_turkey,1
Hip surgery,menu_enrichment,1
Hip treatment,menu_enrichment,1
HIPEC Oncothermia Hyperthermia Therapy by German-Trained Oncologist,bookimed_longevity,1
Hippophae Hydration Balm,menu_enrichment,1
HIV Care and Treatment,menu_enrichment,1
HLA Micro-Needling - Hyaluronic Acid,menu_enrichment,1
"HLA Micro-Needling Package - Hyaluronic Acid, package of 3",menu_enrichment,1
Holistic & Naturopathy Weight Loss Consultation,menu_enrichment,1
Holistic Mental Well-being Program,menu_enrichment,1
Holistic Pain Management,menu_enrichment,1
Holistic Teen Facial,menu_enrichment,1
Holistic Thyroid Treatment,menu_enrichment,1
Hollywood Carbon Facial,menu_enrichment,1
Hollywood Facial,menu_enrichment,1
Hollywood Smile with Premium Ceramic Veneers — Apartments & Transfer,bookimed_longevity,1
Hollywood Spectra,menu_enrichment,1
Hollywood Spectra Brightening,menu_enrichment,1
"Holon Membership - 360° at-home health assessment, live calls with expert coaches, community",menu_enrichment,1
"Holotropic Breathwork - Super Soul Experience, 6 hours",menu_enrichment,1
Holter Monitor,menu_enrichment,1
Holter Monitor / Loop Recorder,menu_enrichment,1
Home Assessment,menu_enrichment,1
Home Care Coordinator Program,menu_enrichment,1
Home Care Forms,menu_enrichment,1
Home Health Aide,menu_enrichment,1
Home Health Aide / Pre-employment Physical Examination,menu_enrichment,1
Home Physiotherapy,menu_enrichment,1
Home PSG,menu_enrichment,1
Home Visit,menu_enrichment,1
Home visit with consultant,menu_enrichment,1
Home visits,menu_enrichment,1
Home Visits & House Calls,menu_enrichment,1
HomeCare,menu_enrichment,1
Homeopathic Injection Therapy,menu_enrichment,1
Honey Massage,menu_enrichment,1
Hormonal Health and Optimization,menu_enrichment,1
Hormone Balance Package,menu_enrichment,1
Hormone Balance Panel - DexaFit,menu_enrichment,1
Hormone Care Onboarding Month - Evoke Hormone Care,menu_enrichment,1
Hormone Care Ongoing Monthly Care - Evoke Hormone Care,menu_enrichment,1
Hormone Consultation,menu_enrichment,1
Hormone Imbalance,menu_enrichment,1
Hormone Imbalance Treatment,menu_enrichment,1
Hormone Panels & Diagnostics,menu_enrichment,1
Hormone Replacement,menu_enrichment,1
Hormone Tests So8 1857,mymeditravel_chaum_medical_center,1
Hormones & Peptides - Weight Loss,menu_enrichment,1
Hot Stone Foot Massage,menu_enrichment,1
Hot Stone Massage (Volcanic Flow) - Volcanic Flow,menu_enrichment,1
Hot Stone Massage Therapy,menu_enrichment,1
Hot Stone Therapy,menu_enrichment,1
"Hot Stone, Abhyanga, Cupping Holistic Body Therapy",menu_enrichment,1
Hot Yoga,menu_enrichment,1
Hot-Stone Massage,menu_enrichment,1
Hotel & House Calls,menu_enrichment,1
House Call,menu_enrichment,1
HPV Vaccination,menu_enrichment,1
HPV Vaccination Clinic,menu_enrichment,1
HSG,menu_enrichment,1
HTO (High Tibial Osteotomy),menu_enrichment,1
Human Cellular Therapy,menu_enrichment,1
Human Cellular Tissue Therapy,menu_enrichment,1
Human Chorionic Gonadotropin (HCG),menu_enrichment,1
Human Growth Hormone Hgh Treatment Ph 1527,mymeditravel_regenerative_thailand,1
Human Papillomavirus Hpv Test So8 1836,mymeditravel_chaum_medical_center,1
Human Papillomavirus Hpv Vaccine So8 1837,mymeditravel_chaum_medical_center,1
Humanistic Therapy,menu_enrichment,1
HumanTecar,menu_enrichment,1
Hyacyn Active Spray,menu_enrichment,1
Hyaluronic acid & Cortisone Combo - 1 area,menu_enrichment,1
Hyaluronic acid & Cortisone Combo - 2 areas,menu_enrichment,1
Hyaluronic Acid Injection,menu_enrichment,1
"Hyaluronic Acid Injection - Cingal, 1 Knee",menu_enrichment,1
"Hyaluronic Acid Injection - Cingal, Both Knees",menu_enrichment,1
"Hyaluronic Acid Injection - Durolane, 1 area",menu_enrichment,1
"Hyaluronic Acid Injection - Durolane, 2 areas",menu_enrichment,1
"Hyaluronic Acid Injection - Ostenil, 1 area",menu_enrichment,1
"Hyaluronic Acid Injection - Ostenil, 2 areas",menu_enrichment,1
Hybrid Fill,menu_enrichment,1
Hybrid FUE Sapphire & DHI Hair Transplant — Lifetime Warranty & 5★ Hotel,bookimed_longevity_korea,1
Hybrid Full Set,menu_enrichment,1
Hydra Derma Facial,menu_enrichment,1
Hydra Dew Pure Facial,menu_enrichment,1
Hydra Facial,menu_enrichment,1
Hydra Luxe Ritual (Deep Hydration Facial) - Hydra Luxe Ritual,menu_enrichment,1
Hydrabody Back Treatment - Clarifying,menu_enrichment,1
Hydrabody Back Treatment - Signature,menu_enrichment,1
Hydrabody Booty Treatment - Deluxe,menu_enrichment,1
Hydrabody Booty Treatment - Signature,menu_enrichment,1
Hydrabody Full Arms - Deluxe,menu_enrichment,1
Hydrabody Full Arms - Signature,menu_enrichment,1
Hydrabody Full Legs - Deluxe,menu_enrichment,1
Hydrabody Full Legs - Signature,menu_enrichment,1
Hydrabody Half Legs - Deluxe,menu_enrichment,1
Hydrabody Half Legs - Signature,menu_enrichment,1
Hydrabody Neck & Décolleté Treatment - Clarifying,menu_enrichment,1
Hydrabody Neck & Décolleté Treatment - Signature,menu_enrichment,1
HydraBoost IV Membership,menu_enrichment,1
HydraBoost Plus IV Membership,menu_enrichment,1
Hydradermabrasion,menu_enrichment,1
HYDRAFACIAL,bookimed_longevity,1
Hydrafacial - Hydrafacial,menu_enrichment,1
HydraFacial - Weekend (Fri-Sun),menu_enrichment,1
Hydrafacial Deluxe,menu_enrichment,1
HydraFacial Keravive,menu_enrichment,1
Hydrafacial MD,menu_enrichment,1
Hydrafacial MD Syndeo,menu_enrichment,1
Hydrafacial Treatment - Hydrafacial™,menu_enrichment,1
HydraFacials,menu_enrichment,1
Hydrafacial®,menu_enrichment,1
HydraGlow Luxe Facial,menu_enrichment,1
Hydrating Facial,menu_enrichment,1
Hydrating Oxygen Infusion Facial,menu_enrichment,1
Hydration IV - Contains fluids and electrolytes,menu_enrichment,1
Hydration IV - The H20 Hero,menu_enrichment,1
Hydration IV Drip,menu_enrichment,1
Hydration IV Treatment,menu_enrichment,1
Hydration Therapy,biohacking_map,1
Hydro Boost IV Drip - Hydro Boost,menu_enrichment,1
Hydro Massage,menu_enrichment,1
Hydro Oxygen Facial,menu_enrichment,1
Hydroboost,menu_enrichment,1
Hydroboost (Mobile) - Mobile,menu_enrichment,1
"Hydrocelectomy, Unilateral",bookimed_longevity,1
"Hydrocelectomy, Unilateral",bookimed_longevity_turkey,1
Hydrodermabrasion and Oxygen Infusion Facial,menu_enrichment,1
HydroDiamond Facial,menu_enrichment,1
Hydrodistension,menu_enrichment,1
Hydrofacial,menu_enrichment,1
Hydrogen Gas Therapy,menu_enrichment,1
Hydrogen O2 Drinking Bottle,menu_enrichment,1
Hydrogen O2 Drinking bottle,menu_enrichment,1
Hydrogen Therapy,menu_enrichment,1
Hydromassage,menu_enrichment,1
Hylauronic Knee Injections,menu_enrichment,1
Hymenoplasty So8 1838,mymeditravel_chaum_medical_center,1
Hymenotomy So8 1839,mymeditravel_chaum_medical_center,1
Hyperbaric Chamber,menu_enrichment,1
Hyperbaric Chamber - 1.35ATA,menu_enrichment,1
Hyperbaric Chamber - Oxify x RETO,menu_enrichment,1
Hyperbaric Chamber Hire,menu_enrichment,1
Hyperbaric Medicine Pa 1573,mymeditravel_regenerative_thailand,1
"Hyperbaric Package - Bronze, 20 sessions, 60 min vs 90 min",menu_enrichment,1
"Hyperbaric Package - Gold, 40 sessions, 60 min vs 90 min",menu_enrichment,1
"Hyperbaric Package - Platinum, 60 sessions, 60 min vs 90 min",menu_enrichment,1
"Hyperbaric Package - Silver, 30 sessions, 60 min vs 90 min",menu_enrichment,1
"Hyperbaric Package - Starter, 10 sessions, 60 min vs 90 min",menu_enrichment,1
Hyperhidrosis Treatment,menu_enrichment,1
Hyperpigmentation Facial,menu_enrichment,1
Hyperpigmentation Treatments,menu_enrichment,1
Hypno-Channeling,menu_enrichment,1
Hypnose,menu_enrichment,1
Hypnosis & Past Life Regression,menu_enrichment,1
Hypnosis Counseling,menu_enrichment,1
Hypogastric Plexus Block,menu_enrichment,1
Hypogastric Plexus Blockade for Chronic Pelvic Pain,menu_enrichment,1
Hypothyroidism Treatment,menu_enrichment,1
Hypoxic Training,menu_enrichment,1
Hysterectomy So8 1840,mymeditravel_chaum_medical_center,1
Hysteroscopy,menu_enrichment,1
Hysteroscopy So8 1841,mymeditravel_chaum_medical_center,1
I-693 Report of Medical Exam and Vaccination Record - USCIS Civil Surgeon Exam,menu_enrichment,1
IASIS Microcurrent Neurofeedback,menu_enrichment,1
IASTM & Soft Tissue,menu_enrichment,1
"IBS, SIBO & Bloating Care",menu_enrichment,1
"IBS, SIBO & Bloating Treatment",menu_enrichment,1
Ice Therapy,menu_enrichment,1
ICSI,menu_enrichment,1
Ideal Light LED Therapy: 1-2 Areas,menu_enrichment,1
Ideal Light LED Therapy: 3-4 Areas,menu_enrichment,1
Ideal Light LED Therapy: Face & Neck,menu_enrichment,1
Idiopathic Sudden Hearing Loss Treatment,menu_enrichment,1
IGF-1 Therapy,menu_enrichment,1
"IGF-LR3 - Oral & Subcutaneous, Per Month",menu_enrichment,1
IHHT - Plus,menu_enrichment,1
IHHT - Standard,menu_enrichment,1
IHHT Therapy,menu_enrichment,1
IHHT Therapy - Intermittent Hypoxia–Hyperoxia Therapy,menu_enrichment,1
iLASIK Eye Surgery with Femto Technology by Surgeon with 900+ Vision Correction Procedures,bookimed_longevity,1
iLASIK Eye Surgery with Femto Technology by Surgeon with 900+ Vision Correction Procedures,bookimed_longevity_turkey,1
"IM Boosters - Vitamin B12, CoQ10, L-Carnitine, B Complex, MIC + L-Carnitine",menu_enrichment,1
IM Injections,menu_enrichment,1
IM Ketamine Therapy - IM Ketamine,menu_enrichment,1
IM Shots,menu_enrichment,1
IM Vitamin Injection - B12,menu_enrichment,1
IM Vitamin Injection - Glutathione,menu_enrichment,1
IM Vitamin Injection - L-Carnitine,menu_enrichment,1
IM Vitamin Injection - Lipo-Mino-C,menu_enrichment,1
IM Vitamin Injection - Tri-Immune,menu_enrichment,1
IM Vitamin Injection - Vitamin D3,menu_enrichment,1
IM Vitamin Injections,menu_enrichment,1
Image-Guided Procedures,menu_enrichment,1
Imaging,menu_enrichment,1
Immediate Relief for Sciatica Pain,menu_enrichment,1
Immigration Clinic,menu_enrichment,1
Immigration Forms,menu_enrichment,1
Immigration I-693 Forms,menu_enrichment,1
Immigration Medical Exam,menu_enrichment,1
Immigration Medical Exam (Form I-693),menu_enrichment,1
Immigration Medical Exam (I-693) - USCIS Civil Surgeon,menu_enrichment,1
Immigration Medical Exams,menu_enrichment,1
Immigration Screening,menu_enrichment,1
Immune Boost IV,menu_enrichment,1
Immune Boost Patch - BioActivate Bio-frequency wellness patch,menu_enrichment,1
Immune Deficiency Management,menu_enrichment,1
Immune Elixir - 100 mL,menu_enrichment,1
Immune Function Testing & Autoimmune Screening,menu_enrichment,1
Immune IV Drip,menu_enrichment,1
Immune Prime,menu_enrichment,1
Immune Support,menu_enrichment,1
Immunity,menu_enrichment,1
Immunity Boost IV Treatment,menu_enrichment,1
Immunity Booster,menu_enrichment,1
Immunity Drip IV Infusion,menu_enrichment,1
Immunity IV Drip,menu_enrichment,1
"Immunity IV Drip (Deluxe) - Deluxe, 500ml",menu_enrichment,1
"Immunity IV Drip (Signature) - Signature, 500ml",menu_enrichment,1
Immunity IV Infusion,menu_enrichment,1
Immunity Stack - Peptide Stack,menu_enrichment,1
Immunity Support,menu_enrichment,1
Immunity Support (Mobile) - Mobile,menu_enrichment,1
Immunity Support Package,menu_enrichment,1
"Immunizations - Full range of newborn, children's, and adult vaccines",menu_enrichment,1
Immuno-Charge,menu_enrichment,1
Immunoglobulin Infusions,menu_enrichment,1
Immunologist,biohacking_map,1
Immunology Consultation Ph 843,mymeditravel_regenerative_thailand,1
Immunotherapy,world_longevity_clinics,1
Immunotherapy Bk 14438,mymeditravel_regenerative_thailand,1
Impact concussion testing - Impact™,menu_enrichment,1
Implantable Cardioverter Defibrillator Icd Implantation So8 1794,mymeditravel_chaum_medical_center,1
In Home Massage,menu_enrichment,1
In Office Physical Therapy,menu_enrichment,1
"In Person Shamanic Reiki Session - with asha, 2 hour",menu_enrichment,1
"In Person Shamanic Reiki Session - with asha, Hoboken/Clifton NJ, 2 hour",menu_enrichment,1
In Person-Personal Fitness Training,menu_enrichment,1
In Residence,menu_enrichment,1
In Vitro Fertilization Ivf Bk 13191,mymeditravel_regenerative_thailand,1
In-Clinic Free Consultation,menu_enrichment,1
In-Office or Mobile Sick Visit,menu_enrichment,1
In-Vitro Fertilization (IVF),menu_enrichment,1
Inbody,menu_enrichment,1
Inbody 770 Full Body Analysis - Inbody 770,menu_enrichment,1
InBody Biometric,menu_enrichment,1
InBody Scale Analysis,menu_enrichment,1
InBody Scans,menu_enrichment,1
Independent Living,menu_enrichment,1
Indiba Tecar Therapy,menu_enrichment,1
INDIBA Tecar Treatment,menu_enrichment,1
Individual Assessments,menu_enrichment,1
Individual Body Composition Scan - Evolt 360,menu_enrichment,1
"Individual Body Scan & Personal Consultation - Inbody single scan, 40 minute consultation",menu_enrichment,1
Individual Body Scan - Inbody single scan,menu_enrichment,1
Individual Counseling & Coaching,menu_enrichment,1
Individual home-based music therapy,menu_enrichment,1
Individual Signature Massage - 50 minutes,menu_enrichment,1
Individual Speech and Language Therapy Sessions - 30 minute Sessions,menu_enrichment,1
"Individual Speech and Language Therapy Sessions - 30 minute Sessions, Bundle of 10",menu_enrichment,1
Individual Speech and Language Therapy Sessions - 45 minute Sessions,menu_enrichment,1
"Individual Speech and Language Therapy Sessions - 45 minute Sessions, Bundle of 10",menu_enrichment,1
Individual Therapy & Counseling,menu_enrichment,1
Individual Therapy (Adults),menu_enrichment,1
Individual Therapy (Child/Teen),menu_enrichment,1
Individual Therapy and Counseling,menu_enrichment,1
Individual Therapy for Adults,menu_enrichment,1
Individual Therapy Session,menu_enrichment,1
Individual Therapy Session - 55-60 minutes,menu_enrichment,1
Individual Therapy Session - 60 minutes,menu_enrichment,1
Individualized Exercise Programs,menu_enrichment,1
Indulgence Package,menu_enrichment,1
Infant Feeding & Lactation,menu_enrichment,1
Infected Wounds Treatment,menu_enrichment,1
Infinity EES Infinity Transmission Video,menu_enrichment,1
Inflammation Panel - DexaFit,menu_enrichment,1
"Inflavonoid Intensive Care - Inflavonoid Intensive Care, 120 Tablets",menu_enrichment,1
Infrared Cocoon Fitness Pod,menu_enrichment,1
Infrared Lamp,menu_enrichment,1
Infrared Light Therapy - 40 Min - 40 min,menu_enrichment,1
Infrared Light Therapy - 60 Min - 60 min,menu_enrichment,1
Infrared Recovery Protocols,menu_enrichment,1
Infusion & Regeneration,menu_enrichment,1
Infusion Services,menu_enrichment,1
Infusion Therapy - In-Office & At Home,menu_enrichment,1
Infusion Therapy for OCD,menu_enrichment,1
Infusions,menu_enrichment,1
Ingrown Nail Treatment,menu_enrichment,1
Ingrown Toenails,menu_enrichment,1
Ingrown Toenails Treatment,menu_enrichment,1
Inhaled Glutathione,menu_enrichment,1
INhance Post-Injection Serum,menu_enrichment,1
Initial 60-minute intake,menu_enrichment,1
Initial assessment - 1-hour,menu_enrichment,1
Initial Consultation & Follow-up: Out-of-Pocket Rate (OOP),menu_enrichment,1
Initial Consultation & Weight-Loss Evaluation,menu_enrichment,1
Initial Consultation - 1 visit,menu_enrichment,1
Initial consultation with ultrasound scan - 45mins,menu_enrichment,1
Initial consultation without ultrasound scan - 45mins,menu_enrichment,1
Initial Evaluation - 60 min,menu_enrichment,1
Initial Evaluation and Consultation - Online Registration Offer,menu_enrichment,1
Initial Evaluation and Consultation - Regular Price,menu_enrichment,1
Initial Longevity Assessment,menu_enrichment,1
"Initial PT Evaluation - In Home, 60 minutes",menu_enrichment,1
"Initial PT Evaluation - In Office, 60 minutes",menu_enrichment,1
"Initial Session - In-Person, 75 minutes",menu_enrichment,1
"Initial Session - Virtual, 75 minutes",menu_enrichment,1
Initial Visit (Cash Pay),menu_enrichment,1
Initial Visit (No Insurance),menu_enrichment,1
"Initial Visit - 45 min, 45 minutes",menu_enrichment,1
Injectable Butt Contouring - 8 Vials,menu_enrichment,1
Injectables - Appetite Suppressant,menu_enrichment,1
Injectables - Energy Boost,menu_enrichment,1
"Injectables - Hair, Skin & Nails",menu_enrichment,1
Injectables - Memory Boost,menu_enrichment,1
Injectables - Skin Brightening,menu_enrichment,1
Injection,menu_enrichment,1
Injection Therapy,menu_enrichment,1
Injury Prevention Programs,menu_enrichment,1
Injury Recovery,menu_enrichment,1
Injury Recovery & Nervous System Reset - Foundational protocol,menu_enrichment,1
Injury Recovery Massage,menu_enrichment,1
Injury Recovery Plan,menu_enrichment,1
Inner Beauty Drip IV Infusion,menu_enrichment,1
Inner Beauty IV Drip,menu_enrichment,1
Inner Beauty IV Infusion,menu_enrichment,1
Inner Glow IV,menu_enrichment,1
Inner Glow Womb Oil,menu_enrichment,1
Inner Thigh (add-on to Bikini),menu_enrichment,1
Inner Thigh (add-on to Bikini) Wax,menu_enrichment,1
Inner Voice Scan,menu_enrichment,1
Inner Voice with Vitals,menu_enrichment,1
Inner Wisdom Womb Oil,menu_enrichment,1
Inotropic Therapy,menu_enrichment,1
Inpatient Treatment,menu_enrichment,1
"Insight - Comprehensive evaluation program, 1-3 month long program",menu_enrichment,1
INSight Scan - INSIGHT,menu_enrichment,1
Insoles,menu_enrichment,1
Insomnia Testing,menu_enrichment,1
Installment Payment Processing Fee,menu_enrichment,1
Instrument Assisted Soft-Tissue Mobilization,menu_enrichment,1
Insurance forms without consultation - 15 minutes,menu_enrichment,1
Integrated Data Review & Optimization Planning,menu_enrichment,1
Integrated Regenerative Program for Alzheimer’s Disease,bookimed_longevity,1
Integrated Regenerative Program for Alzheimer’s Disease,bookimed_longevity_thailand,1
Integrated Skincare Program,menu_enrichment,1
Integrative Dermatology,menu_enrichment,1
"Integrative Health Assessment - 1 assessment visit with MD, 1 visit with Integrative Health Advisor",menu_enrichment,1
Integrative Medicine,menu_enrichment,1
Integrative Medicine Consultation,menu_enrichment,1
Integrative Medicine Intensive: Advanced Brain Support - Advanced Brain Support,menu_enrichment,1
Integrative Medicine Intensive: Advanced Gut Restoration - Advanced Gut Restoration,menu_enrichment,1
Integrative Medicine Intensive: Advanced Immune Support - Advanced Immune Support,menu_enrichment,1
"Integrative Medicine Intensive: Foundational Health Shift - Foundational Health Shift, 90-day program",menu_enrichment,1
Integrative Medicine Intensive: Integrative Oncology Support - Integrative Oncology Support,menu_enrichment,1
Integrative Medicine Intensive: Longevity & Healthspan Support - Longevity & Healthspan Support,menu_enrichment,1
"Integrative Medicine Intensive: Peak Performance - Peak Performance, Athletes ages 10-21",menu_enrichment,1
"Integrative Medicine Intensive: Regenerative Joint & Tissue - Regenerative Joint & Tissue, 8-week program",menu_enrichment,1
Integrative Medicine Services,menu_enrichment,1
Integrative Oncology,menu_enrichment,1
Integrative Oncology Support,menu_enrichment,1
Integrative Pediatrics,menu_enrichment,1
Intense Cream Lipstick In Honour,menu_enrichment,1
Intense Pulsed Light,menu_enrichment,1
Intense Pulsed Light (IPL),menu_enrichment,1
Intense Pulsed Light (IPL) / Photorejuvenation,menu_enrichment,1
Intense Pulsed Light (IPL) Therapy,menu_enrichment,1
Intensive Glass Skin Facial,menu_enrichment,1
Intensive Outpatient Program,menu_enrichment,1
Intensive Outpatient Treatment (IOP),menu_enrichment,1
Intensives,menu_enrichment,1
Intercostal Nerve Block,menu_enrichment,1
Intercostal Nerve Blockade and Neurolysis,menu_enrichment,1
Interferential Current Therapy,menu_enrichment,1
Intermittent Fasting Consultation,menu_enrichment,1
Internal Medicine / Family Physician Consultation,menu_enrichment,1
Internal Medicine Doctor,menu_enrichment,1
International Virtual Second Opinion,menu_enrichment,1
International Virtual Second Opinion - International,menu_enrichment,1
Interventional procedures,menu_enrichment,1
Intimate Skin Bleaching,menu_enrichment,1
Intra Muscular Shots,menu_enrichment,1
Intra-articular Hyaluronic Acid injection,menu_enrichment,1
Intra-Articular Injections,menu_enrichment,1
Intra-articular Steroid injection,menu_enrichment,1
Intra-Osseous Injections,menu_enrichment,1
Intraceutical Oxygen Facial,menu_enrichment,1
Intradermal Test - Intradermal allergy test,menu_enrichment,1
Intradiscal Electrothermal Therapy (IDET),menu_enrichment,1
Intradiscal Electrothermal Therapy Annuloplasty (IDET),menu_enrichment,1
Intradiscal Electrothermal Therapy for Discogenic Pain,menu_enrichment,1
Intrathecal Pain Pump Implantation,menu_enrichment,1
Intrathecal Pain Pumps,menu_enrichment,1
Intrauterine Device Iud Placement So8 1843,mymeditravel_chaum_medical_center,1
Intrauterine Device Iud Removal So8 1844,mymeditravel_chaum_medical_center,1
Intrauterine device placement and removal,menu_enrichment,1
Intrauterine Insemination (IUI),menu_enrichment,1
Intravenous Drip Iv Drip Bk 13761,mymeditravel_regenerative_thailand,1
Intravenous Drip Iv Drip Bk 14585,mymeditravel_regenerative_thailand,1
Intravenous Drip Iv Drip Bk 14654,mymeditravel_regenerative_thailand,1
Intravenous Drip Iv Drip Bk 15121,mymeditravel_regenerative_thailand,1
Intravenous Drip Iv Drip Cm 1553,mymeditravel_regenerative_thailand,1
Intravenous Drip Iv Drip Sp 1393,mymeditravel_regenerative_thailand,1
Intravenous Regional Anesthesia For CRPS,menu_enrichment,1
Intravenous Therapy,menu_enrichment,1
Intravenous Therapy - Diabetes,menu_enrichment,1
IntraVu Needle Scope,menu_enrichment,1
Intro Offer - 80 credits,menu_enrichment,1
Intro to Personal Training,menu_enrichment,1
Introductory 10 Session Package - Multi-baric or PEMF,menu_enrichment,1
Introductory Cryo Facial,menu_enrichment,1
Introductory Cryo Slimming,menu_enrichment,1
Introductory Package (3 Pack),menu_enrichment,1
Introductory Protocol - 20 Sessions,menu_enrichment,1
Introductory Session at 1.5ATA - 1.5 ATA Hyperbaric Chamber,menu_enrichment,1
Introductory Special,menu_enrichment,1
Introductory Treatment,menu_enrichment,1
Invest in Bliss Classic Swedish Massage - Massages,menu_enrichment,1
Invisalign Clear Aligners by University Lecturer — 5★ Resort & VIP Transfer,bookimed_longevity,1
Ionic Detox,menu_enrichment,1
Ionic Detox Foot Bath,menu_enrichment,1
Ionic Foot Detoxification Therapy,menu_enrichment,1
Iovera,menu_enrichment,1
Ipamorelin,menu_enrichment,1
Ipamorelin - HGH Booster,menu_enrichment,1
IPL (Intense Pulsed Light) Therapy,menu_enrichment,1
IPL (Photo-Rejuvenation),menu_enrichment,1
IPL (Sun Damage/Dark Spots),menu_enrichment,1
Ipl Hair Removal Bk 13178,mymeditravel_regenerative_thailand,1
IPL Photo Rejuvenation,menu_enrichment,1
IPL photofacial,menu_enrichment,1
IPL Rejuvenation,menu_enrichment,1
IPL Treatment - Icon Aesthetic System by Cynosure Palomar,menu_enrichment,1
IPL Treatment - Palomar Icon,menu_enrichment,1
IPL/BBL Photofacial,menu_enrichment,1
IPL/Photofacial,menu_enrichment,1
Iridology,menu_enrichment,1
Iron Infusion,menu_enrichment,1
Iron Infusion IV Treatment,menu_enrichment,1
Iron IV,menu_enrichment,1
IRON SUPPLY,menu_enrichment,1
Irritable Bowel Syndrome Ibs Treatment So8 1819,mymeditravel_chaum_medical_center,1
iS Clinical Exfoliating Clear Skin Facial,menu_enrichment,1
iS Clinical Fire & Ice Facial,menu_enrichment,1
iS Clinical Flash Brightening Peel,menu_enrichment,1
iS Clinical Foaming Enzyme Facial,menu_enrichment,1
iS Clinical Harmony Facial,menu_enrichment,1
iS Clinical Honey Enzyme Facial,menu_enrichment,1
iS Clinical Prodigy Peel,menu_enrichment,1
ITB Syndrome,menu_enrichment,1
iTOVi Biometric Health Scan,menu_enrichment,1
IUD insertion,menu_enrichment,1
IUD Placement & Removal,menu_enrichment,1
IUD Placement and Removal,menu_enrichment,1
IUI Cycle,menu_enrichment,1
IV - Hydration Reset,menu_enrichment,1
IV Acetylcysteine,menu_enrichment,1
IV Artemisinin Treatment,menu_enrichment,1
IV Certificate Class - Infusion Nurses Society,menu_enrichment,1
IV Drip - Energise Boost - Energise Boost,menu_enrichment,1
IV Drip for Hair Growth,menu_enrichment,1
IV Drip Infusions,menu_enrichment,1
IV Drip Together - Group Treatment,menu_enrichment,1
IV fluids for illness,menu_enrichment,1
IV Hydration - Colds/Stomach Flu,menu_enrichment,1
IV Hydration - Energy,menu_enrichment,1
IV Hydration - Glow,menu_enrichment,1
IV Hydration - Hangover Relief,menu_enrichment,1
IV Hydration - Immunity,menu_enrichment,1
IV Hydration - Migraine Relief,menu_enrichment,1
IV Hydration - Perform,menu_enrichment,1
IV Hydration - Recovery,menu_enrichment,1
IV Infusion,menu_enrichment,1
IV Infusion - B-Lean Kit,menu_enrichment,1
IV Infusion - Cold/Flu/COVID,menu_enrichment,1
IV Infusion - Get-Up-And-Go Kit,menu_enrichment,1
IV Infusion - Glow,menu_enrichment,1
IV Infusion - Hangover,menu_enrichment,1
IV Infusion - Immunity Kit,menu_enrichment,1
IV Infusion - Inner Beauty Kit,menu_enrichment,1
IV Infusion - Quench Kit,menu_enrichment,1
IV Infusion - Reboot Kit,menu_enrichment,1
IV Infusion - Recovery & Performance Kit,menu_enrichment,1
IV Infusion - Skinny,menu_enrichment,1
IV Infusion - Stomach Bug,menu_enrichment,1
IV Infusion - Workaholic,menu_enrichment,1
IV Infusion Drips,menu_enrichment,1
IV Infusions,menu_enrichment,1
IV Ketamine Infusions,menu_enrichment,1
IV Nutrition - Beauty Within,menu_enrichment,1
IV Nutrition - Elite,menu_enrichment,1
IV Nutrition - Energy Boost,menu_enrichment,1
IV Nutrition - Immunity Plus+,menu_enrichment,1
IV Nutrition - Myers Cocktail,menu_enrichment,1
IV Ozone,menu_enrichment,1
IV Phosphatidylcholine,menu_enrichment,1
IV Quercetin,menu_enrichment,1
IV Stem Cell (WJ) and Exosome Infusion,menu_enrichment,1
IV/IM,menu_enrichment,1
Ivf Consultation So8 1858,mymeditravel_chaum_medical_center,1
IVF Cycle,menu_enrichment,1
IVF Cycle Optimization And Support,menu_enrichment,1
IVF with Egg Donation — Full Programme (Fresh Donor Eggs),bookimed_longevity,1
IVF with Egg Donation — Vitrified Donor Eggs,bookimed_longevity,1
IVF with ICSI at JCI-Accredited Fertility Center — 45-Day Program with PGT,bookimed_longevity,1
IVF with ICSI at JCI-Accredited Fertility Center — 45-Day Program with PGT,bookimed_longevity_turkey,1
IVs,menu_enrichment,1
Iyashi Dome - Far-infrared dome,menu_enrichment,1
Jamie Glow,menu_enrichment,1
Jamie's Dual Facial + Toning Laser,menu_enrichment,1
Japanese Scalp Treatment - 60-90 minutes,menu_enrichment,1
Jaw (TMJ) Disorders,menu_enrichment,1
Jaw Shaping So8 3545,mymeditravel_regenerative_southkorea,1
Jeaveau,menu_enrichment,1
Jelly Glow Mask,menu_enrichment,1
Jelly Mask (add-on),menu_enrichment,1
"Jet Chair - Jet Series, 40"" x 18""",menu_enrichment,1
"Jet Mat - Jet Series, 60"" x 24""",menu_enrichment,1
"Jet Mat - Jet Series, 72"" x 24""",menu_enrichment,1
Jet Peel,menu_enrichment,1
Jet Plasma,menu_enrichment,1
Jet Series PEMF Far Infrared Heating Mat - Jet Series,menu_enrichment,1
Jet Set - Protocol,menu_enrichment,1
Jetsetter IV,menu_enrichment,1
Jeuveau - Jeuveau,menu_enrichment,1
Joint & Shoulder Pain Treatment,menu_enrichment,1
Joint and Muscle Injections,menu_enrichment,1
Joint and Tendon Injections,menu_enrichment,1
Joint Aspiration,menu_enrichment,1
Joint Aspiration and Injection Therapy,menu_enrichment,1
Joint Matrix Vitamin,menu_enrichment,1
Joint Pain Relief,menu_enrichment,1
Joint Radiofrequency Injections,menu_enrichment,1
Joint replacement surgery,menu_enrichment,1
Joint Replacement Therapy,menu_enrichment,1
Joint Replacements Rehabilitation,menu_enrichment,1
Joint Steroid Injections,menu_enrichment,1
Joint Strengthening,menu_enrichment,1
"Joint Support - Joint Support, 120 Capsules",menu_enrichment,1
Joint Viscosupplementation,menu_enrichment,1
Joylux,menu_enrichment,1
Juliet Facial Skin Resurfacing,menu_enrichment,1
Juliet Laser for Vaginal Health,menu_enrichment,1
July 4th Special: 4 Sessions,menu_enrichment,1
Just for Men Facial,menu_enrichment,1
Juvederm Volbella/Vollure,menu_enrichment,1
Juvederm Voluma,menu_enrichment,1
Juvederm Volux,menu_enrichment,1
Juvéderm - Juvéderm,menu_enrichment,1
"Juvéderm/Belotero - Juvéderm, Belotero",menu_enrichment,1
Kanna Bites,menu_enrichment,1
KAP,menu_enrichment,1
Kate's Bespoke Age Management Treatment,menu_enrichment,1
Kate's Customized HydraFacial MD,menu_enrichment,1
Kbeauty Sandwich,menu_enrichment,1
Keralase Hair Restoration,menu_enrichment,1
Keratin Treatment,menu_enrichment,1
Ketamine-Assisted Psychotherapy,menu_enrichment,1
Ketamine-Assisted Therapy for OCD,menu_enrichment,1
Ketogenic diet,menu_enrichment,1
Kidney Stone Evaluation and Treatment,menu_enrichment,1
Kidney Transplant by ERA-EDTA Surgeon with 900+ Procedures — 15 Nights Stay at JCI-Accredited Hospital,bookimed_longevity,1
Kidney Transplant by ERA-EDTA Surgeon with 900+ Procedures — 15 Nights Stay at JCI-Accredited Hospital,bookimed_longevity_turkey,1
"Kidney Transplant by Surgeon with 5,000+ Successful Transplantation Cases — Private Room Included",bookimed_longevity,1
"Kidney Transplant by Surgeon with 5,000+ Successful Transplantation Cases — Private Room Included",bookimed_longevity_turkey,1
Kids 8+ Therapy,menu_enrichment,1
"Kids Check-Up Package — Blood Tests, Chest X-ray & Thyroid Ultrasound — Hotel & Transfer",bookimed_longevity,1
"Kids Check-Up Package — Blood Tests, Chest X-ray & Thyroid Ultrasound — Hotel & Transfer",bookimed_longevity_turkey,1
KINEO Intelligent Load and Reactive Neuromuscular Training,menu_enrichment,1
Kinesiology,menu_enrichment,1
Kinesiology Tape,menu_enrichment,1
Kinstretch Classes,menu_enrichment,1
Kinésiologie,menu_enrichment,1
KISSER Creamy Velvet Liquid Lipstick,menu_enrichment,1
Kisspeptin,menu_enrichment,1
"Kisspeptin - Reproductive Health, 4-Week Supply",menu_enrichment,1
Klardie Skin Booster,menu_enrichment,1
Knee Arthroplasty Tu3 58,mymeditravel_regenerative_turkey,1
Knee Arthroplasty Tu5 800,mymeditravel_regenerative_turkey,1
Knee Arthroscopy Tu5 803,mymeditravel_regenerative_turkey,1
Knee Arthroscopy/Procedures,menu_enrichment,1
Knee Care,menu_enrichment,1
Knee Cartilage Surgery Tu5 814,mymeditravel_regenerative_turkey,1
Knee Injuries Treatment,menu_enrichment,1
Knee Joint Replacement Surgery,bookimed_longevity,1
Knee Ligament Surgery Acl Tu3 63,mymeditravel_regenerative_turkey,1
Knee Ligament Surgery Acl Tu5 807,mymeditravel_regenerative_turkey,1
Knee Ligament Surgery Pcl Tu3 78,mymeditravel_regenerative_turkey,1
Knee on Trac,menu_enrichment,1
Knee Osteoarthritis,menu_enrichment,1
Knee Osteoarthritis Treatment,menu_enrichment,1
Knee Pain Physical Therapy,menu_enrichment,1
Knee Pain Rehab,menu_enrichment,1
Knee Pain Relief - 10-Step Knee Rejuvenation Program,menu_enrichment,1
Knee Rejuvenation,menu_enrichment,1
Knee Renewal Program - 9-step program,menu_enrichment,1
Knee Replacement Bk 13170,mymeditravel_regenerative_thailand,1
Knee Replacement with Zimmer Biomet Implant — Transfer Included,bookimed_longevity,1
Knee Replacement with Zimmer Biomet Implant — Transfer Included,bookimed_longevity_turkey,1
Knee surgery,menu_enrichment,1
Knee Treatment,menu_enrichment,1
Knee treatment,menu_enrichment,1
Knee Treatments,menu_enrichment,1
Korean Carboxy Facial Package,menu_enrichment,1
Korean CO2 Carboxy Facial,menu_enrichment,1
KPV,menu_enrichment,1
KT Tape,menu_enrichment,1
KT Taping,menu_enrichment,1
KTP Laser / Excel V Laser - Excel V,menu_enrichment,1
Kybella - Kybella®,menu_enrichment,1
Kybella Injections,menu_enrichment,1
Kybella Treatment - Kybella,menu_enrichment,1
Kybella – Double Chins,menu_enrichment,1
KYBELLA® - KYBELLA®,menu_enrichment,1
Kyphoplasty (Vertebroplasty),menu_enrichment,1
Kyphoplasty / Spinoplasty / Vertebroplasty,menu_enrichment,1
L-Arginine (Longevity & Circulation) - Nobel Molecule,menu_enrichment,1
L-Theanine,menu_enrichment,1
Lab & UTI Testing,menu_enrichment,1
Lab Preparation - Lab Test Requisition Fee,menu_enrichment,1
Lab Services - Quest Diagnostics,menu_enrichment,1
Lab Testing & Preventive Screenings,menu_enrichment,1
Labiaplasty Bk 14665,mymeditravel_regenerative_thailand,1
Labiaplasty by EBOPRAS-Certified Surgeon — 3 Hotel Nights & VIP Transfer,bookimed_longevity,1
Labiaplasty by EBOPRAS-Certified Surgeon — 3 Hotel Nights & VIP Transfer,bookimed_longevity_turkey,1
Labiaplasty by ESAG-Certified Surgeon — 5★ Hotel & 24-Hour Nurse Care,bookimed_longevity,1
Labiaplasty by ESAG-Certified Surgeon — 5★ Hotel & 24-Hour Nurse Care,bookimed_longevity_turkey,1
Laboratory services,menu_enrichment,1
Labral Repair,menu_enrichment,1
Labral Tear Repair,menu_enrichment,1
Labs,menu_enrichment,1
Lactation Care,menu_enrichment,1
Lamprobe,menu_enrichment,1
Lani Membership,menu_enrichment,1
Laparoscopic Cholecystectomy,bookimed_longevity,1
Laparoscopic Cholecystectomy,bookimed_longevity_turkey,1
"Laparoscopic Cyst / Tumor Removal, Unilateral",bookimed_longevity,1
"Laparoscopic Cyst / Tumor Removal, Unilateral",bookimed_longevity_turkey,1
"Laparoscopic Gastric Band by Surgeon with 12,000+ Laparoscopic Procedures — 10-Day Follow-Up Included",bookimed_longevity,1
"Laparoscopic Gastric Bypass by Surgeon with 12,000+ Procedures — Private Room Included",bookimed_longevity,1
Laparoscopic Hysterectomy at JCI-Accredited Hospital — 7 Days Recovery Stay,bookimed_longevity,1
Laparoscopic Hysterectomy at JCI-Accredited Hospital — 7 Days Recovery Stay,bookimed_longevity_turkey,1
Laparoscopic Hysterectomy by Member of European Gynecological Endoscopy Society,bookimed_longevity,1
Laparoscopic Hysterectomy by Member of European Gynecological Endoscopy Society,bookimed_longevity_turkey,1
Laparoscopic Jejunostomy / Ileostomy Creation or Closure,bookimed_longevity,1
Laparoscopic Jejunostomy / Ileostomy Creation or Closure,bookimed_longevity_turkey,1
Laparoscopic Multiple Myomectomy at JCI-Accredited Hospital — VIP Transfer,bookimed_longevity,1
Laparoscopic Multiple Myomectomy at JCI-Accredited Hospital — VIP Transfer,bookimed_longevity_turkey,1
Laparoscopic Myomectomy for Minimally Invasive Recovery — Transfer Included,bookimed_longevity,1
Laparoscopic Myomectomy for Minimally Invasive Recovery — Transfer Included,bookimed_longevity_turkey,1
Laparoscopic Surgery,menu_enrichment,1
Large Bone Osteotomy by Surgeon with 19+ Years' Experience — Transfer Included,bookimed_longevity,1
Large Bone Osteotomy by Surgeon with 19+ Years' Experience — Transfer Included,bookimed_longevity_turkey,1
Large Group Training,menu_enrichment,1
Lasemd,menu_enrichment,1
LaseMD Skin Renewal,menu_enrichment,1
LaseMD Ultra,menu_enrichment,1
"Laser + Peel Package - Acne, Pigmentation, Anti-Aging",menu_enrichment,1
Laser Assisted Liposuction,menu_enrichment,1
Laser Cap - 650nm,menu_enrichment,1
Laser Eye Surgery Lasik Bk 13149,mymeditravel_regenerative_thailand,1
Laser Facial,menu_enrichment,1
Laser Facial Treatment,menu_enrichment,1
Laser Genesis - Cutera Laser Genesis,menu_enrichment,1
Laser Genesis Acne Treatments,menu_enrichment,1
Laser Genesis Treatment - Laser Genesis™,menu_enrichment,1
Laser Hair Removal - 1 Year Unlimited,menu_enrichment,1
Laser Hair Removal - Candela GentleYAG,menu_enrichment,1
Laser Hair Removal - Cutera HR Laser,menu_enrichment,1
Laser Hair Removal - Extra Large Area - 1 session,menu_enrichment,1
Laser Hair Removal - Extra Large Area - 6 sessions,menu_enrichment,1
Laser Hair Removal - Full Body - 1 session,menu_enrichment,1
Laser Hair Removal - Full Body - 8 sessions,menu_enrichment,1
"Laser Hair Removal - Full Face (upper lip, jawline, chin, cheeks)",menu_enrichment,1
Laser Hair Removal - Large area (abdomen belly),menu_enrichment,1
Laser Hair Removal - Large area (brazilian),menu_enrichment,1
Laser Hair Removal - Large area (buttocks),menu_enrichment,1
Laser Hair Removal - Large area (full arms),menu_enrichment,1
Laser Hair Removal - Large area (full face),menu_enrichment,1
Laser Hair Removal - Large area (half legs),menu_enrichment,1
Laser Hair Removal - Large Area - 1 session,menu_enrichment,1
Laser Hair Removal - Large Area - 6 sessions,menu_enrichment,1
Laser Hair Removal - LightSheer Diode Laser,menu_enrichment,1
Laser Hair Removal - Lutronic Clarity II,menu_enrichment,1
Laser Hair Removal - Medium area,menu_enrichment,1
Laser Hair Removal - Medium Area - 1 session,menu_enrichment,1
Laser Hair Removal - Medium Area - 6 sessions,menu_enrichment,1
Laser Hair Removal - Small area,menu_enrichment,1
Laser Hair Removal - Small Area - 1 session,menu_enrichment,1
Laser Hair Removal - Small Area - 6 sessions,menu_enrichment,1
"Laser Hair Removal - X-large area (full back, full legs)",menu_enrichment,1
Laser Hair Removal - X-small area,menu_enrichment,1
Laser Hair Removal Bikini Line,menu_enrichment,1
Laser Hair Removal Bk 14591,mymeditravel_regenerative_thailand,1
Laser Hair Removal Brazilian,menu_enrichment,1
Laser Hair Removal Cm 1552,mymeditravel_regenerative_thailand,1
Laser Hair Removal For Men,menu_enrichment,1
Laser Hair Removal For Women,menu_enrichment,1
Laser Hair Removal Full Arm,menu_enrichment,1
Laser Hair Removal Full Body,menu_enrichment,1
Laser Hair Removal Full Face,menu_enrichment,1
"Laser Hair Removal Full Face, Underarms, Bikini line",menu_enrichment,1
Laser Hair Removal Full Leg,menu_enrichment,1
"Laser Hair Removal Full Leg, Brazilian package",menu_enrichment,1
"Laser Hair Removal Full leg, Brazilian, Full arm, Upper lip",menu_enrichment,1
"Laser Hair Removal Full leg, Full arm, Bikini Line",menu_enrichment,1
"Laser Hair Removal Full leg, Full arm, Underarms",menu_enrichment,1
Laser Hair Removal Half Arm,menu_enrichment,1
Laser Hair Removal Half Leg,menu_enrichment,1
"Laser Hair Removal Half leg, Half arm, Underarms",menu_enrichment,1
Laser Hair Removal Pa 1561,mymeditravel_regenerative_thailand,1
Laser Hair Removal Package - Full legs & Underarms & Brazilian,menu_enrichment,1
Laser Hair Removal Package Full Legs + Brazilian,menu_enrichment,1
Laser Hair Removal Package Underarms + Brazilian,menu_enrichment,1
Laser Hair Removal Underarms,menu_enrichment,1
Laser Lip Enhancement,menu_enrichment,1
Laser Lipo,menu_enrichment,1
Laser Liposuction,menu_enrichment,1
Laser Nail Fungus Removal,menu_enrichment,1
"Laser Skin Rejuvenation - IPL, Sciton BBL, MOXI",menu_enrichment,1
Laser Skin Rejuvenation Package,menu_enrichment,1
Laser Skin Resurfacing Pa 1565,mymeditravel_regenerative_thailand,1
Laser Skin Tightening,menu_enrichment,1
Laser Skin Tightening & Body Contouring,menu_enrichment,1
Laser Spider Vein Treatment - Fotona Laser,menu_enrichment,1
Laser Teeth Whitening,menu_enrichment,1
Laser Therapy - Cold Laser / Low-Level Light Therapy (LLLT),menu_enrichment,1
Laser therapy - Lumix Q Super Pulse Laser,menu_enrichment,1
Laser Therapy for Eye Diseases,menu_enrichment,1
Laser Therapy for Toenail Fungus,menu_enrichment,1
Laser Treatment For Gum Disease Cm 1549,mymeditravel_regenerative_thailand,1
Laser Treatments For Hair Removal & Skin Lesions,menu_enrichment,1
Laser Vein Removal,menu_enrichment,1
Laser Vein Treatments for Legs,menu_enrichment,1
LaserCap Laser Therapy,menu_enrichment,1
Lash Lift & Lash Tint,menu_enrichment,1
Lash Lift & Tint,menu_enrichment,1
Lash Lift + Brow Lamination Bundle With Color Enhancements,menu_enrichment,1
Lash Lift + Brow Lamination Bundle With Color Enhancements - 1hr 30min,menu_enrichment,1
Lash Lift + Color Enhancement,menu_enrichment,1
Lash Lift + Color Enhancement - 1hr,menu_enrichment,1
Lash Lift + Tint,menu_enrichment,1
Lash Lift - with tint or without,menu_enrichment,1
Lash Removal,menu_enrichment,1
Lash Strip,menu_enrichment,1
Lashes & Brows,menu_enrichment,1
Lashes Classic & cute,menu_enrichment,1
Lashes Hybrid,menu_enrichment,1
Lashes Mega Volume,menu_enrichment,1
Lashes Volume Up,menu_enrichment,1
Late Cancellation / Missed Appointment Fee,menu_enrichment,1
Late Cancellation / No-Show Fee,menu_enrichment,1
Late Cancellation Fee - Less than 24 hours notice,menu_enrichment,1
Late-Cancellation Fee,menu_enrichment,1
Lateral Epicondylitis (Tennis Elbow) Treatment,menu_enrichment,1
Latisse - LATISSE,menu_enrichment,1
Lavender Sea Salt Scrub,menu_enrichment,1
Lavender Sea Salt Scrub - 30 Minutes,menu_enrichment,1
"Leaky Gut Revive - Strawberry - AAMMD by Amy Myers, MD",menu_enrichment,1
Lean + Tight - Protocol,menu_enrichment,1
Lean Shot,menu_enrichment,1
LED Light Therapy (add-on),menu_enrichment,1
"LED Light Therapy - FDA Approved, 1 treatment, 30 minutes",menu_enrichment,1
"LED Light Therapy - FDA Approved, 10 treatments, 30 minutes each",menu_enrichment,1
"LED Light Therapy - FDA Approved, 5 treatments, 30 minutes each",menu_enrichment,1
LED Light Therapy Add On,menu_enrichment,1
LED Lipo,menu_enrichment,1
LED Teeth Whitening,menu_enrichment,1
LED Therapy - Celluma,menu_enrichment,1
LEEP - Loop Electrosurgical Excision Procedure,menu_enrichment,1
Leg Air Compression,menu_enrichment,1
Leg Hair Removal,menu_enrichment,1
Leg Spider Vein Removal - Full-Leg,menu_enrichment,1
Leg Spider Vein Removal - Half-Leg,menu_enrichment,1
Legendary Facial,menu_enrichment,1
Lego Therapy Sessions,menu_enrichment,1
Legs Waxing (Half/Full),menu_enrichment,1
Leptin Manager - 30 capsules,menu_enrichment,1
Lesion Removal,menu_enrichment,1
Letters to Third Parties,menu_enrichment,1
"Level 1 Reiki Training - 1:1, 6 hours total",menu_enrichment,1
"Level 1 Reiki Training - small group training, 6 hours total",menu_enrichment,1
LGBTQ Couples & Throuples Counseling,menu_enrichment,1
LGBTQ Substance Use / Addiction Therapy,menu_enrichment,1
LGBTQ Trauma & PTSD Therapy,menu_enrichment,1
LGBTQ+ Therapy,menu_enrichment,1
LGBTQIA Services,menu_enrichment,1
LGBTQIA+ Therapy & Services,menu_enrichment,1
Libido & Sexual Enhancement,menu_enrichment,1
Libido IV,menu_enrichment,1
Lidocaine Infusion,menu_enrichment,1
Life coach,biohacking_map,1
Life Coaching,menu_enrichment,1
Life Coaching | In-person,menu_enrichment,1
Life Coaching | Virtual,menu_enrichment,1
Life Vessel - FDA cleared Class II medical device,menu_enrichment,1
Lifestyle & Nutritional Advice,menu_enrichment,1
Lifestyle Coaching,biohacking_map,1
Lifestyle Genetic Test,menu_enrichment,1
LifeWave Frequency Therapy Patches - LifeWave,menu_enrichment,1
Lift Corners of THe Mouth/DAO,menu_enrichment,1
Lifting,menu_enrichment,1
Ligament Repair,menu_enrichment,1
Light Force Deep Tissue Cold Laser,menu_enrichment,1
"Light Membership - 12 sessions per month, 3 month sign up",menu_enrichment,1
Lighter Complexion,menu_enrichment,1
LightForce Laser Therapy,menu_enrichment,1
Limb Salvage,menu_enrichment,1
Limelight Laser (IPL) - Cutera Limelight Facial,menu_enrichment,1
Limitless All-in-one,menu_enrichment,1
Limitless All-in-one (Mobile) - Mobile,menu_enrichment,1
Limitless Mission Complete,menu_enrichment,1
Lion's Mane,menu_enrichment,1
Lion's Mane - 90 Capsules,menu_enrichment,1
Lionheart Health Optimization Membership,menu_enrichment,1
Lionheart Longevity Coach Master Certification - Harvard Medical School Lifestyle & Wellness Coaching - Harvard Medical School Executive Education,menu_enrichment,1
Lionheart Longevity Coach Master Certification - Lionheart Healthspan & Longevity Certification - Lionheart Health,menu_enrichment,1
Lionheart Trusted Clinician Network One-on-One Physician Sessions,menu_enrichment,1
Lip Augmentation,menu_enrichment,1
Lip Augmentation - Silicone implants,menu_enrichment,1
Lip Augmentation Pa 1580,mymeditravel_regenerative_thailand,1
Lip Augmentation So8 3564,mymeditravel_regenerative_southkorea,1
Lip Augmentation Tu1 712,mymeditravel_regenerative_turkey,1
Lip Contouring with Cannula,menu_enrichment,1
Lip Enhancement,menu_enrichment,1
Lip Enhancement - Full syringes,menu_enrichment,1
Lip Enhancement - full syringes,menu_enrichment,1
Lip Enhancement - JUVÉDERM,menu_enrichment,1
Lip Gloss In Pink Watermelon,menu_enrichment,1
Lip Injections,menu_enrichment,1
Lip Lift - Elelyft®,menu_enrichment,1
Lip Lift for Enhanced Upper Lip Definition — 6-Night Hotel Stay & Transfer Included,bookimed_longevity,1
Lip Or Chin Wax,menu_enrichment,1
Lip Perk,menu_enrichment,1
Lip Plump and Scrub,menu_enrichment,1
Lip Reduction,menu_enrichment,1
Lip Reduction Bk 14627,mymeditravel_regenerative_thailand,1
"Lip, Chin, Neck, or Sideburns",menu_enrichment,1
"Lip, Chin, Neck, or Sideburns Wax",menu_enrichment,1
Lipedema Evaluation,menu_enrichment,1
Lipedema Surgery with Vaser Technology,bookimed_longevity,1
Lipedema Surgery with Vaser Technology,bookimed_longevity_turkey,1
Lipgloss In Clear,menu_enrichment,1
"Lipid & Circulatory Support - Lipid & Circulatory Support, 120 Tablets",menu_enrichment,1
LipLase & NightLase,menu_enrichment,1
LIPO ANTIOXIDANT EX,menu_enrichment,1
Lipo B12 Shots,menu_enrichment,1
Lipo Cavitation w/ Wood Therapy,menu_enrichment,1
Lipo Dissolve,menu_enrichment,1
Lipo Laser,menu_enrichment,1
Lipo Lean Shots,menu_enrichment,1
Lipo MIC Injections,menu_enrichment,1
Lipo Mino B,menu_enrichment,1
Lipo-Mino IM Injection,menu_enrichment,1
Lipo-Mino IM Injection - Lipo-Mino,menu_enrichment,1
Lipoden Shot - Double Shot,menu_enrichment,1
Lipoden Shot - Ship to Home Vial,menu_enrichment,1
Lipoden Shot - Single Shot,menu_enrichment,1
Lipogems,menu_enrichment,1
Lipolytic Injections - Arms,menu_enrichment,1
Lipolytic Injections - Arms (Package of 3),menu_enrichment,1
Lipolytic Injections - Back,menu_enrichment,1
Lipolytic Injections - Back (Package of 3),menu_enrichment,1
Lipolytic Injections - Cheeks,menu_enrichment,1
Lipolytic Injections - Cheeks (Package of 3),menu_enrichment,1
Lipolytic Injections - Chin,menu_enrichment,1
Lipolytic Injections - Chin (Package of 3),menu_enrichment,1
Lipolytic Injections - Nose,menu_enrichment,1
Lipolytic Injections - Nose (Package of 3),menu_enrichment,1
Lipolytic Injections - Stomach,menu_enrichment,1
Lipolytic Injections - Stomach (Package of 3),menu_enrichment,1
Lipolytic Injections - Thighs,menu_enrichment,1
Lipolytic Injections - Thighs (Package of 3),menu_enrichment,1
Lipoplus Injection,menu_enrichment,1
Liposomal Curcumin,menu_enrichment,1
"Liposomal Curcumin & Resveratrol - Nordic Health, 180ml",menu_enrichment,1
"Liposomal Vitamin C - Altrient, 1000mg",menu_enrichment,1
"Liposomal Vitamin C - Nordic Health, 150ml",menu_enrichment,1
Liposomal Zinc Blend - Goldman Labs,menu_enrichment,1
Lipostat+ Add-on,menu_enrichment,1
Liposuction Bk 12487,mymeditravel_regenerative_thailand,1
Liposuction Bk 13196,mymeditravel_regenerative_thailand,1
Liposuction Bk 13205,mymeditravel_regenerative_thailand,1
Liposuction Bk 14637,mymeditravel_regenerative_thailand,1
Liposuction So8 3558,mymeditravel_regenerative_southkorea,1
Lipotrophic (Fat Burning) Injection,menu_enrichment,1
"Lipotropic Injection ""Skinny Shot""",menu_enrichment,1
Lipotropic Injections for Weight Loss,menu_enrichment,1
Lips Waxing,menu_enrichment,1
Liquid Biopsy,world_longevity_clinics,1
Liquid Biopsy Cancer Screen,menu_enrichment,1
Liquid Calcium Magnesium - Digestive,menu_enrichment,1
Liquid Castille Soap - Dr. Bronner's,menu_enrichment,1
Liquid Eyeliner In Black Waterproof,menu_enrichment,1
"Liquid grapefruit Extract - Biocare, 15ml",menu_enrichment,1
Liquid Rhinoplasty,menu_enrichment,1
Liquilift IV - The Health Warrior,menu_enrichment,1
Listening Therapy,menu_enrichment,1
Live Well Subscription,menu_enrichment,1
LiveO2 Hyperoxygenation Therapy,menu_enrichment,1
Liver Cancer Treatment Bk 12504,mymeditravel_regenerative_thailand,1
Liver Cleanse Complex,menu_enrichment,1
Liver Detox,menu_enrichment,1
Liver Pancreas y Gallblader Support - Digestive,menu_enrichment,1
Liver Scan (Fibroscan) - Fibroscan,menu_enrichment,1
Liver Transplant at JCI-Accredited Hospital — 7 Nights Half Board Included,bookimed_longevity,1
Liver Transplant at JCI-Accredited Hospital — 7 Nights Half Board Included,bookimed_longevity_turkey,1
"Liver Transplant from Living Donor by Surgeon with 1,000+ Transplants Performed",bookimed_longevity,1
"Liver Transplant from Living Donor by Surgeon with 1,000+ Transplants Performed",bookimed_longevity_turkey,1
LiverMultiScan,menu_enrichment,1
Living Donor Kidney Transplant at JCI-Accredited Hospital — VIP Transfer,bookimed_longevity,1
Living Donor Kidney Transplant at JCI-Accredited Hospital — VIP Transfer,bookimed_longevity_turkey,1
Living Donor Liver Transplant at JCI-Accredited Hospital — Individual Chamber,bookimed_longevity,1
Living Donor Liver Transplant at JCI-Accredited Hospital — Individual Chamber,bookimed_longevity_turkey,1
LL-37,menu_enrichment,1
Localized Cryo,menu_enrichment,1
Localized Injury Laser,menu_enrichment,1
Long COVID Program,menu_enrichment,1
Long COVID Treatment,menu_enrichment,1
Long Term Weight Loss Program,menu_enrichment,1
Longevity,istanbul_med_assist_stem_cell_longevity,1
Longevity,longevity_suite_istanbul_biohacking,1
Longevity,placidway_stem_cell_south_korea,1
Longevity & Metabolic Optimisation - Performance protocol,menu_enrichment,1
Longevity - Oxygen Chamber Protocol,menu_enrichment,1
Longevity 100 - Physician-led longevity program,menu_enrichment,1
Longevity Code - Protocol,menu_enrichment,1
Longevity Energetic Classes - Longevity Energetic,menu_enrichment,1
Longevity Executive Exam,menu_enrichment,1
Longevity Lab,menu_enrichment,1
Longevity Medicine,menu_enrichment,1
Longevity Program - Personalized longevity program,menu_enrichment,1
Longevity Screening,menu_enrichment,1
Longevity-Programm,menu_enrichment,1
Looping/Stuck Processing Cheat Sheet,menu_enrichment,1
Love Handle Liposuction with Tumescent Technique by Board-Certified Surgeon,bookimed_longevity,1
Love Handle Liposuction with Tumescent Technique by Board-Certified Surgeon,bookimed_longevity_korea,1
Love Myself Experience,menu_enrichment,1
Low Anterior Resection for Rectal Tumor,bookimed_longevity,1
Low Anterior Resection for Rectal Tumor,bookimed_longevity_turkey,1
Low Back Pain Treatment,menu_enrichment,1
Low Back Pain/Lumbago,menu_enrichment,1
Low Dose Immunotherapy - LDI,menu_enrichment,1
Low Dose Naltrexone (LDN),menu_enrichment,1
Low Dose Naltrexone (LDN) Therapy - LDN,menu_enrichment,1
Low Level Laser Therapy (LLLT),menu_enrichment,1
Low Testosterone Treatment,menu_enrichment,1
Low Testosterone Treatment - Menspro PRIME™,menu_enrichment,1
Low-Carb Diet and Diabetes,menu_enrichment,1
Low-Dose Lung CT Scan,menu_enrichment,1
Low-Intensity Residential Treatment (LIR),menu_enrichment,1
Lower Back,menu_enrichment,1
Lower Back Pain Treatment,menu_enrichment,1
Lower Back Wax,menu_enrichment,1
Lower blepharoplasty,menu_enrichment,1
Lower Blepharoplasty by Surgeon with 900+ Blepharoplasties Performed,bookimed_longevity,1
Lower Blepharoplasty by Surgeon with 900+ Blepharoplasties Performed,bookimed_longevity_korea,1
Loyalty Program - 12-Visit Bundle - Loyalty Program Bundle,menu_enrichment,1
Loyalty Program - 6-Visit Bundle - Loyalty Program Bundle,menu_enrichment,1
Loyalty Program - Complete 10 Visits Reward - Loyalty Program Reward,menu_enrichment,1
Loyalty Program - New Member Sign-Up Bonus - 5000 points,menu_enrichment,1
LSVT Big,menu_enrichment,1
LSVT Certified Therapist,menu_enrichment,1
LT Signature Cap,menu_enrichment,1
LT Signature Hoodie,menu_enrichment,1
LT Signature Tee,menu_enrichment,1
Lumbar Epidural Steroid Injections,menu_enrichment,1
Lumbar Epidural Steroid Injections (LESI),menu_enrichment,1
Lumbar Facet Injection,menu_enrichment,1
Lumbar Facet Joint Injections (Medial Branch Blocks),menu_enrichment,1
Lumbar Puncture,menu_enrichment,1
Lumbar Sympathetic Blocks,menu_enrichment,1
Lumbar Transforaminal Epidural Injection,menu_enrichment,1
Lumecca IPL Photofacial - Lumecca,menu_enrichment,1
Luminous Facial,menu_enrichment,1
Luminous Signature Deluxe Package,menu_enrichment,1
Lumipele Brightening Facial,menu_enrichment,1
Lupus Erythematosus Treatment So8 1861,mymeditravel_chaum_medical_center,1
Lupus Treatment,menu_enrichment,1
Lux Facial,menu_enrichment,1
Luxury & Clinical Systems,menu_enrichment,1
Luxury Facial,menu_enrichment,1
Lymphatic Assessment,menu_enrichment,1
Lymphatic Compression,menu_enrichment,1
Lymphatic drainage,menu_enrichment,1
Lymphatic Drainage & Cupping,menu_enrichment,1
Lymphatic Drainage - 30 min,menu_enrichment,1
Lymphatic Drainage - 60 min,menu_enrichment,1
Lymphatic Drainage Facial Express,menu_enrichment,1
Lymphatic Drainage Facial Massage,menu_enrichment,1
Lymphatic Drainage Massage Ph 844,mymeditravel_regenerative_thailand,1
Lymphatic Drainage Suit Compression Therapy,menu_enrichment,1
Lymphatic Drainage Therapy,menu_enrichment,1
Lymphatic Drainage Vodder Technique,menu_enrichment,1
Lymphatic Facial,menu_enrichment,1
Lymphatic Facial Massage,menu_enrichment,1
Lymphatic Facial Massage Add-On,menu_enrichment,1
Lymphatic Massage - 60 Min (Full Body) - 60 min,menu_enrichment,1
Lymphatic Massage - 90 Min (Full Body + Face) - 90 min,menu_enrichment,1
Lymphatic Release,menu_enrichment,1
Lymphatic Therapy,menu_enrichment,1
Lymphedema Care,menu_enrichment,1
Lymphedema Massage,menu_enrichment,1
Machine Hire,menu_enrichment,1
Magnesium,menu_enrichment,1
Magnesium Add-On,menu_enrichment,1
MAH- High Dose Ozone,menu_enrichment,1
"Make His Day - One Hour Swedish Massage, European Spa Facial and Loofah Body Scrub",menu_enrichment,1
Makeup Bronzer In Ballerina,menu_enrichment,1
Makeup Brushes 7 Piece Set,menu_enrichment,1
Male Breast Augmentation Bk 14412,mymeditravel_regenerative_thailand,1
Male Breast Augmentation Bk 14660,mymeditravel_regenerative_thailand,1
Male Breast Augmentation Tu2 1268,mymeditravel_regenerative_turkey,1
Male Breast Reduction So8 3539,mymeditravel_regenerative_southkorea,1
"Male Check-Up 36-45 — Blood Tests, Tumor Markers, ECG & Consultation — Transfer",bookimed_longevity,1
"Male Check-Up 36-45 — Blood Tests, Tumor Markers, ECG & Consultation — Transfer",bookimed_longevity_thailand,1
"Male Enhancement (Penile Girth & Length) - 12 ML (1.0"" - 1.5"")",menu_enrichment,1
"Male Enhancement (Penile Girth & Length) - 18 ML (1.5"" - 2.0"")",menu_enrichment,1
"Male Enhancement (Penile Girth & Length) - 24 ML (2.0"" - 2.5"")",menu_enrichment,1
"Male Enhancement (Penile Girth & Length) - 6 ML (0.5"" - 1.0"")",menu_enrichment,1
"Male Enhancement (Penile Girth & Length) - Additional volume, MORE",menu_enrichment,1
"Male Health Check-up in Turkey — Hotel, Transfer & Translation Included",bookimed_longevity,1
"Male Health Check-up in Turkey — Hotel, Transfer & Translation Included",bookimed_longevity_turkey,1
Male Health Check-up Over 40 with PSA Test & Tumor Markers — All Inclusive,bookimed_longevity,1
Male Health Check-up Over 40 with PSA Test & Tumor Markers — All Inclusive,bookimed_longevity_turkey,1
"Male Health Check-up Under 40 — Hotel, Transfer & Translation Included",bookimed_longevity,1
"Male Health Check-up Under 40 — Hotel, Transfer & Translation Included",bookimed_longevity_turkey,1
Male Health Check-up with Thyroid Function Tests — Apartment Included,bookimed_longevity,1
Male Health Check-up with Thyroid Function Tests — Apartment Included,bookimed_longevity_turkey,1
Male Health Checkup Bk 13152,mymeditravel_regenerative_thailand,1
Male Health Checkup Cr 48,mymeditravel_regenerative_thailand,1
Male Health Checkup Ph 1372,mymeditravel_regenerative_thailand,1
Male Health Checkup Ph 1549,mymeditravel_regenerative_thailand,1
Male Health Checkup Ph 832,mymeditravel_regenerative_thailand,1
Male Health Checkup Tu2 1260,mymeditravel_regenerative_turkey,1
Male Hormone,menu_enrichment,1
Male Optimization Panel,menu_enrichment,1
Malu Membership,menu_enrichment,1
Mammogram,menu_enrichment,1
Mammography,menu_enrichment,1
Mammography Bk 13173,mymeditravel_regenerative_thailand,1
Mammography Program - Dominion Resources Foundation funding,menu_enrichment,1
Mammography So8 1809,mymeditravel_chaum_medical_center,1
Mangosteen Lactic Peel,menu_enrichment,1
Manic Mondays,menu_enrichment,1
Manicure,menu_enrichment,1
Manipulation Under Anesthesia,menu_enrichment,1
Manual / Hands-On Therapy,menu_enrichment,1
Manual Therapy Package - 10 sessions,menu_enrichment,1
Manual Therapy Package - 3 sessions,menu_enrichment,1
Manual Therapy Package - 5 sessions,menu_enrichment,1
Manual Therapy Single Session - 1 session,menu_enrichment,1
Manual Therapy Techniques,menu_enrichment,1
Manual Vacuum Aspiration (MVA),menu_enrichment,1
MarcPro Electrical Muscle Stimulation,menu_enrichment,1
Marital/Relationship Psychotherapy,menu_enrichment,1
"Marriage, Couples, or Relationship Counseling",menu_enrichment,1
Marx Protocol for Head and Neck,menu_enrichment,1
Massage & Acupuncture Combination,menu_enrichment,1
"Massage & CST Combo - In-Person, 90 minutes",menu_enrichment,1
Massage - 1 hour,menu_enrichment,1
Massage - 2 hours,menu_enrichment,1
Massage - 90 minutes,menu_enrichment,1
Massage Add-ons,menu_enrichment,1
Massage and Lymph Drainage Therapies,menu_enrichment,1
Massage ayurvédique,menu_enrichment,1
Massage for Labor Prep,menu_enrichment,1
Massage métamorphique,menu_enrichment,1
"Massage Package - 2 x 60 Min Sessions, 2 sessions",menu_enrichment,1
"Massage Package - 2 x 75 Min Sessions, 2 sessions",menu_enrichment,1
"Massage Package - 2 x 90 Min Sessions, 2 sessions",menu_enrichment,1
"Massage Package - 3 x 60 Min Sessions, 3 sessions",menu_enrichment,1
"Massage Package - 3 x 75 Min Sessions, 3 sessions",menu_enrichment,1
"Massage Package - 3 x 90 Min Sessions, 3 sessions",menu_enrichment,1
Massage post-partum,menu_enrichment,1
Massage prénatal - 60 minutes,menu_enrichment,1
Massage prénatal - 90 minutes,menu_enrichment,1
Massage Therapy - 120 Minutes,menu_enrichment,1
Massage Therapy - 60 Minutes,menu_enrichment,1
Massage Therapy - 75 Minutes,menu_enrichment,1
Massage Therapy - 90 Minutes,menu_enrichment,1
Massage thérapeutique,menu_enrichment,1
Massagem Shiatsu,menu_enrichment,1
Massages,menu_enrichment,1
Masseter,menu_enrichment,1
Masseter Reduction,menu_enrichment,1
Mastectomy Bk 14584,mymeditravel_regenerative_thailand,1
Mat Pilates,menu_enrichment,1
Maternal Wellness IV Infusion,menu_enrichment,1
Maternity Massage - 60 min,menu_enrichment,1
"Matrix Repatterning Therapy - First Visit - Dr. Andy Stella, DC, CMRP",menu_enrichment,1
"Matrix Repatterning Therapy - Subsequent Visit - Dr. Andy Stella, DC, CMRP",menu_enrichment,1
Mattr Day Pass,menu_enrichment,1
MAVIT (ULP-01) Prostate Physiotherapy Device - MAVIT (ULP-01),menu_enrichment,1
Max Immunity - 1 Liter,menu_enrichment,1
Max Immunity - Half Liter,menu_enrichment,1
Max Lung Defense - Lungs,menu_enrichment,1
MaxWell Care Program - 3 or 12-month comprehensive care program,menu_enrichment,1
Mayan Abdominal Therapy,menu_enrichment,1
Mayr Therapy,world_longevity_clinics,1
McConnell Patellofemoral Taping,menu_enrichment,1
McConnell Taping,menu_enrichment,1
McKenzie Spinal Exercises,menu_enrichment,1
McKenzie Technique,menu_enrichment,1
MCL Reconstruction,menu_enrichment,1
MCL/LCL Sprains,menu_enrichment,1
MDF Fractional Resurfacing Laser,menu_enrichment,1
Meal and Exercise Planning,menu_enrichment,1
MedCaps T3 Guggul Extract - 120 capsules,menu_enrichment,1
Medial Branch Block (MBB),menu_enrichment,1
Medial Branch Blocks,menu_enrichment,1
Mediation,menu_enrichment,1
Mediation service,biohacking_map,1
Medicaid Enrollment,menu_enrichment,1
"Medical Abortion - Non-Member, Medications/labs/imaging additional",menu_enrichment,1
"Medical Abortion - Non-Member, per televisit",menu_enrichment,1
"Medical Abortion - Non-Member, Televisit",menu_enrichment,1
"Medical Abortion Televisit - Non-Member, per televisit, medications/labs/imaging additional",menu_enrichment,1
Medical Acne Facial,menu_enrichment,1
Medical Acupuncture,menu_enrichment,1
Medical Assessment,world_longevity_clinics,1
Medical Biomagnetism,menu_enrichment,1
Medical Clearance,menu_enrichment,1
"Medical Clearance: DOT, Immigration, FAA, Sports & Pre-Op",menu_enrichment,1
Medical Detox / Stabilization,menu_enrichment,1
Medical Ear Piercing,menu_enrichment,1
Medical Examination Bk 12295,mymeditravel_regenerative_thailand,1
Medical Examination Pa 1605,mymeditravel_regenerative_thailand,1
Medical Examination Ph 1374,mymeditravel_regenerative_thailand,1
Medical Facial,menu_enrichment,1
Medical Fitness Testing,menu_enrichment,1
Medical Grade Body Composition,menu_enrichment,1
Medical Grade Facials,menu_enrichment,1
Medical Grade Hydrafacial,menu_enrichment,1
Medical Grade Weight Loss,menu_enrichment,1
Medical Imaging,menu_enrichment,1
Medical laboratory,biohacking_map,1
Medical Laboratory,menu_enrichment,1
Medical Marijuana,menu_enrichment,1
Medical Marijuana Grower's Card,menu_enrichment,1
Medical Massage Therapy,menu_enrichment,1
Medical Massage Therapy - Medical Massage,menu_enrichment,1
Medical Microdermabrasion - Diamond Tome,menu_enrichment,1
Medical Oncology,menu_enrichment,1
Medical Pain Management,menu_enrichment,1
Medical Pain Relief,menu_enrichment,1
Medical Pedicure,menu_enrichment,1
Medical Pedicures,menu_enrichment,1
Medical Post-Op Recovery Package,menu_enrichment,1
Medical Review Officer Services,menu_enrichment,1
Medical Services,menu_enrichment,1
Medical Skin Products - ZO Skin Health,menu_enrichment,1
Medical Skincare Consultation,menu_enrichment,1
Medical Social Worker,menu_enrichment,1
Medical Spa - FOTONA laser,menu_enrichment,1
Medical Surveillance,menu_enrichment,1
Medical Treatment for Hair Loss - Capillus Keratin Hair Fibers,menu_enrichment,1
Medical Treatment for Hair Loss - Formula 82F,menu_enrichment,1
Medical Treatment for Hair Loss - LaserCap,menu_enrichment,1
Medical Treatment for Hair Loss - Propecia (Finasteride),menu_enrichment,1
Medical Treatment for Hair Loss - Rogaine,menu_enrichment,1
Medical Treatment for Hair Loss - Tricomin,menu_enrichment,1
Medical Weight Loss - Semaglutide,menu_enrichment,1
Medical Weight Loss - Semaglutide (Ozempic),menu_enrichment,1
"Medical Weight Loss - Tirzepatide, Semaglutide",menu_enrichment,1
Medical Weight Loss / Diabetes Management,menu_enrichment,1
Medical Weight Loss / GLP-1,menu_enrichment,1
"Medical Weight Loss Injections - Semaglutide (Wegovy, Ozempic), Tirzepatide (Mounjaro, Zepbound), Weekly injections",menu_enrichment,1
Medical Weight Loss Procedure,menu_enrichment,1
Medical Weight Loss Programs,menu_enrichment,1
Medically Supervised Weight Loss,menu_enrichment,1
Medically Supervised Weightloss,menu_enrichment,1
Medicare Wellness / Nutritional Counseling,menu_enrichment,1
Medicated Nail Polish for Toenail Fungus,menu_enrichment,1
Medication Management & DNA Testing,menu_enrichment,1
"Medication Management, Refills & Consultations",menu_enrichment,1
Medication refills,menu_enrichment,1
Medication-Assisted Treatment,menu_enrichment,1
Medicinal Therapy Consultation and Facilitation,menu_enrichment,1
Medicine exporter,biohacking_map,1
Mediscan,menu_enrichment,1
Meditation & Breathwork,menu_enrichment,1
Meditation and Sound Bath,menu_enrichment,1
Meditation Class,menu_enrichment,1
Mediumship Private Session,menu_enrichment,1
MedSpa,menu_enrichment,1
MedSpa Services,menu_enrichment,1
Mega Myers,menu_enrichment,1
Melasma - Aerolase,menu_enrichment,1
Melasma Treatment Pa 1564,mymeditravel_regenerative_thailand,1
Melasma Treatment Sp 361,mymeditravel_regenerative_thailand,1
Members Only Massage - 75 Minutes,menu_enrichment,1
Members Only Massage - 90 Minutes,menu_enrichment,1
Membership,menu_enrichment,1
Membership - Any 3 treatments per month - 3 treatments per month,menu_enrichment,1
Membership - Core,menu_enrichment,1
Membership - Longevity+,menu_enrichment,1
Membership - Member 10,menu_enrichment,1
Membership - Member 20,menu_enrichment,1
Membership - Member 40,menu_enrichment,1
Membership - Member 60,menu_enrichment,1
Membership - Optimized,menu_enrichment,1
Membership Discount - One Medical,menu_enrichment,1
Membership Program - Bronze - Bronze,menu_enrichment,1
Membership Program - Gold - Gold,menu_enrichment,1
Membership Program - Silver - Silver,menu_enrichment,1
Membership Registration Fee - One-time non-refundable,menu_enrichment,1
Membership Savings Account,menu_enrichment,1
Memory & Cognitive Health Program,menu_enrichment,1
Memory Care,menu_enrichment,1
Memory Coaching,menu_enrichment,1
Memory Loss,menu_enrichment,1
Memory Training,menu_enrichment,1
Men Arms Waxing (Half/Full),menu_enrichment,1
Men Chest Waxing,menu_enrichment,1
MEN FUE hair transplant (1 zone) UNLIMITED GRAFTS,bookimed_longevity,1
MEN FUE hair transplant (1 zone) UNLIMITED GRAFTS,bookimed_longevity_thailand,1
MEN FUE hair transplant (1 zone) UNLIMITED GRAFTS (case review),bookimed_longevity,1
MEN FUE hair transplant (1 zone) UNLIMITED GRAFTS (case review),bookimed_longevity_thailand,1
Men Legs Waxing (Half/Full),menu_enrichment,1
Men Lips Waxing,menu_enrichment,1
Men Underarms Waxing,menu_enrichment,1
Men's & Co-ed Retreats,menu_enrichment,1
"Men's Enclomiphene Lab - Free Test, Estradiol, LH",menu_enrichment,1
Men's Essential Facial,menu_enrichment,1
Men's Follow Up Lab - Follow-up hormone monitoring,menu_enrichment,1
"Men's Foundations Program - Testosterone Therapy, Anti-Estrogen (Anastrozole)",menu_enrichment,1
Men's General Health,menu_enrichment,1
Men's Getaway,menu_enrichment,1
Men's Hair Color,menu_enrichment,1
Men's Health,menu_enrichment,1
Men's Health & Vitality Program,menu_enrichment,1
Men's Health Booster Package,menu_enrichment,1
Men's Health Care,menu_enrichment,1
Men's Health Evaluation,menu_enrichment,1
Men's Health Panel,menu_enrichment,1
Men's Health Panel (Baseline),menu_enrichment,1
Men's Hormones,menu_enrichment,1
Men's Housing,menu_enrichment,1
Men's Injury Treatments,menu_enrichment,1
Men's Longevity + Panel,menu_enrichment,1
Men's Pelvic Floor Rehabilitation,menu_enrichment,1
Men's TRT,menu_enrichment,1
"Men's Vitality Lab - Free Test, Estradiol, IGF-1",menu_enrichment,1
MEN/WOMEN Advanced-FUE hair transplant (1 zone) UNLIMITED GRAFTS,bookimed_longevity,1
MEN/WOMEN Advanced-FUE hair transplant (1 zone) UNLIMITED GRAFTS,bookimed_longevity_thailand,1
MEN/WOMEN Advanced-FUE hair transplant (1 zone) UNLIMITED GRAFTS (case review),bookimed_longevity,1
MEN/WOMEN Advanced-FUE hair transplant (1 zone) UNLIMITED GRAFTS (case review),bookimed_longevity_thailand,1
MEN/WOMEN DHI hair transplant (1 zone) UNLIMITED GRAFTS,bookimed_longevity,1
MEN/WOMEN DHI hair transplant (1 zone) UNLIMITED GRAFTS,bookimed_longevity_thailand,1
MEN/WOMEN DHI hair transplant (1 zone) UNLIMITED GRAFTS (case review),bookimed_longevity,1
MEN/WOMEN DHI hair transplant (1 zone) UNLIMITED GRAFTS (case review),bookimed_longevity_thailand,1
MEN/WOMEN Long-hair (non shave) transplant (1 zone) UNLIMITED GRAFTS,bookimed_longevity,1
MEN/WOMEN Long-hair (non shave) transplant (1 zone) UNLIMITED GRAFTS,bookimed_longevity_thailand,1
MEN/WOMEN Long-hair (non-shave) transplant (1 zone) UNLIMITED GRAFTS (case review),bookimed_longevity,1
MEN/WOMEN Long-hair (non-shave) transplant (1 zone) UNLIMITED GRAFTS (case review),bookimed_longevity_thailand,1
Meniscal Debridement,menu_enrichment,1
Meniscal Repair,menu_enrichment,1
Meniscal Tears,menu_enrichment,1
Meniscus Surgery Tu3 62,mymeditravel_regenerative_turkey,1
Meniscus Tear,menu_enrichment,1
Menopause care,menu_enrichment,1
Menopause Clinic,menu_enrichment,1
Menopause Program,menu_enrichment,1
Menopause Treatment Initial Consultation,menu_enrichment,1
Mens Brazilian Waxing,menu_enrichment,1
Mens Extraction/Beard Treatment,menu_enrichment,1
Mens Health,menu_enrichment,1
Menstrual disorders treatment,menu_enrichment,1
Menstrual Relief Massage,menu_enrichment,1
Mental health service,biohacking_map,1
Mental health services - Mindset by One Medical,menu_enrichment,1
Mental Health Treatment,menu_enrichment,1
Men’s Getaway,menu_enrichment,1
Men’s Health,menu_enrichment,1
"Mesh JT Mat - Mesh Series, 72"" x 24""",menu_enrichment,1
MESH Series Far Infrared Heating Mat - MESH Series,menu_enrichment,1
Meso Fat Bk 14589,mymeditravel_regenerative_thailand,1
Mesotherapie,menu_enrichment,1
Mesotherapy Ph 1529,mymeditravel_regenerative_thailand,1
Mesotherapy Ph 839,mymeditravel_regenerative_thailand,1
Mesotherapy So8 6064,mymeditravel_regenerative_southkorea,1
Mesotherapy Tu1 713,mymeditravel_regenerative_turkey,1
Mesotherapy Tu2 1248,mymeditravel_regenerative_turkey,1
Mesotherapy Tu4 3158,mymeditravel_regenerative_turkey,1
Mesotherapy: Hair Restoration,menu_enrichment,1
Mesotherapy: Lipolitic Fat Reduction,menu_enrichment,1
Meta therapy,menu_enrichment,1
Metabolic Age Optimization,menu_enrichment,1
Metabolic Cancer Support Program - Metabolic Health & Cancer Support Program,menu_enrichment,1
Metabolic Detox,menu_enrichment,1
Metabolic Health,menu_enrichment,1
Metabolic Health & Weight Management,menu_enrichment,1
Metabolic Reset - Metabolic Reset™,menu_enrichment,1
"Metabolic Surgery by Surgeon with 2,500+ Diabetes Surgeries — All-Inclusive Package",bookimed_longevity,1
"Metabolic Surgery by Surgeon with 2,500+ Diabetes Surgeries — All-Inclusive Package",bookimed_longevity_turkey,1
Metabolic Testing,menu_enrichment,1
Metabolische Optimierung,menu_enrichment,1
Metabolism Boosters,menu_enrichment,1
Metabolism Panel - DexaFit,menu_enrichment,1
Metaphysical / Ruqya Hijama Session,menu_enrichment,1
Metformin,biohacking_map,1
Methamphetamine Withdrawal Management,menu_enrichment,1
Methyl Blue IV + SL,menu_enrichment,1
"Methylated Folate & B12 - Methylated Folate & B12, 60 Capsules",menu_enrichment,1
Methylene Blue - Mental Focus,menu_enrichment,1
Methylene Blue - Mental Health,menu_enrichment,1
Methylene Blue - Methylene Blue,menu_enrichment,1
Methylene Blue Infusion Therapy,menu_enrichment,1
Methylene Blue IV,menu_enrichment,1
Methylene Blue Specialty Infusion,menu_enrichment,1
Methylene Blue Specialty Infusion - Methylene Blue,menu_enrichment,1
MIC / B12 Injection,menu_enrichment,1
MIC B Injection,menu_enrichment,1
MIC+B12 Skinny Shots - MIC+B12,menu_enrichment,1
Micro Needling,menu_enrichment,1
Micro-coring,menu_enrichment,1
Micro-needling,menu_enrichment,1
"Micro-Needling (Face and Neck, Single Session)",menu_enrichment,1
Micro-Needling Additional Treatment Area,menu_enrichment,1
Micro-Needling Booking Deposit,menu_enrichment,1
Microbiome & Gut Health Testing,menu_enrichment,1
Microblading,menu_enrichment,1
Microblading for eyebrow,menu_enrichment,1
Microchanneling,menu_enrichment,1
Microcurrent - PureLift,menu_enrichment,1
Microcurrent Add on,menu_enrichment,1
Microcurrent Face Lift Facial - Clareblend Jeunesse,menu_enrichment,1
Microcurrent Face Lift Package,menu_enrichment,1
Microcurrent Facial,menu_enrichment,1
Microcurrent Facial Rejuvenation / Turbo Lift - Clareblend Jeunesse,menu_enrichment,1
"Microcurrent Facial Rejuvenation / Turbo Lift - Clareblend Jeunesse, Series of 10",menu_enrichment,1
"Microcurrent Facial Rejuvenation / Turbo Lift - Clareblend Jeunesse, Series of 3",menu_enrichment,1
"Microcurrent Facial Rejuvenation / Turbo Lift - Clareblend Jeunesse, Series of 6",menu_enrichment,1
Microcurrent Facials,menu_enrichment,1
Microcurrent Muscle Stimulation,menu_enrichment,1
Microdermabrasion + European Facial,menu_enrichment,1
Microdermabrasion + European Facial - Weekend (Fri-Sun),menu_enrichment,1
Microdermabrasion Bk 14373,mymeditravel_regenerative_thailand,1
Microfragmented Adipose Tissue (MFAT),menu_enrichment,1
Microfragmented Fat (Lipogems) Injection,menu_enrichment,1
Microlaser Peel,menu_enrichment,1
MicroLaser Peel - Full Ablative Skin Resurfacing,menu_enrichment,1
MicroLaserPeel,menu_enrichment,1
MicroNeedling,menu_enrichment,1
Microneedling - Dr. Pen Ultima M8,menu_enrichment,1
Microneedling - One Hour Treatment,menu_enrichment,1
Microneedling - Package of 4,menu_enrichment,1
Microneedling - Procell microchanneling,menu_enrichment,1
Microneedling - SkinPen,menu_enrichment,1
Microneedling Face,menu_enrichment,1
Microneedling Face and Neck,menu_enrichment,1
Microneedling Packages,menu_enrichment,1
Microneedling with Exosomes/Serums,menu_enrichment,1
Microneedling With hyaluronic Acid,menu_enrichment,1
Microneedling with Hyaluronic Acid Serum (HA),menu_enrichment,1
Microneedling with Radio Frequency,menu_enrichment,1
Microneedling With Rejuran,menu_enrichment,1
Micronutrient Testing,menu_enrichment,1
Micronutrients Basic,menu_enrichment,1
Micronutrients Basic With Genetic SNPs,menu_enrichment,1
Microphlebectomy,menu_enrichment,1
Microphlebectomy Treatment,menu_enrichment,1
Microplastic Testing,world_longevity_clinics,1
Microsurgery for Vestibular Schwannoma,bookimed_longevity,1
"Microsurgical Varicocelectomy by Surgeon with 1,100+ Procedures — 5★ Hotel",bookimed_longevity,1
"Microsurgical Varicocelectomy by Surgeon with 1,100+ Procedures — 5★ Hotel",bookimed_longevity_turkey,1
Mid Back Pain Treatment,menu_enrichment,1
Middle Bone Osteotomy Surgery — JCI-Accredited with Comprehensive Follow-up,bookimed_longevity,1
Middle Bone Osteotomy Surgery — JCI-Accredited with Comprehensive Follow-up,bookimed_longevity_turkey,1
Middle Joint Arthrodesis Surgery at JCI-Accredited Hospital — Transfer & Follow-up Included,bookimed_longevity,1
Middle Joint Arthrodesis Surgery at JCI-Accredited Hospital — Transfer & Follow-up Included,bookimed_longevity_turkey,1
Migraine and Headache IV Package,menu_enrichment,1
Migraine Evaluation,menu_enrichment,1
"Migraine IV - Contains fluids, electrolytes, magnesium, & taurine",menu_enrichment,1
Migraine IV Cocktail,menu_enrichment,1
Migraine IV Drip,menu_enrichment,1
Migraine Management,menu_enrichment,1
Migraine Relief (Mobile) - Mobile,menu_enrichment,1
Migraine Relief IV Treatment,menu_enrichment,1
Migraines & Asthma,menu_enrichment,1
Migraines & More - 1 Liter,menu_enrichment,1
Migraines & More - Half Liter,menu_enrichment,1
Mild,menu_enrichment,1
Mild Hyperbaric Chamber,menu_enrichment,1
MILD Procedure,menu_enrichment,1
Mind & Body,menu_enrichment,1
Mind & Body (Mobile) - Mobile,menu_enrichment,1
Mind Power Qualia Mind,menu_enrichment,1
Mind-Body Medicine,menu_enrichment,1
Mind-Body Techniques,menu_enrichment,1
Mindfulness & Focus,menu_enrichment,1
Mindfulness Coaching - 50 minute session,menu_enrichment,1
Mindfulness Meditation - Mind-Body Techniques,menu_enrichment,1
Mindfulness Session,menu_enrichment,1
"Mindfulness, Meditation and Yoga Group",menu_enrichment,1
Mindfulness-Based Therapy,menu_enrichment,1
Mindset Coaching- In-Person,menu_enrichment,1
Mindset Coaching- Online,menu_enrichment,1
MindSinc,menu_enrichment,1
Mini Dual Eyeshadow Brush,menu_enrichment,1
Mini Egg Donation Programme,bookimed_longevity,1
Mini Escape Package,menu_enrichment,1
"Mini Facelift by a European Board of Plastic, Reconstructive and Aesthetic Surgery (EBOPRAS) surgeon— 6 Nights at 4★ Hotel with VIP Transfer Included",bookimed_longevity_turkey,1
Mini Facial,menu_enrichment,1
Mini Getaway Package,menu_enrichment,1
Mini HydraGlow Facial,menu_enrichment,1
"Mini Mat - 32"" x 20""",menu_enrichment,1
Minimally Invasive Lumbar Decompression (MILD),menu_enrichment,1
"Minimally Invasive Procedures - Cortisone Injection, Hyaluronic Acid Injection, Tenotomy, Barbotage, Nerve Hydrodissection",menu_enrichment,1
Minor Procedures,menu_enrichment,1
Minor Surgical Procedures of the Skin - Office procedures under local anesthesia,menu_enrichment,1
Minoxidil + Finasteride,menu_enrichment,1
Mint Thread Lift - MINT PDO Thread,menu_enrichment,1
Mint Thread Lift - PDO Thread Lift,menu_enrichment,1
Minuteman,menu_enrichment,1
miraDry Underarm Sweat and Odor Reduction - miraDry,menu_enrichment,1
Missed Session Fee,menu_enrichment,1
Mission Replenish,menu_enrichment,1
Mission Wellness Immune Supercharge,menu_enrichment,1
Missouri Medical Marijuana Card,menu_enrichment,1
Mistletoe Injections,menu_enrichment,1
Mistletoe Therapy - Mistletoe injection therapy,menu_enrichment,1
MitoPrime - 30 capsules,menu_enrichment,1
Mitopure Softgels - Urolithin A - Mitochondria Energy Boost,menu_enrichment,1
Mobile Aesthetic Treatments,menu_enrichment,1
Mobile Aqua Foot Detox,menu_enrichment,1
Mobile Dermaplaning Facial,menu_enrichment,1
Mobile Ear Insufflation,menu_enrichment,1
Mobile Enema Wellness,menu_enrichment,1
Mobile Hydra-Facial & Diamond Facial,menu_enrichment,1
Mobile Phlebotomy - New location,menu_enrichment,1
Mobile Phlebotomy - Repeat location,menu_enrichment,1
Mobile Rectal Insufflation,menu_enrichment,1
Mobile Testing Services,menu_enrichment,1
Mobile Wellness,menu_enrichment,1
Mobility & Movement Training,menu_enrichment,1
Mobility Exams,menu_enrichment,1
Modern Home Care Services,menu_enrichment,1
Modified Duty Programs,menu_enrichment,1
MOHS Surgery,menu_enrichment,1
Moist Heat,menu_enrichment,1
Mold & Mycotoxin Assessment Program,menu_enrichment,1
Mold Detox,menu_enrichment,1
Mold Testing,menu_enrichment,1
Mole Removal,menu_enrichment,1
Mole Removal Bk 13177,mymeditravel_regenerative_thailand,1
Mole Removal Sp 1392,mymeditravel_regenerative_thailand,1
Molecular Gas Therapies,menu_enrichment,1
Molecular Hydrogen Therapy,menu_enrichment,1
MolecuLight Treatment,menu_enrichment,1
Mommy Makeover,menu_enrichment,1
Mommy Makeover by European Board-Certified Surgeon — All Included,bookimed_longevity,1
Mommy Makeover by European Board-Certified Surgeon — All Included,bookimed_longevity_turkey,1
Mommy Makeover by Surgeon with 25+ Years Experience — 5★ Hotel & VIP Transfer,bookimed_longevity,1
Mommy Makeover by Surgeon with 25+ Years Experience — 5★ Hotel & VIP Transfer,bookimed_longevity_turkey,1
Mommy Makeover Tu2 1257,mymeditravel_regenerative_turkey,1
Mommy Makeover with Mentor® Implants — 5 Nights at Hotel & VIP Transfer,bookimed_longevity,1
Mommy Makeover with Mentor® Implants — 5 Nights at Hotel & VIP Transfer,bookimed_longevity_turkey,1
Mommy Makeover with VASER & Mentor Implants — 5 Nights at Hotel & VIP Transfer,bookimed_longevity_korea,1
"Mommy to Be - One Hour Pregnancy Massage, European Spa Facial and Sea Salt Body Polish",menu_enrichment,1
"Mongolian Shamanic Journey - Super Soul Experience, 3 hours",menu_enrichment,1
"Monthly Membership - per month, unlimited Yoga and Mindful Strength classes",menu_enrichment,1
"Monthly Membership Plan - Leaa Plan, $99/month",menu_enrichment,1
Monthly Subscription (Private Pay),menu_enrichment,1
Mood Food ES,menu_enrichment,1
Morning Star Incense,menu_enrichment,1
Morpheus - Fractional technology for subdermal adipose remodeling,menu_enrichment,1
Morpheus 8 - Morpheus8,menu_enrichment,1
Morpheus 8 Skin Rejuvenation - Morpheus 8,menu_enrichment,1
Morpheus8 - Face,menu_enrichment,1
Morpheus8 - Face & Neck,menu_enrichment,1
Morpheus8 - Face & Neck Series of 3,menu_enrichment,1
Morpheus8 - Face Series of 3,menu_enrichment,1
Morpheus8 - InMode Morpheus8,menu_enrichment,1
Morpheus8 - Skin Resurfacing Add-On,menu_enrichment,1
Morpheus8 - Spot Treatment,menu_enrichment,1
Morpheus8 for Body,menu_enrichment,1
Morpheus8 for Body Series of 3,menu_enrichment,1
Morpheus8 Microneedling,menu_enrichment,1
Morpheus8 RF Microneedling - Morpheus8,menu_enrichment,1
Morpheus8 Skin Tightening for Subtle Facial Rejuvenation (1 Session),bookimed_longevity,1
Morpheus8 Skin Tightening for Subtle Facial Rejuvenation (1 Session),bookimed_longevity_turkey,1
Morphogenic Field Technique,menu_enrichment,1
Motion & Force Analysis,menu_enrichment,1
Motor Planning,menu_enrichment,1
MOTS-C,menu_enrichment,1
"MOTS-C - Metabolic Support, 30-Day Supply",menu_enrichment,1
Movement Analysis,menu_enrichment,1
Movement RX,menu_enrichment,1
Moxabustão,menu_enrichment,1
Moxi and BBL,menu_enrichment,1
MOXI Laser Treatment,menu_enrichment,1
Moxibustion Therapy,menu_enrichment,1
MPFL Reconstruction,menu_enrichment,1
MR Arthrogram,menu_enrichment,1
Mr. Brightside IV - 15g,menu_enrichment,1
Mr. Brightside IV - 25g,menu_enrichment,1
Mr. Brightside IV - 50g,menu_enrichment,1
Mr. Brightside IV - 75g,menu_enrichment,1
MR5 ACTIV PRO LaserStim Therapy,menu_enrichment,1
MSC Stem Cell IV Hydration - MSC Mesenchymal IV Infusion,menu_enrichment,1
MSK Diagnostic Ultrasound,menu_enrichment,1
MSK Ultrasound,menu_enrichment,1
MSLT/MWT,menu_enrichment,1
Mulligan Mobilization,menu_enrichment,1
Mulligan Technique,menu_enrichment,1
Mulligan Technique Manual Therapy,menu_enrichment,1
Mulligan's Techniques,menu_enrichment,1
Multi Vitamin,menu_enrichment,1
Multi-baric or PEMF Session - CVAC multi-baric or BEMER PEMF,menu_enrichment,1
Multi-Layer Compression Bandaging,menu_enrichment,1
Multi-layer Restoration,menu_enrichment,1
MultiGen Annual All-Inclusive Human Optimization Program,menu_enrichment,1
Multiple sclerosis,bookimed_longevity,1
Multiple Sclerosis,menu_enrichment,1
Multiple Sclerosis Diagnostics,bookimed_longevity,1
Multiple Sclerosis Diagnostics,bookimed_longevity_turkey,1
Mumford Procedure,menu_enrichment,1
Muscle & Metabolism Mini Panel,menu_enrichment,1
Muscle Building & Recovery Panel,menu_enrichment,1
Muscle Energy,menu_enrichment,1
Muscle Energy Technique,menu_enrichment,1
Muscle Pain Treatment,menu_enrichment,1
Muscle Relax - Muscle Relax,menu_enrichment,1
Muscle Sculpt,menu_enrichment,1
Muscle Soreness & Pain Relief,menu_enrichment,1
Muscle Specific Deep Tissue Massage,menu_enrichment,1
Muscle Stimulation (E-Stim),menu_enrichment,1
Muscle Strains Treatment,menu_enrichment,1
Muscle Therapy + Foot Rub Combo,menu_enrichment,1
Muscle Therapy With Free Cupping,menu_enrichment,1
Musculoskeletal Balance Disorder (MSBD) Treatment,menu_enrichment,1
Musculoskeletal Therapy,menu_enrichment,1
Musculoskeletal Ultrasound,menu_enrichment,1
Musculoskeletal Ultrasound (MSK US),menu_enrichment,1
"Mushroom Extract Lion's Mane Powder, Organic - Kiki Health, 50 gm",menu_enrichment,1
Music-Integrated Therapy,menu_enrichment,1
MW Crewneck,menu_enrichment,1
MW Cropped Sweatshirt,menu_enrichment,1
MW Hoodie,menu_enrichment,1
MW Tote Bag,menu_enrichment,1
MW White Hat,menu_enrichment,1
Myer's Cocktail - 1 Liter,menu_enrichment,1
Myer's Cocktail - Half Liter,menu_enrichment,1
Myer's Cocktail - Immune Shield/Allergy Relief,menu_enrichment,1
Myer's Cocktail and NAD+ Infusions,menu_enrichment,1
Myer's Cocktail Infusion,menu_enrichment,1
Myer's Cocktail IV Drip,menu_enrichment,1
Myers Boost IV Drip - Myers Boost,menu_enrichment,1
Myers Cocktail (Mobile) - Mobile,menu_enrichment,1
Myers Cocktail IV Drip,menu_enrichment,1
Myers Cocktail IV Drip - 500ml,menu_enrichment,1
Myers Cocktail IV Infusion,menu_enrichment,1
Myers Prime,menu_enrichment,1
Myers' Cocktail - Myers' Cocktail,menu_enrichment,1
Myers' Cocktail Infusion,menu_enrichment,1
MYO CLUB for KIDS - Group class,menu_enrichment,1
Myocardial Perfusion Imaging Mpi So8 1796,mymeditravel_chaum_medical_center,1
Myofascial Release - John Barnes Approach,menu_enrichment,1
Myofascial Release Massage,menu_enrichment,1
Myofascial Strategies,menu_enrichment,1
Myofascial Therapy,menu_enrichment,1
Myofascial Trigger Point Injection,menu_enrichment,1
Myomectomy Bk 13174,mymeditravel_regenerative_thailand,1
Mystic Spray Tan,menu_enrichment,1
NAC Specialty Infusion,menu_enrichment,1
NAC Specialty Infusion - NAC,menu_enrichment,1
NAD + Injections,menu_enrichment,1
"NAD IM Injection - NAD, 100 mg",menu_enrichment,1
NAD Injection,menu_enrichment,1
NAD Injections,menu_enrichment,1
"NAD IV Infusion - Full Dose - NAD, 500 mg",menu_enrichment,1
"NAD IV Infusion - High Dose - NAD, 750mg",menu_enrichment,1
"NAD IV Infusion - Initial Dose - NAD, 250mg",menu_enrichment,1
NAD IV Infusion - Nicotinamide Adenine Dinucleotide,menu_enrichment,1
NAD Peptides,menu_enrichment,1
NAD Wellness Events,menu_enrichment,1
NAD+ - 4 pack,menu_enrichment,1
NAD+ - Cellular energy support,menu_enrichment,1
NAD+ - Longevity & Anti-Aging,menu_enrichment,1
NAD+ - Mental Focus,menu_enrichment,1
NAD+ - Mental Health,menu_enrichment,1
NAD+ Add-on,menu_enrichment,1
NAD+ Boosters,biohacking_map,1
NAD+ Drip - NAD+ (Nicotinamide Adenine Dinucleotide),menu_enrichment,1
NAD+ IM Injection - NAD+,menu_enrichment,1
"NAD+ IM Injection - NAD+, each",menu_enrichment,1
NAD+ Infusion - 2-6 hours,menu_enrichment,1
"NAD+ Infusion - Nicotinamide adenine dinucleotide, Initial series of 4-10 infusions",menu_enrichment,1
NAD+ Infusions,menu_enrichment,1
"NAD+ Injection - Cellular Energy, 1000mg Vial",menu_enrichment,1
NAD+ Injection - Package of Ten,menu_enrichment,1
NAD+ Injection - Shipped To Home Vial,menu_enrichment,1
NAD+ Injection - Single Injection,menu_enrichment,1
NAD+ Intramuscular - NAD+,menu_enrichment,1
NAD+ Nasal Spray - NAD+,menu_enrichment,1
NAD+ Optimization,menu_enrichment,1
NAD+ Patch - NAD+,menu_enrichment,1
NAD+ Series,menu_enrichment,1
"NAD+ Smart Pen - Clinical-grade, 1,000 mg",menu_enrichment,1
NAD+ Specialty Infusion,menu_enrichment,1
NAD+ Specialty Infusion - NAD+,menu_enrichment,1
NAD+ Subcutaneous - NAD+,menu_enrichment,1
NAD+ Subcutaneous Injection - 30mg Dose,menu_enrichment,1
NAD+ Subcutaneous Injection - 50mg Dose,menu_enrichment,1
NAD+ Vitamin Injection,menu_enrichment,1
Naloxone Vending Machine,menu_enrichment,1
Nano Fractional Laser,menu_enrichment,1
Nano Fractional Laser Hair Removal,menu_enrichment,1
Nano Infusion Facial,menu_enrichment,1
Nano O2 LED Float Pod,menu_enrichment,1
Nano-fat Injection,menu_enrichment,1
Nanofractional Skin Resurfacing,menu_enrichment,1
"Nanotechnology Plasmapheresis & Dark Field Study — da Vinci Pioneer, Master's in Regenerative Medicine",bookimed_longevity,1
NanoVi,menu_enrichment,1
"NanoVi™ Package - NanoVi™, 10 Sessions",menu_enrichment,1
"NanoVi™ Package - NanoVi™, 20 Sessions",menu_enrichment,1
"NanoVi™ Therapy - NanoVi™, Single Session",menu_enrichment,1
Nasal Obstruction Treatment,menu_enrichment,1
Nasal Tip Plasty So8 3552,mymeditravel_regenerative_southkorea,1
Nasolabial Folds Treatment,menu_enrichment,1
Natural Breast Augmentation,menu_enrichment,1
Natural Defense IV - The Immunity Booster,menu_enrichment,1
Natural DHT Blocker Vitamin,menu_enrichment,1
Natural goods store,biohacking_map,1
Natural Hair Restoration,menu_enrichment,1
Natural Hair Restoration with PRF,menu_enrichment,1
Natural Medicine for PCOS Relief,menu_enrichment,1
Natural Medicine Solution for Migraines,menu_enrichment,1
Natural Pain Management,menu_enrichment,1
Natural Soy Wax Candle - 7.2 oz,menu_enrichment,1
Natural Thyroid Treatment,menu_enrichment,1
Natural Treatment for Common Gynecological Conditions,menu_enrichment,1
Natural Treatment for Endometriosis,menu_enrichment,1
Natural Treatment for Fibroids,menu_enrichment,1
Natural Treatment for Woman with Fibromyalgia,menu_enrichment,1
Natural Treatment Women with Thyroid Problems,menu_enrichment,1
Natural Weight Loss Support,menu_enrichment,1
Naturopathic Care,menu_enrichment,1
Naturopathic Wellness,menu_enrichment,1
Naturopathy,menu_enrichment,1
Naturopathy & Holistic Health Consultation for Diabetes and Hypertension,menu_enrichment,1
Nausea Relief IV Treatment,menu_enrichment,1
Navigating Work in Early Motherhood,menu_enrichment,1
NCS (Nerve Conduction Study),menu_enrichment,1
Near Infrared Light Therapy,menu_enrichment,1
Neck,menu_enrichment,1
Neck & Face Lift Massage,menu_enrichment,1
Neck Correct Cream,menu_enrichment,1
Neck Firming,menu_enrichment,1
Neck Injections,menu_enrichment,1
Neck Lift Bk 14630,mymeditravel_regenerative_thailand,1
"Neck Lift for a Smooth, Defined Jawline — 5★ Hotel & VIP Transfer Included",bookimed_longevity,1
"Neck Lift for a Smooth, Defined Jawline — 5★ Hotel & VIP Transfer Included",bookimed_longevity_turkey,1
Neck Lift Tu2 1263,mymeditravel_regenerative_turkey,1
Neck Lifting,menu_enrichment,1
Neck Lines,menu_enrichment,1
Neck Pain,menu_enrichment,1
Neck Pain & Headaches Treatment,menu_enrichment,1
Neck Pain/Cervicalgia,menu_enrichment,1
Neck Tightening,menu_enrichment,1
"Neck, Back (Upper Body)",menu_enrichment,1
Neck/Back Sprains and Strains,menu_enrichment,1
Necrotizing Soft Tissue Infection Treatment,menu_enrichment,1
Needle localization,menu_enrichment,1
Needle-Free SPG Blocks,menu_enrichment,1
Neighborhood Care,menu_enrichment,1
Neogen PSR Skin Rejuvenation,menu_enrichment,1
NeoGraft Hair Restoration (FUE),menu_enrichment,1
NeoStrata Skin Active Products - NeoStrata Skin Active,menu_enrichment,1
NeoStrata Skin Care Products - NeoStrata,menu_enrichment,1
Nerve and Muscle Pain Treatment,menu_enrichment,1
Nerve Block Injections,menu_enrichment,1
Nerve Conduction and Electromyography (NCV/EMG),menu_enrichment,1
Nerve Conduction Studies,menu_enrichment,1
Nerve Conduction Testing,menu_enrichment,1
Nerve Conduction Velocity Testing,menu_enrichment,1
Nerve Hydrodissection,menu_enrichment,1
Nerve Pain Injections,menu_enrichment,1
Nerve Pain Treatment,menu_enrichment,1
Nerve Testing,menu_enrichment,1
Nervous System Reset,menu_enrichment,1
Nervous System Reset - Morris Method™,menu_enrichment,1
Nervous System Reset Protocols,menu_enrichment,1
NESA Neuromodulation Therapy,menu_enrichment,1
Neura Flex Per Visit - Per Visit,menu_enrichment,1
"Neura Health Membership - Membership, per month",menu_enrichment,1
Neural Injection Therapy,menu_enrichment,1
Neural Mobilization,menu_enrichment,1
Neural Prolotherapy,menu_enrichment,1
Neural Therapy,menu_enrichment,1
NeuralChek + BrainTap Brain Health Assessment,menu_enrichment,1
Neuro Rehab - Stroke,menu_enrichment,1
"Neuro-Toxins - Xeomin, Letybo, Jeuveau",menu_enrichment,1
Neurofeedback - NeurOptimal®,menu_enrichment,1
NeuroFunctional Acupuncture,menu_enrichment,1
Neurologic Rehabilitation,menu_enrichment,1
Neurological Conditions,menu_enrichment,1
Neurological Rehabilitation - Physical Therapy,menu_enrichment,1
Neurological Rehabilitation So8 534,mymeditravel_chaum_medical_center,1
Neurologist,biohacking_map,1
"Neurology - EMG/NCV, VNG, EEG/BAER",menu_enrichment,1
Neurology Care for Adults,menu_enrichment,1
Neurology Consultation So8 97,mymeditravel_chaum_medical_center,1
Neurolysis Treatment,menu_enrichment,1
Neuroma,menu_enrichment,1
Neuroma (Morton's) Treatment,menu_enrichment,1
Neuromobilization,menu_enrichment,1
Neuromodulation,menu_enrichment,1
Neuromodulação não-invasiva,menu_enrichment,1
Neuromuscular ReEducation,menu_enrichment,1
Neuromuscular Therapy,menu_enrichment,1
"Neuronic Light 1070nm Photobiomodulation Helmet - 1070nm near-infrared, app connectivity",menu_enrichment,1
"Neuronic Light 1070nm Photobiomodulation Helmet - App Connectivity, Advanced Brain Health & Cognitive Support",menu_enrichment,1
Neuropathy,menu_enrichment,1
Neuropathy Program - 6-step program,menu_enrichment,1
Neuropathy Relief,menu_enrichment,1
Neuropsychological evaluation,menu_enrichment,1
Neuropsychological Testing,menu_enrichment,1
NeurOptimal,menu_enrichment,1
Neuropuncture,menu_enrichment,1
Neurosonic Harmonia,menu_enrichment,1
Neurotoxin,menu_enrichment,1
Neurotoxin Treatment - New Patients,menu_enrichment,1
Neurotoxins,menu_enrichment,1
NeurotriS Body Sculpting,menu_enrichment,1
NEUROVITA-X,menu_enrichment,1
NeuroVizr,menu_enrichment,1
New Client Discount,menu_enrichment,1
New Client Facial,menu_enrichment,1
New Client Sampler,menu_enrichment,1
New Client Special: 1 Month Unlimited,menu_enrichment,1
New Client Starter Package: 2 Sessions - 1 Treatment Area,menu_enrichment,1
New Client Starter Package: 2 Sessions - 2 Treatment Areas,menu_enrichment,1
"New Patient Active Release and Chiropractic Adjustment - Dr. Chris Bierbrauer, DC, CMRP",menu_enrichment,1
New Patient Appointment,menu_enrichment,1
New Patient Chiropractic Special,menu_enrichment,1
"New Patient Combo Consultation - 90-min consultation with Dr. Lee, Dr. Wallace, or Dr. Cogan AND 60-min with Dr. Herskowitz",menu_enrichment,1
"New Patient Consultation - 90-min consultation and follow-up lab review with Dr. Lee, Dr. Wallace, or Dr. Cogan",menu_enrichment,1
New Patient Convenience Fee,menu_enrichment,1
New Patient Exam,menu_enrichment,1
"New Patient Exam (includes Spinal Postural Exam, X-rays & INSIGHT SCAN) - $50 off",menu_enrichment,1
New Patient Exam and Report of Findings (regular price),menu_enrichment,1
"New Patient Matrix Repatterning Visit - Dr. Chris Bierbrauer, DC, CMRP",menu_enrichment,1
New Patient Offer,menu_enrichment,1
New Patient Special Offer,menu_enrichment,1
"New Patient Special Offer - Includes Private Health and Pain Consultation, Digital X-rays, Specialized Painless Evaluation, Report of Findings, One Pain-Relieving Treatment, and copy of Dr. Coyle's book",menu_enrichment,1
New Patient Visit,menu_enrichment,1
New Student Special - 1 Month Unlimited - 1 month unlimited,menu_enrichment,1
New Students - Trial Class,menu_enrichment,1
New to Pandora Special,menu_enrichment,1
Nexplanon,menu_enrichment,1
Niagen NR IV Drip,menu_enrichment,1
NiaVasc 750 - 60 tablets,menu_enrichment,1
Night Out Neutralizer,menu_enrichment,1
NightLase Treatment For Snoring,menu_enrichment,1
Nipple Correction Surgery Bk 14646,mymeditravel_regenerative_thailand,1
Nipple Reduction Bk 14647,mymeditravel_regenerative_thailand,1
NIPT Pro Advanced Chromosome Screening in Bangkok,bookimed_longevity,1
NIPT Pro Advanced Chromosome Screening in Bangkok,bookimed_longevity_thailand,1
NIPT Twins Screening in Bangkok,bookimed_longevity,1
NIPT Twins Screening in Bangkok,bookimed_longevity_thailand,1
NK Cell Therapy,world_longevity_clinics,1
NK Cell Therapy for Ovarian Cancer at ISO-Certified Integrative Oncology Center,bookimed_longevity,1
NK Cell Therapy for Ovarian Cancer at ISO-Certified Integrative Oncology Center,bookimed_longevity_thailand,1
NMN Therapy,world_longevity_clinics,1
No Needle Alternatives,menu_enrichment,1
No-Fault Medical Services,menu_enrichment,1
No-Fault Physical Therapy,menu_enrichment,1
No-Needle IVF with Gender Selection — 70% Pregnancy Rate for Women Under 35,bookimed_longevity,1
No-Show Fee,menu_enrichment,1
Non Surgical Liquid Facelift,menu_enrichment,1
Non Surgical Nose Job Rhinoplasty,menu_enrichment,1
Non-Ammonia Color,menu_enrichment,1
Non-Custom Hinge Knee Brace,menu_enrichment,1
Non-incisional SMAS Lifting,menu_enrichment,1
Non-Invasive BBL (Brazilian Butt Lift),menu_enrichment,1
Non-Invasive Mommy Makeover,menu_enrichment,1
Non-opiate Pain Management / Acupuncture,menu_enrichment,1
Non-profit organization,biohacking_map,1
Non-sticky lipgloss In Lalique,menu_enrichment,1
Non-Surgical Butt Lift,menu_enrichment,1
Non-Surgical Facelift Acupuncture - Initial Visit / Follow Up,menu_enrichment,1
Non-Surgical Facial Rejuvenation,menu_enrichment,1
Non-Surgical Orthopedics,menu_enrichment,1
Non-Surgical Rhinoplasty,menu_enrichment,1
Non-Surgical Rhinoplasty - Liquid Rhinoplasty,menu_enrichment,1
Non-Surgical Spinal Decompression - Accu-SPINA,menu_enrichment,1
Nonsurgical Body Contouring - VelaShape III,menu_enrichment,1
Nonsurgical Face Lift,menu_enrichment,1
Nonsurgical Rhinoplasty,menu_enrichment,1
Normatec Leg Compressions,menu_enrichment,1
Normatec Recovery - 30 min Casual Session,menu_enrichment,1
Normatec Recovery - 30 min Package of 10 Sessions,menu_enrichment,1
Normatec Recovery - 30 min Package of 5 Sessions,menu_enrichment,1
Normatec Recovery - 60 min Casual Session,menu_enrichment,1
Normatec Recovery - 60 min Package of 10 Sessions,menu_enrichment,1
Normatec Recovery - 60 min Package of 5 Sessions,menu_enrichment,1
Nose Implant Bk 14586,mymeditravel_regenerative_thailand,1
Nose Implant Bk 14626,mymeditravel_regenerative_thailand,1
Nose Implant So8 3551,mymeditravel_regenerative_southkorea,1
Nose lifting,menu_enrichment,1
Nose Slimming,menu_enrichment,1
Nose Surgery by Type,menu_enrichment,1
Nose Surgery So8 3550,mymeditravel_regenerative_southkorea,1
Nose Waxing,menu_enrichment,1
NovoTHOR Light Bed Session - NovoTHOR,menu_enrichment,1
"NovoTHOR® Sessions Package - NovoTHOR®, 10 Sessions",menu_enrichment,1
"NovoTHOR® Sessions Package - NovoTHOR®, 20 Sessions",menu_enrichment,1
"NovoTHOR® Sessions Package - NovoTHOR®, 3 Sessions",menu_enrichment,1
"NovoTHOR®/NanoVi™ Combo - NovoTHOR®/NanoVi™, Same visit",menu_enrichment,1
NRG Enhancer,menu_enrichment,1
NRP Part-2 Skills Testing,menu_enrichment,1
nSTRIDE - nSTRIDE,menu_enrichment,1
NTx Urine (single test),menu_enrichment,1
Nuclear Imaging,menu_enrichment,1
Nuclear Medicine,menu_enrichment,1
Nucleoplasty and Endoscopic Discectomy,menu_enrichment,1
"NucleoX - Nordic Health, 45g",menu_enrichment,1
Numbness Treatment,menu_enrichment,1
Nurse practitioner,biohacking_map,1
Nutraceutical Support,menu_enrichment,1
Nutrient Injection Therapy,menu_enrichment,1
Nutrient Panel,menu_enrichment,1
Nutrigenomix DNA Test & Personalized Dietitian Plan,menu_enrichment,1
"Nutrigenomix DNA Test & Personalized Dietitian Plan - Nutrigenomix, 70-Gene Analysis + 60 min Dietitian Consult",menu_enrichment,1
Nutrigenomix DNA Testing,menu_enrichment,1
"Nutrigenomix DNA Testing - Nutrigenomix, 70-Gene Analysis",menu_enrichment,1
Nutrition & Diet,menu_enrichment,1
Nutrition - SENS Solution,menu_enrichment,1
Nutrition Coaching,menu_enrichment,1
Nutrition Coaching Session,menu_enrichment,1
Nutrition Consultation,menu_enrichment,1
Nutrition Guidance Program,menu_enrichment,1
Nutrition Guidance Program - Nine 15 minute sessions,menu_enrichment,1
Nutrition Response Testing,menu_enrichment,1
Nutrition Response Testing - Nutrition Response Testing®,menu_enrichment,1
Nutritional and Lifestyle Guidance,menu_enrichment,1
Nutritional Blood Analysis,menu_enrichment,1
Nutritional Consultation - 90-min consultation with Marisol Kim,menu_enrichment,1
Nutritional IV's,menu_enrichment,1
NYC Herbal Medicine Ceremony Retreat,menu_enrichment,1
O-Shot®,menu_enrichment,1
O2 Rejuvenation Facial,menu_enrichment,1
Oasis Purity Wrap,menu_enrichment,1
Oasis Purity Wrap - 60 Minutes,menu_enrichment,1
"Ob-Gyn TeleVisit - Non-Member, Video",menu_enrichment,1
"OB/GYN - Women's Health Care and Pregnancy Care, Transvaginal ultrasound, colposcopies",menu_enrichment,1
Obagi Skin Care Products - OBAGI,menu_enrichment,1
Obesity,menu_enrichment,1
OBGYN,menu_enrichment,1
Obsessive-Compulsive Behaviors,menu_enrichment,1
Obsessive-Compulsive Disorder Treatment,menu_enrichment,1
Obstetrical Ultrasound,menu_enrichment,1
Obstetrics and Gynecology,menu_enrichment,1
"Obstetrics Membership - 10 months - pre and post pregnancy, 10 months",menu_enrichment,1
"Obstetrics Membership - 10 months, pre and post pregnancy, Dedicated Gyn for delivery",menu_enrichment,1
Occipital Nerve Block for headaches,menu_enrichment,1
Occipital Nerve Blocks and Trigger Point Injections,menu_enrichment,1
Occipital Nerve Stimulator Trial and Implant,menu_enrichment,1
Occipital Neuralgia Treatment,menu_enrichment,1
Occupational Health,menu_enrichment,1
Occupational Medicine,menu_enrichment,1
OCD Treatment,menu_enrichment,1
OCD Treatments,menu_enrichment,1
Oceanic Skin Restoring Facial,menu_enrichment,1
Oculoplastics Surgery,menu_enrichment,1
Office Based Addiction Treatment (OBAT) - Medication Assisted Treatment (MAT),menu_enrichment,1
Ombre Powder Brows + Lip Blush,menu_enrichment,1
"OmegaGenics EPA-DHA 720 - OmegaGenics EPA-DHA 720, 120 Softgels",menu_enrichment,1
OMG Shot,menu_enrichment,1
OMT (Osteopathic Manipulative Treatment),menu_enrichment,1
On-Site Diagnostics,menu_enrichment,1
On-site Laboratory and X-ray,menu_enrichment,1
On-site Pharmacy,menu_enrichment,1
On-site Radiology,menu_enrichment,1
Onboarding & Goal-Planning Session,menu_enrichment,1
Oncologic PT,menu_enrichment,1
Oncology Control Check-up with PET-CT & Tumor Markers — All Inclusive,bookimed_longevity,1
Oncology Control Check-up with PET-CT & Tumor Markers — All Inclusive,bookimed_longevity_turkey,1
Oncology Diagnostic Package – Comprehensive Second Opinion & Advanced Testing,bookimed_longevity,1
Oncology Facial,menu_enrichment,1
Oncotherm,menu_enrichment,1
Oncotherm Cancer Support - Oncotherm EHY-2000 Plus,menu_enrichment,1
Ondamed Bio-Feedback,menu_enrichment,1
One day knee stem cell treatment,bookimed_longevity,1
One Medical Membership - Consumer Membership,menu_enrichment,1
One on One Therapy for Adults,menu_enrichment,1
One on One Therapy for Children,menu_enrichment,1
One Week Unlimited,menu_enrichment,1
One Year Unlimited - monthly payments,menu_enrichment,1
One Year Unlimited - paid all at once,menu_enrichment,1
One-time enrollment fee,menu_enrichment,1
Ongoing Care Memberships,menu_enrichment,1
Ongoing Medical Monitoring,menu_enrichment,1
Ongoing Wellness Care,menu_enrichment,1
Online Appointment Scheduling,menu_enrichment,1
Online Guided Meditation,menu_enrichment,1
Onychomycosis Treatment,menu_enrichment,1
Onyfix Ingrown Toenail Treatment,menu_enrichment,1
Onyfix Ingrown Toenail Treatment - Onyfix,menu_enrichment,1
Open Wounds Treatment,menu_enrichment,1
Opiate Addiction Treatment,menu_enrichment,1
Opti-Adrenal Support,menu_enrichment,1
Optical Coherence Tomography,menu_enrichment,1
Optimal B Awake,menu_enrichment,1
Optimal Health Program,menu_enrichment,1
Optimiser Membership - 30 credits per month,menu_enrichment,1
"Optimize 360° - Physician-led primary care program, Annual membership",menu_enrichment,1
Optional Herb Add On,menu_enrichment,1
Optional Multiple Essential Oils Add On,menu_enrichment,1
Optometry and Ophthalmology,menu_enrichment,1
Opus Plasma,menu_enrichment,1
Oral Appetite Suppressants,menu_enrichment,1
Oral BPC-157,menu_enrichment,1
Oral ED Medication,menu_enrichment,1
Oral Food Challenges,menu_enrichment,1
Ordering Sperm,menu_enrichment,1
Organic & Grass-fed Bone Broth Collagen - Functional Future,menu_enrichment,1
Organic Hydra Facial,menu_enrichment,1
Organic Lions Mane Mushroom - Mary Ruth's,menu_enrichment,1
Organic Oil of Oregano - Mary Ruth's,menu_enrichment,1
Organizational Consulting,menu_enrichment,1
Oriental medicine clinic,biohacking_map,1
Orofacial Myofunctional Therapy,menu_enrichment,1
Orthognathic Surgery with 3D Planning by Stanford-Recognized Maxillofacial Surgeon — Custom Guides & Private Room,bookimed_longevity,1
Orthopaedic Fracture Care,menu_enrichment,1
Orthopedic & Sports Rehab,menu_enrichment,1
"Orthopedic - General orthopedic care, Fracture Care, Hand Surgery",menu_enrichment,1
Orthopedic Back Braces,menu_enrichment,1
Orthopedic Evaluation,menu_enrichment,1
Orthopedic Health,menu_enrichment,1
Orthopedic Injuries Treatment,menu_enrichment,1
Orthopedic Non-Surgical,menu_enrichment,1
Orthopedic Rehabilitation & Chiropractic,menu_enrichment,1
Orthopedic Rehabilitation - Physical Therapy,menu_enrichment,1
Orthopedic Rehabilitation at JCI-Accredited Hospital — 30-Day Program,bookimed_longevity,1
Orthopedic Sports Medicine,menu_enrichment,1
Orthopedic Supports & Bracing,menu_enrichment,1
Orthopedic Surgeons,menu_enrichment,1
Orthopedic Therapy,menu_enrichment,1
Orthopedics Consultation Cr 45,mymeditravel_regenerative_thailand,1
ORTHOVISC,menu_enrichment,1
OSHA Physicals,menu_enrichment,1
Osteoarthritis,menu_enrichment,1
Osteoarthritis Treatments,menu_enrichment,1
Osteomyelitis Treatment,menu_enrichment,1
Osteopathic & Chiropractic Care,menu_enrichment,1
Osteopathic Manipulation - Members,menu_enrichment,1
Osteopathic Manipulation - Non-members,menu_enrichment,1
Osteopathic Manipulative Treatment (OMT),menu_enrichment,1
Osteopathic Manipulative Treatment - OMT,menu_enrichment,1
Osteopathic Medicine / Whole Person,menu_enrichment,1
Osteopathic Therapies,menu_enrichment,1
Osteopathy,menu_enrichment,1
Osteoporosis Management,menu_enrichment,1
Osteoporosis Treatment,menu_enrichment,1
Osteoporosis treatment & prevention,menu_enrichment,1
Osteoradionecrosis Treatment,menu_enrichment,1
Osteotomy Tu3 76,mymeditravel_regenerative_turkey,1
Ostéopathie,menu_enrichment,1
Other medical services,menu_enrichment,1
Otoplasty Bk 14632,mymeditravel_regenerative_thailand,1
Otoplasty for Natural Ear Proportions — 2 Nights at 5★ Hotel,bookimed_longevity,1
Otoplasty for Natural Ear Proportions — 2 Nights at 5★ Hotel,bookimed_longevity_turkey,1
Oura Ring 4 - Oura,menu_enrichment,1
Overseas Visitors,menu_enrichment,1
Oxigenoterapia Hiperbárica,menu_enrichment,1
Oxy Four Lie-Down Steel Hard Shell Chamber - 2.0 ATA,menu_enrichment,1
Oxy Four Lie-Down Steel Hard Shell Chamber - 2.0 ATA Lie-Down Steel Hard Shell,menu_enrichment,1
Oxy One Lie-Down Hard Shell Chamber - 2.0 ATA,menu_enrichment,1
Oxy One Lie-Down Hard Shell Chamber - 2.0 ATA Lie-Down Hard Shell,menu_enrichment,1
Oxy Three Sit-Down Soft Shell Chamber - 1.5 ATA,menu_enrichment,1
Oxy Three Sit-Down Soft Shell Chamber - 1.5 ATA Sit-Down Soft Shell,menu_enrichment,1
Oxy Two Sit-Down Hard Shell Chamber - 2.0 ATA,menu_enrichment,1
Oxy Two Sit-Down Hard Shell Chamber - 2.0 ATA Sit-Down Hard Shell,menu_enrichment,1
Oxygen Chamber,menu_enrichment,1
Oxygen Chamber for up to 4 - Group Treatment,menu_enrichment,1
Oxygen Facial,menu_enrichment,1
Oxygen Facial - Weekend (Fri-Sun),menu_enrichment,1
Oxygen Mask and Tubes - Oxygen mask and tubes (take home),menu_enrichment,1
Oxygen Purifying Facial,menu_enrichment,1
Oxygen Rx Infusion Facial,menu_enrichment,1
Oxytocin,menu_enrichment,1
Oxytocin - Sexual Health,menu_enrichment,1
Oxytocin Therapy for Erectile Dysfunction,menu_enrichment,1
Ozempic - Wegovy,menu_enrichment,1
Ozone Joint Rejuvenation,menu_enrichment,1
Ozone Therapy,placidway_antiaging_thailand,1
Ozone Therapy (MAH),menu_enrichment,1
"Ozone Therapy - Rectal, Ear & Vaginal Insufflation",menu_enrichment,1
Ozone Therapy Bk 13167,mymeditravel_regenerative_thailand,1
Ozone Therapy Pa 1567,mymeditravel_regenerative_thailand,1
Ozone Therapy Pa 1607,mymeditravel_regenerative_thailand,1
Ozone Therapy Ph 855,mymeditravel_regenerative_thailand,1
Ozone Therapy Tu2 1259,mymeditravel_regenerative_turkey,1
Ozone Therapy Tu4 3161,mymeditravel_regenerative_turkey,1
Ozonotherapy,menu_enrichment,1
P Shot,menu_enrichment,1
P-Shot,menu_enrichment,1
P-Shot (Priapus Shot),menu_enrichment,1
P-Shot (Priapus Shot) - P-Shot,menu_enrichment,1
P-Shot (Priapus Shot) - Priapus Shot,menu_enrichment,1
P-Shot Injections,menu_enrichment,1
P-Shot Treatment,menu_enrichment,1
P-SHOT®,menu_enrichment,1
"Pacemaker Implantation by Surgeon with 25+ Years of Experience & 1,100+ Procedures Performed",bookimed_longevity,1
Pachymetry,menu_enrichment,1
Pack 11 séances (10+1) IHHT - IHHT,menu_enrichment,1
Pack 5 séances (4+1) IHHT - IHHT,menu_enrichment,1
Pain Management Pa 1611,mymeditravel_regenerative_thailand,1
Pain Management Ph 1375,mymeditravel_regenerative_thailand,1
Pain Management Procedures,menu_enrichment,1
Pain Management So8 1850,mymeditravel_chaum_medical_center,1
Pain Rehabilitation,menu_enrichment,1
Pain Relief & Recovery Massage,menu_enrichment,1
Pain Relief Laser - DiolazeXL,menu_enrichment,1
Pain Relief Laser - Lumecca,menu_enrichment,1
Pain Relief Oil,menu_enrichment,1
Pain Relief Patch - BioActivate Bio-frequency wellness patch,menu_enrichment,1
Pain Signal Reset,menu_enrichment,1
Pain Signal Reset - Morris Method™,menu_enrichment,1
Pain Treatment Pa 1610,mymeditravel_regenerative_thailand,1
PainTEQ,menu_enrichment,1
Palliative Care,menu_enrichment,1
PALS Heart Code Part 2 (Skills Testing),menu_enrichment,1
PALS Original Course,menu_enrichment,1
PALS Renewal Course,menu_enrichment,1
Pap Smear Test - for Cervical Cancer,menu_enrichment,1
Pap Smears,menu_enrichment,1
Pap Smears and Cervical Cancer Screenings,menu_enrichment,1
Paranormal Energy Clearing & Spiritual Channeling,menu_enrichment,1
Parasite Cleanse,menu_enrichment,1
Parent Child Interaction Therapy - PCIT,menu_enrichment,1
Parent-Child Interaction Therapy (PCIT),menu_enrichment,1
Parental Leave Coaching,menu_enrichment,1
Parenting Coordination,menu_enrichment,1
Parenting Support Sessions,menu_enrichment,1
"Parkinson's Diagnosis & Deep Brain Stimulation by Neurosurgeon with 1,100+ DBS Procedures",bookimed_longevity,1
Parkinson's Disease,menu_enrichment,1
Parkinson's Rehab,menu_enrichment,1
Parkinsons Disease Consultation Bk 14157,mymeditravel_regenerative_thailand,1
Parkinsons Disease Treatment Bk 14158,mymeditravel_regenerative_thailand,1
Parrafin Foot Massage,menu_enrichment,1
Pars Defect Diagnostic Injection,menu_enrichment,1
Partial Hospitalization (PHP),menu_enrichment,1
Partial Knee Replacement,menu_enrichment,1
Partner Session,menu_enrichment,1
Parts Work Graphic Organizer,menu_enrichment,1
Party-Prep Facial,menu_enrichment,1
Past-Life Regression,menu_enrichment,1
"Patch Test - Allergy patch test, 48-96 hours",menu_enrichment,1
Patch Testing for Dermatitis,menu_enrichment,1
Patellofemoral Syndrome,menu_enrichment,1
Path Membership,menu_enrichment,1
Path Reserve Enrollment Deposit,menu_enrichment,1
Patient Clinical Monitoring,menu_enrichment,1
Patient Education & Health Guidance,menu_enrichment,1
Patient Education in Maintenance & Prevention,menu_enrichment,1
Patient Pure X™ (PPX™) Treatments,menu_enrichment,1
Patient Rewards Credit,menu_enrichment,1
PCL Reconstruction,menu_enrichment,1
"PDE-5 Inhibitors - Viagra (sildenafil), Cialis (tadalafil), Levitra (vardenafil)",menu_enrichment,1
PDO Mono Threads - 10 Threads,menu_enrichment,1
PDO Mono Threads - 30 Threads,menu_enrichment,1
PDO Neck Mesh for Crepey Skin - PDO thread mesh,menu_enrichment,1
PDO Skin Restoration,menu_enrichment,1
PDO Thread Facelift,menu_enrichment,1
Pdo Thread Lift Bk 13198,mymeditravel_regenerative_thailand,1
Pdo Thread Lift Bk 14653,mymeditravel_regenerative_thailand,1
Pdo Thread Lift Cm 1451,mymeditravel_regenerative_thailand,1
Pdo Thread Lift So8 3556,mymeditravel_regenerative_southkorea,1
PDO Thread Lifts,menu_enrichment,1
PDO Threads - MINT™ PDO,menu_enrichment,1
PDO Threads - Polydioxanone,menu_enrichment,1
PDO Threads – Non-surgical Lift,menu_enrichment,1
PDRN Skin Renewal,menu_enrichment,1
Peace of Mind Package,menu_enrichment,1
Peak Performance - Protocol,menu_enrichment,1
Pediatric & Family Care,menu_enrichment,1
Pediatric Allergy Care,menu_enrichment,1
Pediatric Chiropractic,menu_enrichment,1
Pediatric clinic,biohacking_map,1
Pediatric Concussion Recovery Program,menu_enrichment,1
Pediatric Dentistry Cr 38,mymeditravel_regenerative_thailand,1
Pediatric Dermatology Consultation,menu_enrichment,1
Pediatric ENT,menu_enrichment,1
"Pediatric Health Check-up Package — Hotel, Transfer & Translation Included",bookimed_longevity,1
"Pediatric Health Check-up Package — Hotel, Transfer & Translation Included",bookimed_longevity_turkey,1
Pediatric HGH Therapy,menu_enrichment,1
Pediatric Neurology,menu_enrichment,1
Pediatric Occupational Therapy,menu_enrichment,1
Pediatric Orthopedics,menu_enrichment,1
Pediatric OT,menu_enrichment,1
Pediatric Scoliosis Treatment with Craniosacral Therapy,menu_enrichment,1
Pediatric Services,menu_enrichment,1
Pediatrician,biohacking_map,1
"Pediatrics - Immunizations, School physicals, Sick visits and well visits for patients under 21 years old",menu_enrichment,1
Pediatrics / Adolescents,menu_enrichment,1
Pedorthist,menu_enrichment,1
Peel & Serum Infusion,menu_enrichment,1
Peelings,menu_enrichment,1
Peer Socialization Groups,menu_enrichment,1
Peer Support & Case Management Services,menu_enrichment,1
Pellet Therapy,menu_enrichment,1
Pelvic Exam,menu_enrichment,1
Pelvic Floor (Emsella),menu_enrichment,1
Pelvic Floor Chair - 30 min,menu_enrichment,1
Pelvic Health & Wellness,menu_enrichment,1
Pelvic Health Physical Therapy,menu_enrichment,1
Pelvic Health PT,menu_enrichment,1
Pelvic Organ Prolapse Care,menu_enrichment,1
Pelvic Ultrasound,menu_enrichment,1
Pelvic Ultrasound So8 1811,mymeditravel_chaum_medical_center,1
PEMF & TECAR,menu_enrichment,1
PEMF Bed,menu_enrichment,1
PEMF Chair,menu_enrichment,1
Penile curvature correction (surgical treatment for Peyronie's disease),bookimed_longevity,1
Penile curvature correction (surgical treatment for Peyronie's disease),bookimed_longevity_turkey,1
Penile Girth Enhancement - Menspro MAX™,menu_enrichment,1
"Penile implant AMS 700™ (CX, LGX and related models) with Lifetime Surgical Support",bookimed_longevity,1
"Penile implant AMS 700™ (CX, LGX and related models) with Lifetime Surgical Support",bookimed_longevity_turkey,1
Penile implant Coloplast Titan with Lifetime Surgical Support,bookimed_longevity,1
Penile implant Coloplast Titan with Lifetime Surgical Support,bookimed_longevity_turkey,1
Penis Aesthetics Treatment,menu_enrichment,1
Penis Augmentation Bk 13760,mymeditravel_regenerative_thailand,1
Penis Enlargement,menu_enrichment,1
"Penis Enlargement Surgery by ISAPS-Certified Surgeon with 17,795+ Procedures",bookimed_longevity,1
Pentadeca Arginate (PDA),menu_enrichment,1
Pentadeca Arginate (PDA) - PDA,menu_enrichment,1
Peptide Consultation & Setup - one-time,menu_enrichment,1
Peptide Evaluation (General),menu_enrichment,1
Peptide Immunotherapy,menu_enrichment,1
Peptide Treatments,menu_enrichment,1
"Peptides Lab - CBC, CMP14, Lipid, TSH, IGF-1",menu_enrichment,1
Percutaneous Disc Nucleoplasty,menu_enrichment,1
Percutaneous Endoscopic Laser Discectomy (LASE),menu_enrichment,1
Percutaneous Nephrolithotomy (PCNL),bookimed_longevity,1
Percutaneous Nephrolithotomy (PCNL),bookimed_longevity_turkey,1
Perfect Amino,menu_enrichment,1
Perform & Recover IV Drip (Recovery & Performance),menu_enrichment,1
Performance & Fat Burn Stack - CJC-1295 + Ipamorelin + MOTS-C,menu_enrichment,1
Performance + Cognitive Optimization - Oxygen Chamber Protocol,menu_enrichment,1
Performance Enhancing Peptides,menu_enrichment,1
Performance Health Assessment,biohacking_map,1
Performance Lifestyle Coaching,menu_enrichment,1
Performance Max Wave Therapy - Performance Max Wave Therapy / LI-ESWT,menu_enrichment,1
Performance Optimization - Morris Method™,menu_enrichment,1
Performance Plan,menu_enrichment,1
Performance Recovery,menu_enrichment,1
Performance Recovery (Mobile) - Mobile,menu_enrichment,1
Performance Training / Medical Fitness Coaching,menu_enrichment,1
Perimenopause & Menopause,menu_enrichment,1
Perimenopause and Menopause Bio-Stack Package,menu_enrichment,1
Perinatal and Postpartum Mood Disorders Therapy,menu_enrichment,1
Perinatal Support Group,menu_enrichment,1
Perineoplasty Bk 14667,mymeditravel_regenerative_thailand,1
Perineural Injection Therapy,menu_enrichment,1
Perineural Therapy,menu_enrichment,1
Peripheral artery disease (PAD) treatment,menu_enrichment,1
Peripheral Artery Disease (PAD) Treatment,menu_enrichment,1
Peripheral Artery Disease Screening,menu_enrichment,1
Peripheral Nerve Block,menu_enrichment,1
Peripheral Nerve Blocks,menu_enrichment,1
Peripheral Nerve Stimulation (PNS),menu_enrichment,1
"Peripheral Nerve Stimulation for Occipital Neuralgia, Postherpetic Neuralgia, and Post-Hernia Repair Pain",menu_enrichment,1
Peripheral Nerve Stimulator Trial,menu_enrichment,1
Peripheral Nerve Surgery,menu_enrichment,1
"Peripheral Nerve, Cranial Nerve, and Plexus Blockade",menu_enrichment,1
Peripheral Neuropathy,menu_enrichment,1
Perm Polish Manicure,menu_enrichment,1
Permanent Make-Up,menu_enrichment,1
Permanent Makeup,menu_enrichment,1
Permanent Partial Disability Ratings,menu_enrichment,1
Person-centered Therapy,menu_enrichment,1
Personal Care Aide,menu_enrichment,1
Personal concierge service,biohacking_map,1
Personal Health Planning,menu_enrichment,1
Personal Injury Chiropractic Care,menu_enrichment,1
Personal Injury Therapy,menu_enrichment,1
Personal Injury Treatment,menu_enrichment,1
Personal Spray Tan,menu_enrichment,1
Personal training,menu_enrichment,1
Personal Training & Transitional Care,menu_enrichment,1
Personalized Anti-Aging Protocols,menu_enrichment,1
Personalized Fitness Programs,menu_enrichment,1
Personalized Healthcare Plans,menu_enrichment,1
Personalized Quantum Healing Space Session,menu_enrichment,1
Personalized Supplements,menu_enrichment,1
Personalized Weight Management,menu_enrichment,1
Pessary Fitting and Insertion,menu_enrichment,1
PET,menu_enrichment,1
Pet Therapy,menu_enrichment,1
PET-CT Scan,world_longevity_clinics,1
PET-CT with Gallium-68 (DOTA) Scan for Neuroendocrine Tumors in Turkey,bookimed_longevity,1
PET-CT with Gallium-68 (DOTA) Scan for Neuroendocrine Tumors in Turkey,bookimed_longevity_turkey,1
PET/CT Scan with Oncologist Consultation — Translation Included,bookimed_longevity,1
PET/CT Scan with Oncologist Consultation — Translation Included,bookimed_longevity_turkey,1
Peyronie's Disease Treatment,menu_enrichment,1
PGS/PGD,menu_enrichment,1
PhalloFILL® Girth Enhancement - PhalloFILL®,menu_enrichment,1
Pharmacogenomic Testing,menu_enrichment,1
Pharmacy,menu_enrichment,1
Pharmacy Services,menu_enrichment,1
Phlebotomy Services,menu_enrichment,1
Phlebotomy Technician Training,menu_enrichment,1
Phone Consult,menu_enrichment,1
Phosphatidylcholine IV Treatment,menu_enrichment,1
Photo Dynamic Therapy for Macular Degeneration,menu_enrichment,1
Photo Facial,menu_enrichment,1
Photobiomodulation,menu_enrichment,1
Photobiomodulation,world_longevity_clinics,1
PhotoBioModulation 10 Session Package,menu_enrichment,1
PhotoBioModulation 20 Session Package,menu_enrichment,1
PhotoBioModulation 30 Session Package,menu_enrichment,1
PhotoBioModulation Monthly Membership,menu_enrichment,1
PhotoBioModulation Single Session,menu_enrichment,1
Photodynamic LED Therapy - Omnilux,menu_enrichment,1
Photodynamic Therapy,menu_enrichment,1
Photodynamic Therapy For Skin Problems Pa 1566,mymeditravel_regenerative_thailand,1
Photofractional Laser,menu_enrichment,1
Photogenesis Rosacea Treatment,menu_enrichment,1
Photorefractive Keratectomy Prk Bk 13150,mymeditravel_regenerative_thailand,1
Physiatrist Services,menu_enrichment,1
Physiatry,menu_enrichment,1
Physical Equilibrium,menu_enrichment,1
"Physical Exam - With Dr. Lee, Dr. Wallace, or Dr. Cogan",menu_enrichment,1
Physical Examinations,menu_enrichment,1
Physical rehabilitation center,biohacking_map,1
Physical Rehabilitation Therapy,menu_enrichment,1
Physical Therapy / Rehabilitation,menu_enrichment,1
Physical Therapy Bk 13195,mymeditravel_regenerative_thailand,1
Physical Therapy Bk 14376,mymeditravel_regenerative_thailand,1
Physical Therapy Consultation Bk 14163,mymeditravel_regenerative_thailand,1
Physical Therapy Cr 31,mymeditravel_regenerative_thailand,1
Physical Therapy for Urinary Incontinence,menu_enrichment,1
Physical Therapy Ph 1524,mymeditravel_regenerative_thailand,1
Physical Therapy Ph 845,mymeditravel_regenerative_thailand,1
Physical Therapy Services,menu_enrichment,1
Physical Therapy Treatment,menu_enrichment,1
Physical Therapy Tu2 1256,mymeditravel_regenerative_turkey,1
Physical Therapy Tu3 75,mymeditravel_regenerative_turkey,1
Physical Therapy Visit,menu_enrichment,1
Physical Therapy/Rehabilitation,menu_enrichment,1
Physical Therapy/Sports Medicine,menu_enrichment,1
Physicals,menu_enrichment,1
Physicals & Annual Check Ups,menu_enrichment,1
Physicals for Work and School,menu_enrichment,1
Physician assistant,biohacking_map,1
Physiotherapy consultation - 1-hour,menu_enrichment,1
Physiotherapy consultation home visit - 1-hour,menu_enrichment,1
Pico Carbon Laser Facial - PicoSure,menu_enrichment,1
Pico Genesis Enlighten,menu_enrichment,1
Pico Rejuvenation Facial,menu_enrichment,1
PicoSure Full Face Revitalization - PicoSure,menu_enrichment,1
PicoSure Tattoo Removal - PicoSure®,menu_enrichment,1
PicoWay Resolve,menu_enrichment,1
Pigmentation,menu_enrichment,1
Pigmentation & Rosacea Treatment,menu_enrichment,1
Pigmentation - Face & Neck - Aerolase,menu_enrichment,1
Pigmentation - Face - Aerolase,menu_enrichment,1
Pilates - 30 Minute Private Session,menu_enrichment,1
Pilates - Cours collectif,menu_enrichment,1
Pilates - Cours individuel,menu_enrichment,1
Pilates - Cours pré-collectif,menu_enrichment,1
Pilates - One Hour Private Session,menu_enrichment,1
Pilates consultation - 1-hour,menu_enrichment,1
Pilates Therapy,menu_enrichment,1
Pillowise,menu_enrichment,1
Pink Breathwork Yoga Mat,menu_enrichment,1
Pink Lotus Breast Treatment,menu_enrichment,1
Pink Lotus Yoga Mat,menu_enrichment,1
PinPointe Laser for Onychomycosis - PinPointe FootLaser,menu_enrichment,1
Pinpointe Laser For Onychomycosis - PinPointe FootLaser,menu_enrichment,1
Pixel/Laser Skin Resurfacing,menu_enrichment,1
Placental Matrix Therapy - Placental Matrix,menu_enrichment,1
Plagiocephaly and Brachiocephaly Treatment,menu_enrichment,1
Planiti Biostimulation — 10cc PLLA for 1-Year Collagen Stimulation,bookimed_longevity,1
Planiti Biostimulation — 10cc PLLA for 1-Year Collagen Stimulation,bookimed_longevity_thailand,1
Plant + Botanical Medicine,menu_enrichment,1
Plantar Warts Treatment,menu_enrichment,1
Plaquex (Phosphatidylcholine) IV,menu_enrichment,1
Plasma & Gel Injections,menu_enrichment,1
Plasma A2M,menu_enrichment,1
Plasma Exchange - Therapeutic Plasma Exchange,menu_enrichment,1
Plasma Fibroblast Therapy,menu_enrichment,1
Plasma IO,menu_enrichment,1
Plasma Joint Injections,menu_enrichment,1
Plasma Scalp Injection,menu_enrichment,1
Plasmapheresis,bookimed_longevity,1
Plastic Surgery,istanbul_med_assist_stem_cell_longevity,1
Plastic Surgery,meditrip_seoul,1
Plastic Surgery,turkey_healthcare_group_regenerative,1
Plastic Surgery Consultation Bk 14411,mymeditravel_regenerative_thailand,1
Platelet Lysate,menu_enrichment,1
Platelet Rich Plasma Facial Rejuvenation,menu_enrichment,1
Platelet Rich Plasma Hair Restoration,menu_enrichment,1
Platelet-Lysate,menu_enrichment,1
Platelet-Rich Plasma For Aging Skin,menu_enrichment,1
Platelet-Rich Plasma Therapy,menu_enrichment,1
Platinum Body Sculpt Package,menu_enrichment,1
"Platinum Chair - Platinum Series, 40"" x 18""",menu_enrichment,1
Platinum Elite Membership - Elite optimisation,menu_enrichment,1
Platinum Hydrafacial,menu_enrichment,1
Platinum Hydrafacial - Hydrafacial,menu_enrichment,1
Platinum Membership - Optimisation membership,menu_enrichment,1
Platinum Package,menu_enrichment,1
Platinum Series PEMF Far Infrared Heating Mat - Platinum Series,menu_enrichment,1
Platinum STD Screening Package,bookimed_longevity,1
Platinum STD Screening Package,bookimed_longevity_thailand,1
Play Therapy Approach,menu_enrichment,1
Play Therapy for Children,menu_enrichment,1
PLC Reconstruction,menu_enrichment,1
PNF,menu_enrichment,1
PNOE Metabolic Testing,menu_enrichment,1
PNOĒ,menu_enrichment,1
PNOĒ Metabolic Testing,menu_enrichment,1
Podiatric Surgery,menu_enrichment,1
Podiatry - Arthritis,menu_enrichment,1
Podiatry - Foot Pain,menu_enrichment,1
Podiatry - Foot Trauma,menu_enrichment,1
Podiatry - Heel Pain,menu_enrichment,1
Podiatry - Ingrown Toenails,menu_enrichment,1
Podiatry - Neuroma,menu_enrichment,1
Podiatry - Neuropathy,menu_enrichment,1
Podiatry - Plantar Fasciitis,menu_enrichment,1
Podiatry Consultation,menu_enrichment,1
Podiatry Services,menu_enrichment,1
Podiatry Surgery,menu_enrichment,1
Point of care testing,menu_enrichment,1
PolarCap Concussion Therapy,menu_enrichment,1
Polyamory / Open Relationship Therapy,menu_enrichment,1
Polygenic Risk Scoring,world_longevity_clinics,1
Polymyositis Treatment,menu_enrichment,1
Polynucleotides,menu_enrichment,1
Polynucleotides for Hair Regeneration,menu_enrichment,1
Polynucleotides For Skin,menu_enrichment,1
Polysomnography (PSG),menu_enrichment,1
Poor Posture,menu_enrichment,1
"Porcelain Veneer (1 Unit) for a Natural-Looking Hollywood Smile — 5★ Hotel, 5 Nights",bookimed_longevity_korea,1
Pore Perfect Facial,menu_enrichment,1
Pornography Addiction,menu_enrichment,1
Port Wine Stain Treatment,menu_enrichment,1
"Portable Mat - 20"" x 20""",menu_enrichment,1
"Poseidon™ Nanosilver Hydrogel - Poseidon™ Nanosilver Hydrogel, 1 oz",menu_enrichment,1
"Poseidon™ Nanosilver Hydrogel - Poseidon™ Nanosilver Hydrogel, 3 oz",menu_enrichment,1
Poseidon™ Nanosilver Hydrogel Tube - Poseidon™ Nanosilver Hydrogel Tube,menu_enrichment,1
Positive Psychology,menu_enrichment,1
Post Covid-19 Treatment,menu_enrichment,1
Post Fracture Rehabilitation,menu_enrichment,1
Post Hip/Knee Replacement Physical Therapy,menu_enrichment,1
Post Operation Massage,menu_enrichment,1
Post Operative Rehabilitation,menu_enrichment,1
Post Surgery Massage,menu_enrichment,1
Post Surgery Rehabilitation,menu_enrichment,1
Post Surgical Rehab,menu_enrichment,1
Post-Car Accident Therapy,menu_enrichment,1
Post-Discharge Exercise Programs,menu_enrichment,1
Post-Injection Rehab,menu_enrichment,1
POST-OP Lymphatic Drainage,menu_enrichment,1
Post-Op Lymphatic Drainage,menu_enrichment,1
Post-Op Recovery Lymphatic Drainage,menu_enrichment,1
Post-Surgical Physical Therapy,menu_enrichment,1
Post-Surgical Recovery,menu_enrichment,1
Post-Surgical Rehab,menu_enrichment,1
Post-Surgical Rehabilitation,menu_enrichment,1
Post-Travel Recovery Package,menu_enrichment,1
Post-Workout Recovery Massage,menu_enrichment,1
Posterior Heel Spur,menu_enrichment,1
Postpartum Depression Treatment,menu_enrichment,1
Postpartum Healing Session,menu_enrichment,1
Postpartum Therapy,menu_enrichment,1
Postural Correction,menu_enrichment,1
Postural Dysfunction Treatment,menu_enrichment,1
Postural Reeducation and Posture Treatment,menu_enrichment,1
Postural Restoration,menu_enrichment,1
"Postural Therapy (Schroth) - Scoliosis, Kyphosis",menu_enrichment,1
Postural Therapy LYON method,menu_enrichment,1
Postural Therapy SEAS,menu_enrichment,1
Posture Analysis,menu_enrichment,1
Posture Evaluation,menu_enrichment,1
Posture Related Pain Treatment,menu_enrichment,1
Potenza RF Microneedling - Potenza,menu_enrichment,1
Pound Crusher - 1 Liter,menu_enrichment,1
Pound Crusher - Half Liter,menu_enrichment,1
Powder Brush In Vegan,menu_enrichment,1
Power Plasma,menu_enrichment,1
Power Plate Vibration Training,menu_enrichment,1
Power Surge - 1 Liter,menu_enrichment,1
Power Surge - Half Liter,menu_enrichment,1
Pre & Post-Surgery Rehab,menu_enrichment,1
Pre + Post-Op Care,menu_enrichment,1
Pre and Post Natal Rehabilitation,menu_enrichment,1
Pre Operative Clearances & Physicals,menu_enrichment,1
Pre Surgery Rehabilitation,menu_enrichment,1
Pre- and Post-Natal Facial,menu_enrichment,1
Pre-Consultation Record Review,menu_enrichment,1
Pre-Consultation Record Review - per practitioner,menu_enrichment,1
Pre-diabetes Classes - YMCA partnership,menu_enrichment,1
Pre-Diabetes Reversal Program,menu_enrichment,1
Pre-Employment Physical,menu_enrichment,1
Pre-Employment Screening,menu_enrichment,1
Pre-Natal & Pediatrics Chiropractic,menu_enrichment,1
Pre-Natal Massage,menu_enrichment,1
Pre-op Evaluation,menu_enrichment,1
Pre-op visits,menu_enrichment,1
Pre-Party IV Drip,menu_enrichment,1
Pre-Placement Examinations,menu_enrichment,1
Pre-Rehab and Post-Surgical Rehabilitation,menu_enrichment,1
Pre-Session Check-In Form,menu_enrichment,1
Pre-Surgery Physical Therapy,menu_enrichment,1
Pre-Travel Booster Package,menu_enrichment,1
Pre-Writing Strategies,menu_enrichment,1
Pre/Post-Op IV Infusion,menu_enrichment,1
Precise oncology examination: High Quality Gastroscopy and Colonoscopy,bookimed_longevity,1
Precision Examination: Stereotactic Deep Brain Electrode Implantation and SEEG Monitoring for Patients of All Ages (Infants to Adults),bookimed_longevity,1
Precision Nerve Injections,menu_enrichment,1
Preferred Pricing on Wellness Products,menu_enrichment,1
Pregnancy & Postpartum Care,menu_enrichment,1
Pregnancy Care,menu_enrichment,1
Pregnancy Chiropractic,menu_enrichment,1
Pregnancy Test,menu_enrichment,1
Pregnancy Testing,menu_enrichment,1
Pregnancy Ultrasound So8 1846,mymeditravel_chaum_medical_center,1
Premature Ejaculation Treatment - Menspro RISE™,menu_enrichment,1
Premier Care Membership,menu_enrichment,1
Premier Contour Facial,menu_enrichment,1
Premier Program,menu_enrichment,1
PREMIUM 150 MILLION COMPREHENSIVE STEM CELL PACKAGE,bookimed_longevity,1
Premium Aesthetics Surgery - Mommy makeover with Mentor® MemoryGel® breast implants All Included,bookimed_longevity,1
Premium Aesthetics Surgery - Mommy makeover with Mentor® MemoryGel® breast implants All Included,bookimed_longevity_turkey,1
Premium All-Inclusive Scoliosis (Spinal Deformity) Correction Surgery Package,bookimed_longevity,1
Premium All-Inclusive Scoliosis (Spinal Deformity) Correction Surgery Package,bookimed_longevity_turkey,1
Premium Blepharoplasty (Eyelid correction) All Included,bookimed_longevity,1
Premium Blepharoplasty (Eyelid correction) All Included,bookimed_longevity_turkey,1
Premium Blepharoplasty (Eyelid correction) All Included for Both Eyes,bookimed_longevity,1
Premium Blepharoplasty (Eyelid correction) All Included for Both Eyes,bookimed_longevity_turkey,1
Premium Breast Augmentation with Fat Transfer All Included,bookimed_longevity_turkey,1
Premium Breast augmentation with Motiva® round gel breast implant All Included,bookimed_longevity,1
Premium Breast augmentation with Motiva® round gel breast implant All Included,bookimed_longevity_turkey,1
Premium Check up,bookimed_longevity,1
Premium Concierge Medicine Program,menu_enrichment,1
Premium Facelift All Included,bookimed_longevity,1
Premium Facelift All Included,bookimed_longevity_turkey,1
Premium Gastric Balloon with MedSil™ — 2 Nights Stay & Airport Transfer Included,bookimed_longevity,1
Premium Gastric Balloon with MedSil™ — 2 Nights Stay & Airport Transfer Included,bookimed_longevity_turkey,1
Premium Gastric sleeve surgery (Sleeve gastrectomy) All Included,bookimed_longevity,1
Premium Gastric sleeve surgery (Sleeve gastrectomy) All Included,bookimed_longevity_turkey,1
"Premium Gastric Sleeve Surgery by Surgeon with 1,100+ Procedures — VIP Transfer",bookimed_longevity,1
"Premium Gastric Sleeve Surgery by Surgeon with 1,100+ Procedures — VIP Transfer",bookimed_longevity_turkey,1
Premium Hair transplant (2000-4500 Grafts) All Included,bookimed_longevity,1
Premium Hair transplant (2000-4500 Grafts) All Included,bookimed_longevity_turkey,1
Premium Health Check-up with Cancer Markers — Translation & Transfer Included,bookimed_longevity,1
Premium Health Check-up with Cancer Markers — Translation & Transfer Included,bookimed_longevity_turkey,1
Premium IVF Package at JCI-Accredited Hospital — VIP Transfer Included,bookimed_longevity,1
Premium IVF Package at JCI-Accredited Hospital — VIP Transfer Included,bookimed_longevity_turkey,1
Premium Labiaplasty All Included,bookimed_longevity,1
Premium Labiaplasty All Included,bookimed_longevity_turkey,1
Premium Package – Corneal Transplant in Barcelona,bookimed_longevity,1
Premium Penile Girth Enhancment & Lenghtening with Peniflex,bookimed_longevity,1
Premium Penile Girth Enhancment & Lenghtening with Peniflex,bookimed_longevity_turkey,1
Premium Penile implant surgery with Rigicon All Included,bookimed_longevity,1
Premium Penile implant surgery with Rigicon All Included,bookimed_longevity_turkey,1
Premium Plan - Monthly,menu_enrichment,1
Premium Plan - Yearly,menu_enrichment,1
Premium Rhinoplasty (nose job) All Included,bookimed_longevity,1
Premium Rhinoplasty (nose job) All Included,bookimed_longevity_turkey,1
Premium Session at 1.5ATA - 1.5 ATA Hyperbaric Chamber,menu_enrichment,1
Premium Teeth Cleaning for Healthy Gums & Fresh Breath — 4★ Hotel,bookimed_longevity,1
Premium Tummy tuck All Included,bookimed_longevity,1
Premium Tummy tuck All Included,bookimed_longevity_turkey,1
Prenatal / Postnatal Chiropractic,menu_enrichment,1
Prenatal / Pregnancy / Fertility IV Drip - 500ml,menu_enrichment,1
Prenatal IV Treatment,menu_enrichment,1
Prenatal Massage (Nurture Within) - Nurture Within,menu_enrichment,1
Prenatal Massage - 60 minutes,menu_enrichment,1
Prenatal Massage - 60/90 minutes,menu_enrichment,1
Prenatal Massage - 90 minutes,menu_enrichment,1
Prenatal Replenish IV,menu_enrichment,1
Preoperative evaluations,menu_enrichment,1
Preoperative Risk Assessment,menu_enrichment,1
Prescription Drugs Addiction Treatment,menu_enrichment,1
"Prescription Oral Appetite Suppressant - Current Patient - Phentermine, Phendimetrazine or Diethylpropion",menu_enrichment,1
"Prescription Oral Appetite Suppressant - New Patient - Phentermine, Phendimetrazine or Diethylpropion",menu_enrichment,1
Prescription Renewal,menu_enrichment,1
Prescription Weight Loss Medications - GLP-1 medications,menu_enrichment,1
Prescriptions,menu_enrichment,1
Presidential Body Scan,menu_enrichment,1
Pressotherapy,menu_enrichment,1
Pressure Point Release - Medical Massage,menu_enrichment,1
Pressure Ulcers Treatment,menu_enrichment,1
Prestige Membership,menu_enrichment,1
Preventative Healthcare,menu_enrichment,1
Preventative Medicine,menu_enrichment,1
Preventative therapy and disease prevention,menu_enrichment,1
Prevention & Wellness,menu_enrichment,1
"Prevention, Maintenance & Wellness Programs",menu_enrichment,1
Preventive & Primary Care,menu_enrichment,1
Preventive care,menu_enrichment,1
Preventive Care and Disease Management,menu_enrichment,1
Preventive Health Consultations,menu_enrichment,1
Preventive Immunology Care,menu_enrichment,1
Preventive Medicine,menu_enrichment,1
Preventive Medicine including Vaccination,menu_enrichment,1
Preventive Screenings,menu_enrichment,1
Preventive services,menu_enrichment,1
PRF & EZ Gel,menu_enrichment,1
PRF Facial Rejuvenation,menu_enrichment,1
PRF Hair Restoration,menu_enrichment,1
PRF Platelet Rich Fibrin,menu_enrichment,1
PRFM,menu_enrichment,1
Priapus Shot (P-Shot),menu_enrichment,1
Price per ingredient,menu_enrichment,1
Primary Care and Family Medicine,menu_enrichment,1
Primary Care Appointments,menu_enrichment,1
Primary Care Doctor,menu_enrichment,1
Primary Care for Healthy Aging,menu_enrichment,1
Primary Care New Patient Evaluation,menu_enrichment,1
"Primary Care Office Visit - Non-Member, In-Person",menu_enrichment,1
Primary Care Physicians,menu_enrichment,1
Primary Care Services,menu_enrichment,1
Prime Performance - 1 Liter,menu_enrichment,1
Prime Performance - Half Liter,menu_enrichment,1
Primitive Total Wellness Set - Bundle Offer,menu_enrichment,1
Private GP referral service - Referral and FREE follow-up consultation,menu_enrichment,1
Private HealthBridge Fitness Center,menu_enrichment,1
Private Healthcare Consultation,menu_enrichment,1
Private Prescription,menu_enrichment,1
Private Prescription Renewal,menu_enrichment,1
Private Training Session,menu_enrichment,1
"Private Yoga Session - In Home, 60 minutes",menu_enrichment,1
Pro Power Peel,menu_enrichment,1
Procell Microchanelling,menu_enrichment,1
Procell Microchanneling,menu_enrichment,1
ProCell Microchanneling,menu_enrichment,1
Procell Therapies Microchanneling,menu_enrichment,1
Procell Therapies Microchanneling - Package of 4,menu_enrichment,1
"Procell Therapies Microchanneling - Procell, Individual",menu_enrichment,1
"Procell Therapies Microchanneling - Procell, Package of 4",menu_enrichment,1
Professional Athletic Performance Center,menu_enrichment,1
Professional Laser Teeth Whitening for a Brighter Smile — 5★ Hotel,bookimed_longevity_korea,1
Professional Makeup Consultation,menu_enrichment,1
Professional Pharmaceutical Grade Supplements,menu_enrichment,1
Professional Supervision,menu_enrichment,1
Professional Supervision and Community Education,menu_enrichment,1
Profound RF - Profound RF,menu_enrichment,1
Progesterone - Hormonal Health,menu_enrichment,1
Programme de coaching perte de poids par le jeûne - Bye bye surpoids par le jeûne,menu_enrichment,1
"Programming for facilities, communities or special events",menu_enrichment,1
Prolotherapy / Prolozone - 1 area,menu_enrichment,1
Prolotherapy / Prolozone - for each additional area,menu_enrichment,1
Proprioceptive Neuromuscular Facilitation (PNF),menu_enrichment,1
Prostate Artery Embolization (PAE),menu_enrichment,1
Prostate Biopsy So8 1870,mymeditravel_chaum_medical_center,1
Prostate Cancer Treatment Bk 14371,mymeditravel_regenerative_thailand,1
Prostate screening,menu_enrichment,1
Prostate Ultrasound So8 208,mymeditravel_chaum_medical_center,1
Protection + Energetic Armor Ritual,menu_enrichment,1
PRX Derm Perfexion,menu_enrichment,1
PRX Derm Perfexion - PRX Derm Perfexion,menu_enrichment,1
Präventionsmedizin,menu_enrichment,1
PSMA PET/CT Scan for Prostate Cancer with Oncologist Consultation,bookimed_longevity,1
PSMA PET/CT Scan for Prostate Cancer with Oncologist Consultation,bookimed_longevity_turkey,1
Psychiatric Evaluation,menu_enrichment,1
Psychiatric Medication Follow-up Appointment,menu_enrichment,1
Psychiatric Medication Initial Appointment,menu_enrichment,1
Psychiatry,menu_enrichment,1
Psychiatry and Mental Health Services,menu_enrichment,1
"Psychiatry/Medication Management - First Session (Self-Pay) - All other states, initial session",menu_enrichment,1
"Psychiatry/Medication Management - Subsequent Sessions (Self-Pay) - All other states, follow-up",menu_enrichment,1
"Psychiatry: Comprehensive Assessment & Evaluation, Medication management, Crisis Services",menu_enrichment,1
Psychodynamic Approach,menu_enrichment,1
Psychological Services,menu_enrichment,1
Psychological Testing,menu_enrichment,1
Psychoneurological specialized clinic,biohacking_map,1
Psychosocial and Psychological Evaluations,menu_enrichment,1
Psychotherapy for Immigrants,menu_enrichment,1
Psychotherapy Services,menu_enrichment,1
PT Membership,menu_enrichment,1
PT-141 - Sexual Health,menu_enrichment,1
PT-141 Peptide - PT-141,menu_enrichment,1
PT141 for Female Sexual Health,menu_enrichment,1
PT141 for Male Sexual Health,menu_enrichment,1
PTSD & Trauma Treatment,menu_enrichment,1
PTSD Treatments,menu_enrichment,1
Public Education Program - PEP,menu_enrichment,1
Pulmonary Function Test,menu_enrichment,1
Pulmonary Function Test (PFT),menu_enrichment,1
Pulmonary Function Testing (Spirometry),menu_enrichment,1
Pulmonary Testing,menu_enrichment,1
Pulmonology,menu_enrichment,1
Pulse Electromagnetic Field Therapy,menu_enrichment,1
Pulsed Electromagnetic Field Therapy,menu_enrichment,1
"Pulsetto Vagus Nerve Stimulation Device - Electrical VNS, app-guided",menu_enrichment,1
"Pulsetto Vagus Nerve Stimulation Device - For Stress, Anxiety & Better Sleep",menu_enrichment,1
PulseWAVE RX for ED,menu_enrichment,1
Pur-C (Sodium Ascorbate) - Highest Bioavailability,menu_enrichment,1
Pure Detox with Glutathione,menu_enrichment,1
PureO2 Facial,menu_enrichment,1
Purest Restorative Facial,menu_enrichment,1
Purify and Glow Ritual (Clarifying Facial) - Purify and Glow Ritual,menu_enrichment,1
Purifying Facial,menu_enrichment,1
Péptidos: La Nueva Era de la Longevidad (Spanish edition) - Protocol Guide,menu_enrichment,1
Q-Switch Laser,menu_enrichment,1
Qi Gong,menu_enrichment,1
Qigong,menu_enrichment,1
Quality Guarantee,menu_enrichment,1
Quantum Energy Shift,menu_enrichment,1
Quantum Healing Hypnosis Course,menu_enrichment,1
Quantum Healing Hypnosis Session,menu_enrichment,1
Quantum Healing Hypnosis Technique (QHHT),menu_enrichment,1
Quantum Light Bed (ARRC),menu_enrichment,1
Quantum Light Bed - 20 min,menu_enrichment,1
Quantum RF,menu_enrichment,1
Quench,menu_enrichment,1
Quench IV Infusion,menu_enrichment,1
Quick Sculpting Concierge,menu_enrichment,1
Quick Sculpting: Combination Permanent Fat Reduction,menu_enrichment,1
QUTENZA for Nerve Pain - QUTENZA,menu_enrichment,1
QWO Cellulite Treatment,menu_enrichment,1
R1SE TV Annual,menu_enrichment,1
R1SE TV Monthly,menu_enrichment,1
R1SE TV Quarterly,menu_enrichment,1
Radial Shock Wave Therapy,menu_enrichment,1
Radiance IV Drip,menu_enrichment,1
Radiance IV Drip (Inner Beauty),menu_enrichment,1
Radiance Mini Facial,menu_enrichment,1
Radiation Injury Treatment,menu_enrichment,1
Radiation Oncology,menu_enrichment,1
Radiesse Gold,menu_enrichment,1
Radiesse Hand Injections,menu_enrichment,1
Radiesse Jawline Contouring,menu_enrichment,1
Radiesse Platinum,menu_enrichment,1
Radiesse Treatment,menu_enrichment,1
Radio Frequency,menu_enrichment,1
Radio Frequency Ablation,menu_enrichment,1
Radio Frequency Microneedling,menu_enrichment,1
Radio Frequency Rhizotomy,menu_enrichment,1
Radio-frequency Therapy,menu_enrichment,1
Radiofrequency,menu_enrichment,1
Radiofrequency Ablation (RFA),menu_enrichment,1
Radiofrequency Ablation for spine,menu_enrichment,1
Radiofrequency Ablation Treatment,menu_enrichment,1
Radiofrequency Microneedling,menu_enrichment,1
Radiofrequency Nerve Ablation,menu_enrichment,1
Radiology - Lenox Hill Radiology,menu_enrichment,1
Radiosurgery Cancer Treatment So8 1851,mymeditravel_chaum_medical_center,1
Radiotherapy So8 1852,mymeditravel_chaum_medical_center,1
"Rainbow Chair - Rainbow Chakra Series, 53"" x 18""",menu_enrichment,1
"Rainbow Chair - Rainbow Chakra Series, 57"" x 18""",menu_enrichment,1
Rainbow Chakra Series PEMF Far Infrared Heating Mat - Rainbow Chakra Series,menu_enrichment,1
Rainbow Facial,menu_enrichment,1
"Rainbow Mat - Rainbow Chakra Series, 40"" x 20"" 3rd edition",menu_enrichment,1
"Rainbow Mat - Rainbow Chakra Series, 74"" x 28"" 3rd edition",menu_enrichment,1
"Rainbow Mat - Rainbow Chakra Series, 74"" x 28"" 4th edition",menu_enrichment,1
Rapamycin,biohacking_map,1
Rapamycin,menu_enrichment,1
Rapid Antigen Test,menu_enrichment,1
Rapid lab tests & screenings,menu_enrichment,1
"Rapid lab tests & screenings - COVID-19, STDs, HIV, strep, pregnancy, etc.",menu_enrichment,1
Rapid Recovery IV,menu_enrichment,1
Rapid Recovery Sports Massage,menu_enrichment,1
Rapid Release,menu_enrichment,1
Rapé Ceremony,menu_enrichment,1
Rashes,menu_enrichment,1
RE:SET Frequency Therapy,menu_enrichment,1
Reach Out and Read Program,menu_enrichment,1
Reboot,menu_enrichment,1
Reboot IV Infusion - Hangover Remedy,menu_enrichment,1
Recharge Plan,menu_enrichment,1
Records for Court,menu_enrichment,1
Recover & Perform,menu_enrichment,1
Recovery & Performance,menu_enrichment,1
Recovery & Performance IV,menu_enrichment,1
Recovery & Performance IV Infusion,menu_enrichment,1
Recovery & Results,menu_enrichment,1
Recovery - Oxygen Chamber Protocol,menu_enrichment,1
"Recovery Drip - Lactated Ringers, B-Complex",menu_enrichment,1
Recovery IV Drip,menu_enrichment,1
"Recovery IV Drip (Deluxe) - Deluxe, 500ml",menu_enrichment,1
"Recovery IV Drip (Signature) - Signature, 500ml",menu_enrichment,1
Recovery Modalities,menu_enrichment,1
Recovery Panel - DexaFit,menu_enrichment,1
Recovery Performance Drip IV Infusion,menu_enrichment,1
Recovery Residence,menu_enrichment,1
Recovery Session,menu_enrichment,1
Recovery Spa Therapies,world_longevity_clinics,1
RecoveryCare,menu_enrichment,1
Recreational Therapy,menu_enrichment,1
Recurring 4-Class Pack - 4 classes per month,menu_enrichment,1
Recurring 8-Class Pack - 8 classes per month,menu_enrichment,1
Red Light Bed,menu_enrichment,1
Red Light Facial - 10 min,menu_enrichment,1
Red Light Helmet - 5 min,menu_enrichment,1
Red Light Yoga Flow,menu_enrichment,1
RED Membership,menu_enrichment,1
Redensity - Redensity,menu_enrichment,1
Redness,menu_enrichment,1
Redness & Rosacea Relief Treatment,menu_enrichment,1
Redness and Broken Blood Vessel Treatment,menu_enrichment,1
Redness Reducing Facial / Hyper Sensitive Rosacea Skin,menu_enrichment,1
Reduction & Corrective Mammoplasty,menu_enrichment,1
Reduction Rhinoplasty,menu_enrichment,1
Refer a friend or family member gift card - Skinny Raven Sports Gift Card,menu_enrichment,1
Referral coordination,menu_enrichment,1
Referral Credit,menu_enrichment,1
Referral Program Credit,menu_enrichment,1
Referrals to Specialists,menu_enrichment,1
Reflection Classic Facial - 60-minute,menu_enrichment,1
Reflex Integration Programs,menu_enrichment,1
Reflex Integration Therapy,menu_enrichment,1
Reflexologist,biohacking_map,1
Reflexology - 20 minutes embedded into 90-minute service,menu_enrichment,1
"Reflexology - Hands and Feet, 30/60 minutes",menu_enrichment,1
Reformer Pilates,menu_enrichment,1
Refresh Package - Aromatherapy,menu_enrichment,1
Regenerative Anti-Aging,menu_enrichment,1
Regenerative Cell Therapy,menu_enrichment,1
Regenerative Cellular Tissue,menu_enrichment,1
Regenerative Injections,menu_enrichment,1
Regenerative Medicine,istanbul_stem_cell_aging,1
Regenerative Medicine,longevity_suite_istanbul_biohacking,1
Regenerative medicine,menu_enrichment,1
Regenerative Medicine,turkey_healthcare_group_regenerative,1
Regenerative Medicine - Neuroregeneration,menu_enrichment,1
Regenerative Medicine - Regenerative IV Infusions,menu_enrichment,1
Regenerative Medicine - Regenerative Joint & Back Procedures,menu_enrichment,1
Regenerative Medicine Consultation,menu_enrichment,1
Regenerative Orthopedics,menu_enrichment,1
Regenerative Protocol - Foundational protocol,menu_enrichment,1
Regenerative Systems,menu_enrichment,1
Regenerative Therapy And Injections,menu_enrichment,1
Regenerative Treatments,menu_enrichment,1
Regenerative Wellness Planning,menu_enrichment,1
Regenerative Wound Care,menu_enrichment,1
Regenexx Procedures - Foot & Ankle,menu_enrichment,1
Regenexx Procedures - Hip,menu_enrichment,1
Regenexx Procedures - Knee,menu_enrichment,1
Regenexx SCP Super Concentrated Platelet Rich Plasma & Platelet Lysate Procedures,menu_enrichment,1
Regenexx-SD Bone Marrow Concentrate,menu_enrichment,1
"Regicoin 3-Piece Inflatable Penile Prosthesis (Infla10® X) — Expert Urologist, 4*Hotel & Transfer",bookimed_longevity,1
"Regicoin 3-Piece Inflatable Penile Prosthesis (Infla10® X) — Expert Urologist, 4*Hotel & Transfer",bookimed_longevity_turkey,1
Registered Dietitian Consultation,menu_enrichment,1
Regular Facial,menu_enrichment,1
Regular Manicure,menu_enrichment,1
Regular Pedicure,menu_enrichment,1
Rehab & Exercise,menu_enrichment,1
REHAB Velvet Liquid Lipstick,menu_enrichment,1
Rehabilitation,menu_enrichment,1
Rehabilitation and PT,menu_enrichment,1
Rehabilitation Ph 846,mymeditravel_regenerative_thailand,1
Rehabilitation Therapy,menu_enrichment,1
Rehabilitative Ultrasonography (RUSI),menu_enrichment,1
Reiki & Bio-Energy Healing,menu_enrichment,1
Reiki & Crystal Energy Healing - 75 min,menu_enrichment,1
Reiki & Sound Healing,menu_enrichment,1
Reiki - with Christina Trefurt,menu_enrichment,1
Reiki - with Lynda Ferrara,menu_enrichment,1
Reiki / Shamanic Energy Healing,menu_enrichment,1
"Reiki Level 1 Training Certification - 1:1 training, 6 hours total",menu_enrichment,1
"Reiki Level 1 Training Certification - small group training, 6 hours total",menu_enrichment,1
Reiki Session - 60 min,menu_enrichment,1
Reiki Sound Healing,menu_enrichment,1
Reiki Therapeutic Touch and Sound Healing - 1 hour,menu_enrichment,1
Reiki therapist,biohacking_map,1
Reinvent & Restore,menu_enrichment,1
Reishi,menu_enrichment,1
Reishi - 90 Capsules,menu_enrichment,1
Rejuran - Rejuran,menu_enrichment,1
Rejuran i,menu_enrichment,1
Rejuvapen / Microneedling,menu_enrichment,1
Rejuve Manicure,menu_enrichment,1
Rejuvenating Facial,menu_enrichment,1
"Rejuvenation and Resurfacing - chemical peels, microdermabrasion, laser skin resurfacing",menu_enrichment,1
Relax And Restore Facial Massage,menu_enrichment,1
Relaxation,menu_enrichment,1
Relaxation and Rejuvenation - Icoone,menu_enrichment,1
Relaxation Massage,menu_enrichment,1
Relaxation Package,menu_enrichment,1
Relaxing Massage,menu_enrichment,1
ReLuma Anti-Aging Facial Serum - ReLuma,menu_enrichment,1
ReLuma Eye Lash Serum - ReLuma,menu_enrichment,1
ReLuma Facial Moisturizer - ReLuma,menu_enrichment,1
ReLuma Original Hair Serum - ReLuma,menu_enrichment,1
ReLuma Stem Cell Shampoo - ReLuma,menu_enrichment,1
ReLuma Under Eye Cream - ReLuma,menu_enrichment,1
Remedy Roller,menu_enrichment,1
Remedy Shot,menu_enrichment,1
RemedēMD Full Spectrum Hemp Extract,menu_enrichment,1
Remote Mobility Exams and Programming,menu_enrichment,1
Remote Patient Monitoring,menu_enrichment,1
Remote Vitals Tracking,menu_enrichment,1
Renewed Angel Package,menu_enrichment,1
ReOxy,menu_enrichment,1
ReOxy Adaptive Oxygen Therapy - ReOxy,menu_enrichment,1
Repechage Biolight Miracle Facial - Weekend (Fri-Sun),menu_enrichment,1
Repechage Biolight Miracle Facial - With Glyco-Sea Glycolic Peel,menu_enrichment,1
Repechage Hydra Dew Pure Moisturizing Lift Facial,menu_enrichment,1
Repechage Hydra Dew Pure Moisturizing Lift Facial - Weekend (Fri-Sun),menu_enrichment,1
Repechage Opti-Firm Eye Contouring Treatment,menu_enrichment,1
Repechage Opti-Firm Eye Contouring Treatment - Weekend (Fri-Sun),menu_enrichment,1
Repechage Vita Cura 5 Phase Firming Facial with Micropeel,menu_enrichment,1
Repechage Vita Cura 5 Phase Firming Facial with Micropeel - Weekend (Fri-Sun),menu_enrichment,1
Repetitive Stress Injuries,menu_enrichment,1
Replacement Controller for Sparkle Mats,menu_enrichment,1
Replenish & Relax IV Infusion - saline & B12,menu_enrichment,1
Reproductive Health,menu_enrichment,1
Reproductive Medicine Consultation So8 1859,mymeditravel_chaum_medical_center,1
Rescheduling Fee,menu_enrichment,1
Rescheduling fee for established patients,menu_enrichment,1
Rescheduling fee for new patients,menu_enrichment,1
Reset & Rejuvenate,menu_enrichment,1
Reshape Programme,menu_enrichment,1
Residential Program,menu_enrichment,1
Residential Substance Abuse Treatment,menu_enrichment,1
Resilience and Life Coaching,menu_enrichment,1
Respite Housing,menu_enrichment,1
Responsive Neurostimulation,menu_enrichment,1
Resserrage du bassin Rebozo,menu_enrichment,1
Restalyn,menu_enrichment,1
Resting Metabolic Rate,menu_enrichment,1
Resting Metabolic Rate (RMR) Test,menu_enrichment,1
Restorative Neurostimulation,menu_enrichment,1
"Restylane - Restylane Refyne, Defyne, Lyft",menu_enrichment,1
Restylane Contour - Restylane Contour,menu_enrichment,1
Restylane Kysse - Restylane Kysse,menu_enrichment,1
Restylane Lyft - Restylane Lyft,menu_enrichment,1
Restylane Refyne - Restylane Refyne,menu_enrichment,1
Restylane Silk - Restylane Silk,menu_enrichment,1
Restylane-L or Defyne Injection - Restylane-L or Defyne,menu_enrichment,1
Retatrutide,menu_enrichment,1
Retatrutide Weight Loss,menu_enrichment,1
Retina Surgery,menu_enrichment,1
Retinal Detachment Surgery (Vitrectomy) at JCI-Accredited Hospital — 3-Night Hotel Stay Included,bookimed_longevity,1
Retinal Detachment Surgery (Vitrectomy) at JCI-Accredited Hospital — 3-Night Hotel Stay Included,bookimed_longevity_turkey,1
Retreat center,biohacking_map,1
Return to Play Testing,menu_enrichment,1
Return to Sport Test,menu_enrichment,1
Return to Sport Testing,menu_enrichment,1
Return to Sport/Activity,menu_enrichment,1
Return To Work,menu_enrichment,1
Return to Work Evaluations and IME's,menu_enrichment,1
Return to Work Screenings,menu_enrichment,1
Return to Work Testing - Services for Workers Comp,menu_enrichment,1
Revanesse,menu_enrichment,1
Revanesse Lips+ - Revanesse Lips+,menu_enrichment,1
Revanesse Versa,menu_enrichment,1
Revanesse Versa - Revanesse Versa,menu_enrichment,1
Revanesse Versa Under Eye or Cheek - Revanesse Versa,menu_enrichment,1
Reverse Shoulder Replacement,menu_enrichment,1
Revision Knee Replacement,menu_enrichment,1
Revision Mammoplasty,menu_enrichment,1
Revision Skin Care Products - Revision Skincare,menu_enrichment,1
Revolutionizing Parkinson’s Treatment,bookimed_longevity,1
RF,menu_enrichment,1
RF Body Shaping - EndyMed RF shaper / mini-Shape,menu_enrichment,1
RF Microneedling Package,menu_enrichment,1
RF Microneedling with Exosomes,menu_enrichment,1
RF Microneedling with Exosomes for Hair,menu_enrichment,1
RF Microneedling with Exosomes for Skin,menu_enrichment,1
RF-Microneedling,menu_enrichment,1
RFA for Low Back or Neck Pain,menu_enrichment,1
RHA - RHA,menu_enrichment,1
RHA2,menu_enrichment,1
Rheumatoid Arthritis Treatment So8 1862,mymeditravel_chaum_medical_center,1
Rheumatologic Pain Management,menu_enrichment,1
Rheumatology Consultation So8 1863,mymeditravel_chaum_medical_center,1
Rhinoplasty,menu_enrichment,1
Rhinoplasty + Breast Augmentation with Motiva Implants — 5 Nights at Hotel,bookimed_longevity_korea,1
Rhinoplasty at Triple-Accredited Hospital— 5 Nights at 5★ Hotel & VIP Transfer,bookimed_longevity,1
Rhinoplasty at Triple-Accredited Hospital— 5 Nights at 5★ Hotel & VIP Transfer,bookimed_longevity_turkey,1
Rhinoplasty Bk 13204,mymeditravel_regenerative_thailand,1
Rhinoplasty Bk 14625,mymeditravel_regenerative_thailand,1
Rhinoplasty by ENT Specialist — Transfer & Hospital Stay Included,bookimed_longevity,1
Rhinoplasty by ENT Specialist — Transfer & Hospital Stay Included,bookimed_longevity_turkey,1
Rhinoplasty by ENT Specialist — Transfers & Full Pre-Op Testing,bookimed_longevity,1
Rhinoplasty by ENT Specialist — Transfers & Full Pre-Op Testing,bookimed_longevity_turkey,1
Rhinoplasty for for a Naturally Refined Look — 3D Scan & CT Included,bookimed_longevity,1
Rhinoplasty for for a Naturally Refined Look — 3D Scan & CT Included,bookimed_longevity_korea,1
Rhinoplasty for Natural-Looking Results by Professor — 5★ Hotel & VIP Transfer,bookimed_longevity,1
Rhinoplasty for Natural-Looking Results by Professor — 5★ Hotel & VIP Transfer,bookimed_longevity_turkey,1
Rhinoplasty So8 3549,mymeditravel_regenerative_southkorea,1
Rhinoplasty Tu2 1262,mymeditravel_regenerative_turkey,1
Rhinoplasty with 3D Planning for Precise Results — 6-Night Hotel Stay,bookimed_longevity,1
Rhinoplasty with 3D Planning for Precise Results — 6-Night Hotel Stay,bookimed_longevity_turkey,1
"Rhodiola Rosea - PURE Encapsulations, 90 Capsules",menu_enrichment,1
Rib Cryoablation for Metastatic Disease,menu_enrichment,1
Rife Therapy,menu_enrichment,1
Ringing in Ears Treatment,menu_enrichment,1
Rise and Shine IV - The Electrolyte Elixir,menu_enrichment,1
Risk Modification Programs,menu_enrichment,1
RMR (Resting Metabolic Rate) Test,menu_enrichment,1
RMR Metabolism Test - DexaFit,menu_enrichment,1
RMR/VO2,menu_enrichment,1
Robot-Assisted Laparoscopic Sacrocolpopexy (for Prolapse Surgery),bookimed_longevity,1
Robot-Assisted Laparoscopic Sacrocolpopexy (for Prolapse Surgery),bookimed_longevity_turkey,1
Robot-Assisted Laparoscopic Tubal Reanastomosis,bookimed_longevity,1
Robot-Assisted Laparoscopic Tubal Reanastomosis,bookimed_longevity_turkey,1
Robot-Assisted Laparoscopic Uretero-Neocystostomy (Unilateral),bookimed_longevity,1
Robot-Assisted Laparoscopic Uretero-Neocystostomy (Unilateral),bookimed_longevity_turkey,1
Robot-Assisted Retroperitoneal Cyst / Tumor Excision (Excluding Kidney and Adrenal Gland),bookimed_longevity,1
Robot-Assisted Retroperitoneal Cyst / Tumor Excision (Excluding Kidney and Adrenal Gland),bookimed_longevity_turkey,1
Robotic Bariatric Surgery,menu_enrichment,1
Robotic Da Vinci Prostatectomy at Turkey's First Smart JCI-Certified Hospital,bookimed_longevity,1
Robotic Da Vinci Prostatectomy at Turkey's First Smart JCI-Certified Hospital,bookimed_longevity_turkey,1
Robotic Da Vinci Prostatectomy with Pelvic Lymphadenectomy — Transfer Included,bookimed_longevity,1
Robotic Da Vinci Prostatectomy with Pelvic Lymphadenectomy — Transfer Included,bookimed_longevity_turkey,1
Robotic Knee Replacement,menu_enrichment,1
Robotic Partial Nephrectomy with Da Vinci System — Airport Transfer Included,bookimed_longevity,1
Robotic Partial Nephrectomy with Da Vinci System — Airport Transfer Included,bookimed_longevity_turkey,1
Robotic Pyeloplasty Surgery — JCI-Accredited Hospital with Transfer Included,bookimed_longevity,1
Robotic Pyeloplasty Surgery — JCI-Accredited Hospital with Transfer Included,bookimed_longevity_turkey,1
Robotic Surgery,menu_enrichment,1
Rock Spa Signature massage with Facial,menu_enrichment,1
Rock Tape,menu_enrichment,1
Roll Shaper (3 Sessions),menu_enrichment,1
Roll Shaper Single Session,menu_enrichment,1
Root Canal Bk 13155,mymeditravel_regenerative_thailand,1
Root Canal Cr 35,mymeditravel_regenerative_thailand,1
Root Canal Tu2 1245,mymeditravel_regenerative_turkey,1
Root Touch-Up,menu_enrichment,1
Roots,menu_enrichment,1
Roots Touch-Up,menu_enrichment,1
Rose Water Spray,menu_enrichment,1
Roslyn Salt Cave Crystal Massage - 50 minutes,menu_enrichment,1
Roslyn Salt Cave Reiki Massage - 80 minutes,menu_enrichment,1
"Roslyn Salt Cave Reiki Massage - in the salt cave, 80 minutes",menu_enrichment,1
Roslyn Salt Cave Signature Acupuncture + Infrared Therapy Combo - 55 minutes,menu_enrichment,1
Rotator Cuff,menu_enrichment,1
Rotator Cuff Injuries,menu_enrichment,1
Rotator Cuff Injuries Treatment,menu_enrichment,1
Rotator Cuff Repair,menu_enrichment,1
Rotator Cuff Surgery Tu3 64,mymeditravel_regenerative_turkey,1
Routine Check Up,menu_enrichment,1
Routine Check-ups,menu_enrichment,1
Routine Check-ups and Physicals,menu_enrichment,1
Routine Checkup,menu_enrichment,1
Routine Exams & Physicals,menu_enrichment,1
Routine Follow Up Visit,menu_enrichment,1
Routine Gynecological Exams,menu_enrichment,1
"Royal Eye Rejuvenation - Mesotherapy with hyaluronic acid, peptides, and antioxidants",menu_enrichment,1
"RSC Signature Couples Yoga, Sound Healing & Guided Meditation in the Salt Cave - 1 hour",menu_enrichment,1
RSC Signature Yoga - 60 minutes,menu_enrichment,1
RSC Transformative Experience Signature Hands on Healing - 2 hours,menu_enrichment,1
RSV Test,menu_enrichment,1
Rubimed Homeopathy,menu_enrichment,1
Runners Recovery Package,menu_enrichment,1
Running,menu_enrichment,1
Running & Gait Analysis,menu_enrichment,1
Running Rehab,menu_enrichment,1
Russian Interferential,menu_enrichment,1
Russian Lips,menu_enrichment,1
Réflexologie - 45 minutes,menu_enrichment,1
Réflexologie - 60 minutes,menu_enrichment,1
"Saccharomyces Boulardii - PURE Encapsulations, 30 capsules",menu_enrichment,1
Sacred Womb Oil,menu_enrichment,1
Sacro-iliac Joint Injection,menu_enrichment,1
Sacroiliac (SI) Joint,menu_enrichment,1
Sacroiliac Joint (SIJ) Fusion,menu_enrichment,1
Sacroiliac Joint Injection and Radiofrequency Ablation,menu_enrichment,1
Sacroiliac Joint Pain Treatment,menu_enrichment,1
Sacroiliac Joint Steroid Injection,menu_enrichment,1
Saline Infusion & Tubal Patency,menu_enrichment,1
Saline Infusions,menu_enrichment,1
Salmon DNA Microneedling - Salmon DNA,menu_enrichment,1
Salpingectomy,bookimed_longevity,1
Salpingectomy,bookimed_longevity_turkey,1
Salt + Light,menu_enrichment,1
Salt Therapy,menu_enrichment,1
Salt Therapy / Halotherapy,menu_enrichment,1
Same day sick appointments,menu_enrichment,1
Same Day Sick Visits,menu_enrichment,1
Same Week Appointments,menu_enrichment,1
Same-Day & Next-Day Sick Visits,menu_enrichment,1
Same-Day Sick Visits,menu_enrichment,1
Sand Tray Therapy,menu_enrichment,1
"Sanpiti Jin Wellbeing — Premium Stroke Rehabilitation Bangkok, Private Suite, Dedicated Physician, 3 Sessions/Day",bookimed_longevity,1
"Sanpiti Jin Wellbeing — Premium Stroke Rehabilitation Bangkok, Private Suite, Dedicated Physician, 3 Sessions/Day",bookimed_longevity_thailand,1
"Sapphire FUE Hair Transplant by Surgeon with 20,000+ Procedures — 5★ Hotel",bookimed_longevity_korea,1
"Sapphire FUE Hair Transplant — 4,500 Grafts & Lifetime Warranty",bookimed_longevity_korea,1
Sapphire FUE Hair Transplant — Maximum Grafts & Lifetime Warranty,bookimed_longevity_korea,1
SARS-COV-2 (COVID-19) Diagnostic Testing,menu_enrichment,1
Satya Incense Sticks,menu_enrichment,1
SAVOR Nutrition Program,menu_enrichment,1
Scalar Enhanced Chakra Stone Heart,menu_enrichment,1
Scalar Negative Ion Energy Suite (ZPPIS),menu_enrichment,1
Scaling And Root Planing Cr 41,mymeditravel_regenerative_thailand,1
Scalp Massage Add-On - Add On,menu_enrichment,1
Scalp massage treatment,menu_enrichment,1
Scalp Micropigmentation,menu_enrichment,1
Scalp Treatment,menu_enrichment,1
Scalp Treatment - HydraFacial Keravive,menu_enrichment,1
Scalp Treatment w/ Light Massage,menu_enrichment,1
Scar Treatment,menu_enrichment,1
Scar Treatment - Fotona,menu_enrichment,1
Scarlet RF Microneedling - Scarlet SRF,menu_enrichment,1
Scarlet SRF / Agnes RF,menu_enrichment,1
"Scars, Fibrosis and Adhesions - Icoone",menu_enrichment,1
Scheduling Fee (cancellation within 24 hours),menu_enrichment,1
Scheduling Fee (no-show without prior notice),menu_enrichment,1
Schizophrenia Inpatient Treatment in Adults,bookimed_longevity,1
Schizophrenia Inpatient Treatment in Adults,bookimed_longevity_turkey,1
School Sports Physical,menu_enrichment,1
Sciatic Nerve Block,menu_enrichment,1
Sclerotherapy for Spider Veins,menu_enrichment,1
Sclerotherapy Treatment,menu_enrichment,1
Sclerotherapy Treatment - Asclera (Polidocanol),menu_enrichment,1
Sclerotherapy Treatment - Sotradecol (Sodium Tetradecyl Sulfate),menu_enrichment,1
Scolibrace,menu_enrichment,1
Scoliosis Surgery Tu3 70,mymeditravel_regenerative_turkey,1
"Scoliosis Surgery with Stryker by Surgeon with 2,700+ Neurosurgery Cases Performed",bookimed_longevity,1
"Scoliosis Surgery with Stryker by Surgeon with 2,700+ Neurosurgery Cases Performed",bookimed_longevity_turkey,1
Scoliosis Treatment So8 1865,mymeditravel_chaum_medical_center,1
Scoliosis Treatment Tu3 71,mymeditravel_regenerative_turkey,1
Scrambler Therapy,menu_enrichment,1
Screening Mammograms - Komen grant program,menu_enrichment,1
Screening Ultrasound,menu_enrichment,1
ScroFill Touch-up - First 5 syringes,menu_enrichment,1
ScroFill Touch-up - Over 10 syringes (per additional syringe),menu_enrichment,1
ScroFill Touch-up - Second 5 syringes (per additional syringe),menu_enrichment,1
Scrotox,menu_enrichment,1
SCS Pain Relief,menu_enrichment,1
SculpSure,menu_enrichment,1
SculpSure - SculpSure,menu_enrichment,1
SculpSure Body Contouring - SculpSure,menu_enrichment,1
SculpSure Body Fat Reduction,menu_enrichment,1
Sculpt and Lift Facial,menu_enrichment,1
"Sculpt Pod Pro - 12 sessions, 30 minutes each",menu_enrichment,1
"Sculpt Pod Pro - 30 minutes, per session",menu_enrichment,1
"Sculpt Pod Pro - 6 sessions, 30 minutes each",menu_enrichment,1
Sculpting Face Lift Massage,menu_enrichment,1
Sculptra - Sculptra®,menu_enrichment,1
Sculptra Biostimulation for Collagen Production,bookimed_longevity,1
Sculptra Biostimulator for Long-Term Collagen Regeneration,bookimed_longevity,1
Sculptra Biostimulator for Long-Term Collagen Regeneration,bookimed_longevity_thailand,1
Sculptra Face Lifting,menu_enrichment,1
Sculptra For The Butt,menu_enrichment,1
Sculptra Injection,menu_enrichment,1
Sculptra® Skin - Sculptra®,menu_enrichment,1
"Sculptural Facials - Buccal Facial, 60-minute",menu_enrichment,1
Seasonal Foot Scrub,menu_enrichment,1
Seasonal Hydrating Facial,menu_enrichment,1
Seasonal Illness,menu_enrichment,1
Seaweed Facial,menu_enrichment,1
Seaweed Mask,menu_enrichment,1
Second Letter,menu_enrichment,1
Secret RF,menu_enrichment,1
Secret RF For Facial Rejuvenation - Secret™ RF,menu_enrichment,1
Secret RF For Neck Tightening - Secret™ RF,menu_enrichment,1
Secret RF Microneedling - Secret RF™,menu_enrichment,1
Secret RF Microneedling with Exosomes - Secret RF™,menu_enrichment,1
Seizure Disorders,menu_enrichment,1
Seizures Treatment,menu_enrichment,1
Selank,menu_enrichment,1
Selective Nerve Root Block,menu_enrichment,1
Self Pay Exam,menu_enrichment,1
Self-Care Retreat,menu_enrichment,1
Selphyller Gel PRF Treatment - EZ-Gel PRF,menu_enrichment,1
Semaglutide (GLP-1 RA) Therapy - Semaglutide,menu_enrichment,1
Semaglutide - Synthetic version of the GLP-1 hormone,menu_enrichment,1
Semaglutide - Weight Management,menu_enrichment,1
Semaglutide for Weight Loss - Semaglutide,menu_enrichment,1
Semaglutide Membership - Elite Weight Shredder,menu_enrichment,1
Semaglutide Membership - Semaglow Pro,menu_enrichment,1
Semaglutide Membership - SlimKick Start,menu_enrichment,1
Semaglutide Weight Loss - GLP-1,menu_enrichment,1
Semaglutide Weight Loss - Semaglutide (Ozempic/Wegovy),menu_enrichment,1
"Semaglutide Weight Loss Injection - Semaglutide, 1.25-2mg",menu_enrichment,1
"Semaglutide Weight Loss Injection - Semaglutide, 2.25-2.5mg",menu_enrichment,1
"Semaglutide Weight Loss Injection - Semaglutide, Higher dosing tier",menu_enrichment,1
"Semaglutide Weight Loss Injection - Semaglutide, Up to 1mg",menu_enrichment,1
Semaglutide Weight Loss Treatment,menu_enrichment,1
Semaglutide Weightloss,menu_enrichment,1
Semax,menu_enrichment,1
Semi Private Personal Training,menu_enrichment,1
Semi-Permanent Makeup,menu_enrichment,1
Semi-Private (4 People),menu_enrichment,1
Semi-Private Training (4 People) - Train with the Founder,menu_enrichment,1
Senior & Elderly Care,menu_enrichment,1
Senior Foot Care,menu_enrichment,1
Senior Scholars,menu_enrichment,1
Senior Wellness Programs - Fitness and Wellness,menu_enrichment,1
Senolytic therapy,menu_enrichment,1
"Sensate 2 Vagus Nerve Stimulation Device - For Stress, Anxiety & Better Sleep",menu_enrichment,1
"Sensate 2 Vagus Nerve Stimulation Device - Infrasonic vibration VNS, app-guided",menu_enrichment,1
Sensitive Calm Ritual (Soothing Facial) - Sensitive Calm Ritual,menu_enrichment,1
Sensitive Skin Facial,menu_enrichment,1
Sensory Integration Therapy,menu_enrichment,1
Sensory Processing,menu_enrichment,1
Sensory Processing Programs,menu_enrichment,1
Separation and Divorce Therapy,menu_enrichment,1
Septoplasty & Rhinoplasty with Pre-Surgery Nose Modeling — 5 Nights at 4★ Hotel & VIP Transfer,bookimed_longevity_korea,1
Septoplasty for Improved Breathing — 5★ Hotel & Free Translation Service,bookimed_longevity,1
Septoplasty for Improved Breathing — 5★ Hotel & Free Translation Service,bookimed_longevity_turkey,1
Serenity IV,menu_enrichment,1
Sermorelin - GH release support,menu_enrichment,1
Sermorelin - Longevity & Anti-Aging,menu_enrichment,1
"Sermorelin - Oral & Subcutaneous, Per Month",menu_enrichment,1
Sermorelin / GH Growth Hormone - Sermorelin,menu_enrichment,1
Sermorelin Therapy - Sermorelin,menu_enrichment,1
Service Add-ons,menu_enrichment,1
SetPoint Therapy,menu_enrichment,1
Sex Addiction,menu_enrichment,1
Sex Therapy,menu_enrichment,1
Sexual Health / Vaginal and Intimate Wellness,menu_enrichment,1
Sexual Health Enhancement,menu_enrichment,1
"Sexual Health Optimization Add-On - Tadalafil, 90 tablets of 20 mg (across 3 months)",menu_enrichment,1
Sexual Transmitted Infection Counseling,menu_enrichment,1
Sexual Wellness,menu_enrichment,1
Sexual Wellness & Intimate Health,menu_enrichment,1
Sexual Wellness Optimization,menu_enrichment,1
Sexually Transmitted Infections (STIs) Testing,menu_enrichment,1
Sexually-transmitted diseases treatment,menu_enrichment,1
"Shamanic Reiki Session Package - with asha, 3 sessions",menu_enrichment,1
SHAPEDOWN Weight Loss Program for Children - SHAPEDOWN®,menu_enrichment,1
Sharp Debridement,menu_enrichment,1
Shaving Add-On,menu_enrichment,1
Shield IV Infusion,menu_enrichment,1
Shiftwave,menu_enrichment,1
Shimmer Lipgloss In Clear Shimmer,menu_enrichment,1
Shin Splints,menu_enrichment,1
"SHINE Protocol - Sleep, Hormones, Infection control, Nutrition, and Exercise",menu_enrichment,1
Shiny Shimmer Lipgloss in Neutral By Young & Aging Skin,menu_enrichment,1
Shockwave (EPAT),menu_enrichment,1
Short Consultation (for prescription changes),menu_enrichment,1
Short Notes / Letters,menu_enrichment,1
Shortwave Diathermy - Richmar TheraTouch DX2,menu_enrichment,1
Shoulder Arthroplasty Tu3 61,mymeditravel_regenerative_turkey,1
Shoulder Arthroplasty Tu5 808,mymeditravel_regenerative_turkey,1
Shoulder Arthroscopy Tu5 809,mymeditravel_regenerative_turkey,1
Shoulder Arthroscopy/Procedures,menu_enrichment,1
Shoulder Care,menu_enrichment,1
Shoulder Disorders,menu_enrichment,1
Shoulder Impingements,menu_enrichment,1
Shoulder Injections,menu_enrichment,1
Shoulder Joint Replacement Surgery,menu_enrichment,1
Shoulder Pain Relief,menu_enrichment,1
Shoulder Rejuvenation,menu_enrichment,1
Shoulder Replacement,menu_enrichment,1
Shoulder surgery,menu_enrichment,1
Shoulder Tendonitis/Bursitis,menu_enrichment,1
Shoulder treatment,menu_enrichment,1
Shoulder Treatments,menu_enrichment,1
SI Joint Fusion,menu_enrichment,1
SI Joint Pain Treatment,menu_enrichment,1
SIBO Testing,menu_enrichment,1
Sibshops,menu_enrichment,1
Sick Patient Care,menu_enrichment,1
Side Burns Waxing,menu_enrichment,1
"Signature ""Eye"" Got You Advanced Dark Circle Eye Treatment - Signature",menu_enrichment,1
Signature - Physician-led program,menu_enrichment,1
Signature Circulation,menu_enrichment,1
Signature DMK Treatment,menu_enrichment,1
Signature Head Spa,menu_enrichment,1
Signature Hydrafacial,menu_enrichment,1
Signature Hydrafacial - Hydrafacial,menu_enrichment,1
Signature HydraFacial MD,menu_enrichment,1
Signature injection,menu_enrichment,1
Signature Meditate Head Spa - 60 Minute Head Spa + 15 Min Scalp Analysis + 10 Min Blow Dry,menu_enrichment,1
"Signature Package - ESPA Signature Massage Package, 70 min",menu_enrichment,1
Signature Package - Herbal Foot Massage,menu_enrichment,1
Signature Program,menu_enrichment,1
Signature Reiki Facial,menu_enrichment,1
Signature Relaxation Deluxe,menu_enrichment,1
Signature Royal Classic Facial,menu_enrichment,1
Signature Skincuress Facial,menu_enrichment,1
Signature Sports Massage,menu_enrichment,1
"Signature Tag, Not It! Skin Tag & Benign Mole Removal - Signature",menu_enrichment,1
Signature The 3C's Non-Chemical Deep Peel - Signature,menu_enrichment,1
Silver Body Sculpt Package,menu_enrichment,1
Silver Membership,menu_enrichment,1
Silver Membership - Foundational membership,menu_enrichment,1
Silver Package,menu_enrichment,1
Silver Plus Package,menu_enrichment,1
Simple PTSD Treatment Plan Checklist,menu_enrichment,1
Simple Thymectomy,bookimed_longevity,1
Simple Thymectomy,bookimed_longevity_turkey,1
"Singing Bowls for Beginners - À La Carte Course, 40 hours",menu_enrichment,1
Single Incision Surgery,menu_enrichment,1
Single Ingredient High-Density Colostrum - Advanced BioCell's,menu_enrichment,1
Single Session Red Light,menu_enrichment,1
Sinus Infections,menu_enrichment,1
Sinus Lift Tu2 1247,mymeditravel_regenerative_turkey,1
"Sinusitis, Itching, Allergies",menu_enrichment,1
Sit up Hyperbaric Chamber with Screen - 1.5 ATA,menu_enrichment,1
Sit up Hyperbaric Chamber with Screen Hire - 1.5 ATA,menu_enrichment,1
Sjogren Treatment,menu_enrichment,1
Sjogren's Syndrome Treatment,menu_enrichment,1
Skin & Scar Resurfacing,menu_enrichment,1
Skin and Hair Rejuvination,menu_enrichment,1
Skin Boost IV Drip - Skin Boost,menu_enrichment,1
"Skin Booster - Rejuran, Exosome",menu_enrichment,1
"Skin booster, Injections",menu_enrichment,1
Skin Brightening,menu_enrichment,1
Skin Brightening (Mobile) - Mobile,menu_enrichment,1
Skin Cancer Surgery So8 350,mymeditravel_chaum_medical_center,1
Skin Care Products,menu_enrichment,1
Skin Clinic,menu_enrichment,1
Skin Conditions,menu_enrichment,1
Skin Conditions Liquid Nitrogen Treatment,menu_enrichment,1
Skin Firming - Icoone,menu_enrichment,1
Skin Glow Tinted Veil Mineral Moisturescreen SPF-50,menu_enrichment,1
Skin Grafting,menu_enrichment,1
Skin Health,menu_enrichment,1
Skin IV Drip - B Vitamins,menu_enrichment,1
Skin Laser,menu_enrichment,1
Skin Lightening So8 3566,mymeditravel_regenerative_southkorea,1
Skin Pigment Removal - StarWalker PQX,menu_enrichment,1
Skin Prick (Scratch) Test - Skin prick testing,menu_enrichment,1
Skin Product Consultation,menu_enrichment,1
Skin Radiance Protocol - 40 Sessions,menu_enrichment,1
Skin Regeneration Using DEP Technology,menu_enrichment,1
Skin Rejuvenation - Face + Neck - Aerolase,menu_enrichment,1
Skin Rejuvenation - Face - Aerolase,menu_enrichment,1
"Skin Rejuvenation - Face, Neck & Chest - Aerolase",menu_enrichment,1
Skin Rejuvenation - Morpheus 8,menu_enrichment,1
Skin Rejuvenation - RF Microneedling,menu_enrichment,1
Skin Rejuvenation Services,menu_enrichment,1
Skin Rescue Facial,menu_enrichment,1
Skin Restoring Natural Acid Or Enzyme Peel Facial,menu_enrichment,1
Skin Resurfacing Laser,menu_enrichment,1
Skin Substitute,menu_enrichment,1
Skin Tag and Cherry Angioma Removal,menu_enrichment,1
Skin Testing for Allergies,menu_enrichment,1
Skin Tightening & Body Contouring,menu_enrichment,1
Skin Tightening & Body Contouring - Tightsculpting,menu_enrichment,1
Skin Tightening & Body Contouring - Venus Versa,menu_enrichment,1
Skin Tightening - Morpheus8,menu_enrichment,1
Skin Tightening - Pellevé,menu_enrichment,1
Skin Tightening - Thermage,menu_enrichment,1
Skin Tightening - Ultherapy,menu_enrichment,1
Skin Tightening - Venus Freeze,menu_enrichment,1
Skin Tightening - Venus Viva Diamond Polar,menu_enrichment,1
Skin Tightening - Xerf,menu_enrichment,1
Skin Tightening Treatment Ph 838,mymeditravel_regenerative_thailand,1
Skin Tightening Treatment So8 3567,mymeditravel_regenerative_southkorea,1
Skin Tone Repair,menu_enrichment,1
Skin-Clinic Consultation,menu_enrichment,1
Skinbooster,menu_enrichment,1
Skinbooster & Mesotherapie,menu_enrichment,1
Skinbooster - Skinvive™,menu_enrichment,1
SKINBRIGHT - HydraFacialMD + Chemical Peel,menu_enrichment,1
SkinCeuticals Products - SkinCeuticals,menu_enrichment,1
SKINCLEAR - Micropeel + Blue LED Light,menu_enrichment,1
SKINFIRM - Microneedling + HB5,menu_enrichment,1
SkinFix: DSE Peel + Microneedling,menu_enrichment,1
SKINLUXE - Custom Mask + CE Ferulic,menu_enrichment,1
SkinMedica Skin Care,menu_enrichment,1
Skinny Shot,menu_enrichment,1
Skinny Shot - Lipotropic injection,menu_enrichment,1
Skinny Shots Pack,menu_enrichment,1
SkinPen Microneedling - SkinPen®,menu_enrichment,1
SkinScope - LED diagnostic,menu_enrichment,1
SKINSMOOTH - LED Micropeel + Phyto Corrective Gel,menu_enrichment,1
SkinSol Hydrafacial (First Experience),menu_enrichment,1
SkinSol Toning Laser,menu_enrichment,1
SkinTyte,menu_enrichment,1
SkinVive,menu_enrichment,1
Skinvive by Juvederm - Skinvive by Juvederm,menu_enrichment,1
Skull Base Tumor Surgery with Neuronavigation & Neuromonitoring — 6 Nights Stay,bookimed_longevity,1
Skull Base Tumor Surgery with Neuronavigation & Neuromonitoring — 6 Nights Stay,bookimed_longevity_turkey,1
Sleep & Stress Reduction Sessions,menu_enrichment,1
Sleep Add-On - Add On,menu_enrichment,1
Sleep Apnea & Snoring,menu_enrichment,1
Sleep Apnea Treatment,menu_enrichment,1
Sleep Better Package,menu_enrichment,1
Sleep Clinic,menu_enrichment,1
Sleep Disorders,menu_enrichment,1
Sleep Disorders Treatment,menu_enrichment,1
Sleep Health,menu_enrichment,1
Sleep Panel - DexaFit,menu_enrichment,1
Sleep Problems Treatment,menu_enrichment,1
Sleep Quality Enhancement,menu_enrichment,1
"Sleeve: Knee, Ankle, Elbow, Leg",menu_enrichment,1
Slide Cupping,menu_enrichment,1
"Slim Shot - B12, MIC, L-Carnitine",menu_enrichment,1
Slim+ Membership,menu_enrichment,1
Slimming Infrared Body Wrap,menu_enrichment,1
SLU-PP-332 - SLU-PP-332,menu_enrichment,1
Small Bone Osteotomy at JCI-Accredited Hospital — Transfer & Follow-up Included,bookimed_longevity,1
Small Bone Osteotomy at JCI-Accredited Hospital — Transfer & Follow-up Included,bookimed_longevity_turkey,1
Small Fiber Neuropathy,menu_enrichment,1
Small Group Training,menu_enrichment,1
Small Joint Arthrodesis Surgery — JCI-Accredited Hospital with Transfer,bookimed_longevity,1
Small Joint Arthrodesis Surgery — JCI-Accredited Hospital with Transfer,bookimed_longevity_turkey,1
Smoking Cessation,menu_enrichment,1
"Smoking Cessation Package - Includes ear seeds, 10 sessions",menu_enrichment,1
SmoothEye,menu_enrichment,1
Snow Bright,menu_enrichment,1
Snow White IV Kit,menu_enrichment,1
Soak Off,menu_enrichment,1
Sober Housing,menu_enrichment,1
Social Skills,menu_enrichment,1
Social welfare center,biohacking_map,1
Socio-esthétique (ateliers),menu_enrichment,1
"Soft Hyperbaric Chamber - Apex 32 - 1.5 ATA, up to 7 PSI",menu_enrichment,1
"Soft Hyperbaric Chamber - Forward 90 - 1.5 ATA, up to 7 PSI",menu_enrichment,1
"Soft Hyperbaric Chamber - Heal 40 - 1.4 ATA, up to 5.8 PSI, wheelchair accessible",menu_enrichment,1
Soft Tissue & Manual Therapy,menu_enrichment,1
Soft Tissue Infections Treatment,menu_enrichment,1
Soft Tissue Injections,menu_enrichment,1
Soft Tissue Mobilization,menu_enrichment,1
Soft Tissue Radionecrosis Treatment,menu_enrichment,1
Soft Tissue Therapy,menu_enrichment,1
Soft Tissue Ultrasound,menu_enrichment,1
Softwave Therapy,menu_enrichment,1
Softwave Therapy - Softwave,menu_enrichment,1
SoftWave Therapy - SoftWave,menu_enrichment,1
SoftWave Tissue Regeneration Technology (TRT) - SoftWave,menu_enrichment,1
Softwave Tissue Regeneration Therapy - Consult and Initial Treatment - Softwave TRT,menu_enrichment,1
Softwave TRT – Tissue Regeneration Technologies - SoftWave,menu_enrichment,1
"Sofwave Skin Tightening - Sofwave, per area",menu_enrichment,1
Solo 60 Minute Session - Chamber L,menu_enrichment,1
Solo 60 Minute Session - Chamber S,menu_enrichment,1
"Solo 60 Minute Sessions - Chamber L, 10 Sessions",menu_enrichment,1
"Solo 60 Minute Sessions - Chamber L, 20 Sessions",menu_enrichment,1
"Solo 60 Minute Sessions - Chamber L, 5 Sessions",menu_enrichment,1
"Solo 60 Minute Sessions - Chamber S, 10 Sessions",menu_enrichment,1
"Solo 60 Minute Sessions - Chamber S, 20 Sessions",menu_enrichment,1
"Solo 60 Minute Sessions - Chamber S, 5 Sessions",menu_enrichment,1
Solo 90 Minute Session - Chamber L,menu_enrichment,1
Solo 90 Minute Session - Chamber S,menu_enrichment,1
"Solo 90 Minute Sessions - Chamber L, 10 Sessions",menu_enrichment,1
"Solo 90 Minute Sessions - Chamber L, 20 Sessions",menu_enrichment,1
"Solo 90 Minute Sessions - Chamber L, 5 Sessions",menu_enrichment,1
"Solo 90 Minute Sessions - Chamber S, 10 Sessions",menu_enrichment,1
"Solo 90 Minute Sessions - Chamber S, 20 Sessions",menu_enrichment,1
"Solo 90 Minute Sessions - Chamber S, 5 Sessions",menu_enrichment,1
Solution-focused Therapy,menu_enrichment,1
Somatic Breath Work,menu_enrichment,1
Somatic Facial,menu_enrichment,1
SomatoEmotional Release Therapy,menu_enrichment,1
Sonoelastography,menu_enrichment,1
Sonography,menu_enrichment,1
Soother IV Infusion,menu_enrichment,1
Soothing & Repairing,menu_enrichment,1
Soothing Mama Pregnancy,menu_enrichment,1
Sophrologie,menu_enrichment,1
Sore Throat,menu_enrichment,1
SOTHYS Facial - SOTHYS,menu_enrichment,1
Soul & Energy ReSET Session - 2-2.5 hour session,menu_enrichment,1
Soul Care,menu_enrichment,1
Soul Realignment® & Akashic Record Readings,menu_enrichment,1
"Soul Series - Collaborative - Sound Bath + Reiki, Sound Bath + Acupuncture, 90 min, drop-in",menu_enrichment,1
"Soul Series - Single Practitioner - Sound Bath, Gong Bath, Shamanic Journey, Elemental Breathwork, Sacred Breathwork, The Breathing Room, 90-120 min, drop-in",menu_enrichment,1
Soulfully You Discovery Call - 15-minute call,menu_enrichment,1
Sound Bath for Businesses,menu_enrichment,1
Sound Bath for Couples,menu_enrichment,1
Sound Bath Healing,menu_enrichment,1
"Sound Bath Training - 100-Hour Self-Paced Certification, 100 hours",menu_enrichment,1
Sound Healing - Single Session,menu_enrichment,1
Sound Healing - Three sessions,menu_enrichment,1
Sound Healing Add-On - Add On,menu_enrichment,1
Sound Healing Business Training - À La Carte Course,menu_enrichment,1
"Sound Healing Certification Training — New York - 3-day hands-on intensive in Brooklyn, 3 days",menu_enrichment,1
"Sound Healing for Beginners - À La Carte Course, 40 hours",menu_enrichment,1
"Sound Healing Teacher Training - 200-Hour Self-Paced Certification, 200 hours",menu_enrichment,1
Spa Facial Massage,menu_enrichment,1
Spa Facials & Chemical Peels,menu_enrichment,1
Spa Membership,menu_enrichment,1
Spa Parties & Group Bookings,menu_enrichment,1
Spa Pedicure,menu_enrichment,1
Spa Relaxation Session,menu_enrichment,1
Space Rental for Events,menu_enrichment,1
SPACE Training for Parents,menu_enrichment,1
Spartacus package,bookimed_longevity,1
Spartacus package,bookimed_longevity_turkey,1
Spay & Neuter,menu_enrichment,1
Spear On-Call,menu_enrichment,1
Special Event Medical Services,menu_enrichment,1
Special Tuesday/Wednesday Customized Facial,menu_enrichment,1
Specialized Modality Guidance - Clinical Consultation,menu_enrichment,1
Specialty Facials,menu_enrichment,1
Specialty Massage,menu_enrichment,1
"Specialty Targeted Lab Panels - Gut, mold, food sensitivity, toxins",menu_enrichment,1
Speech & Feeding Therapy,menu_enrichment,1
Sperm bank,biohacking_map,1
Spermidine,menu_enrichment,1
Sphenopalatine Blockade and Pulsed Radiofrequency Therapy,menu_enrichment,1
Spider Vein Therapy - Member Price,menu_enrichment,1
Spider Vein Therapy - Vasculaze,menu_enrichment,1
Spider Vein Treatment,menu_enrichment,1
Spider Veins Treatment Tu4 3159,mymeditravel_regenerative_turkey,1
Spinal & Postural Screenings,menu_enrichment,1
Spinal Adjustments & Manipulation,menu_enrichment,1
Spinal Column Stimulators,menu_enrichment,1
Spinal Cord Injury Rehabilitation Program — Advanced 3D Imaging & VIP Transfer Included,bookimed_longevity,1
Spinal Cord Injury Rehabilitation Program — Advanced 3D Imaging & VIP Transfer Included,bookimed_longevity_turkey,1
Spinal Cord Stimulation (Neuromodulation),menu_enrichment,1
Spinal Cord Stimulation - SCS,menu_enrichment,1
Spinal Cord Stimulation Trials,menu_enrichment,1
Spinal Cord Stimulator,menu_enrichment,1
Spinal Cord Stimulator Implant,menu_enrichment,1
Spinal Cord Stimulator Implantation by Deep Brain Stimulation Expert — 5★ Hotel & VIP Transfer,bookimed_longevity,1
Spinal Cord Stimulator Implantation by Deep Brain Stimulation Expert — 5★ Hotel & VIP Transfer,bookimed_longevity_turkey,1
Spinal Cord Stimulator Trial,menu_enrichment,1
Spinal Decompression Therapy for Sciatica Pain,menu_enrichment,1
Spinal Decompression/Traction,menu_enrichment,1
Spinal Decompressions,menu_enrichment,1
Spinal Disc Herniation Treatment So8 1866,mymeditravel_chaum_medical_center,1
Spinal Disc Herniation Treatment Tu3 73,mymeditravel_regenerative_turkey,1
Spinal Injections,menu_enrichment,1
Spinal Manipulation & Adjustment,menu_enrichment,1
Spinal Orthopedic Rehabilitation,menu_enrichment,1
Spinal Stabilization Exercises,menu_enrichment,1
Spinal Stenosis,menu_enrichment,1
Spinal Stenosis Treatment,menu_enrichment,1
Spinal Stenosis Treatment Tu3 74,mymeditravel_regenerative_turkey,1
Spinal Surgery Consultation So8 1868,mymeditravel_chaum_medical_center,1
Spinal Traction,menu_enrichment,1
Spine & Joint Injections,menu_enrichment,1
Spine Care,menu_enrichment,1
Spine Implantation,menu_enrichment,1
Spine Injections,menu_enrichment,1
Spine Pain,menu_enrichment,1
Spine Pain Management,menu_enrichment,1
Spine Related Back Pain,menu_enrichment,1
Spine Surgery Bk 13172,mymeditravel_regenerative_thailand,1
Spine Treatment,menu_enrichment,1
Spine X-Ray,menu_enrichment,1
SpineJack,menu_enrichment,1
Spiritual Coaching,menu_enrichment,1
"Spiritual Counseling - Soul Session, 1:1, 60 minutes",menu_enrichment,1
Spirometry,menu_enrichment,1
Spirometry Lung Test,menu_enrichment,1
Splanchnic Nerve Block and Neurolysis,menu_enrichment,1
"Splinting, Taping, Strapping",menu_enrichment,1
Spondylolisthesis,menu_enrichment,1
Spondylosis,menu_enrichment,1
"SporeBiotic - Nordic Health, 60 Capsules",menu_enrichment,1
Sports Advantage Package,menu_enrichment,1
Sports Assessments - Fitness and Wellness,menu_enrichment,1
Sports club,biohacking_map,1
Sports Concussion Care,menu_enrichment,1
Sports Manual Therapy,menu_enrichment,1
Sports Massage (Athlete's Rebalance) - Athlete's Rebalance,menu_enrichment,1
Sports Massage - 60 minutes,menu_enrichment,1
Sports Massage - 60/90 minutes,menu_enrichment,1
Sports Massage - 90 minutes,menu_enrichment,1
Sports medicine,menu_enrichment,1
Sports Medicine & Athlete Care,menu_enrichment,1
Sports Medicine & Orthopedics,menu_enrichment,1
Sports Medicine & Rehabilitation,menu_enrichment,1
Sports Medicine Rehabilitation,menu_enrichment,1
Sports Mental Performance Consultation,menu_enrichment,1
Sports Physical,menu_enrichment,1
Sports Physical Therapy / Rehab,menu_enrichment,1
Sports Physiotherapy,menu_enrichment,1
Sports Recovery Package,menu_enrichment,1
Sports Related Injuries Treatment,menu_enrichment,1
Sports-Specific Tissue Mobilization,menu_enrichment,1
Spotless Peel,menu_enrichment,1
Sprains,menu_enrichment,1
Spravato (Esketamine) Nasal Spray - Spravato,menu_enrichment,1
Spravato Treatment - Spravato (esketamine),menu_enrichment,1
Spravato® Treatment,menu_enrichment,1
Spray Tan - Limited Time Offer - Spray Tan,menu_enrichment,1
Spray Tan Annual - Spray Tan,menu_enrichment,1
Spray Tan Membership - Spray Tan,menu_enrichment,1
Spray Tan Visit - Spray Tan,menu_enrichment,1
Spray Tanning,menu_enrichment,1
"Spray Tanning - VersaSpa Spray Booth, Unlimited per month",menu_enrichment,1
Spray Tans,menu_enrichment,1
SPRINT,menu_enrichment,1
SQT Bio-Microneedling Facial,menu_enrichment,1
Stabilink Peripheral Nerve Stimulator,menu_enrichment,1
Standard Follow-Up - 45 minutes,menu_enrichment,1
Standard Microneedling (Face),menu_enrichment,1
Standard Session - Monoplace hard shell hyperbaric chamber,menu_enrichment,1
Standard Therapy Session - per session,menu_enrichment,1
Starter Membership,menu_enrichment,1
Starter Package - Cellular Reset 1 - Cellular Reset 1,menu_enrichment,1
STD Testing and Treatment,menu_enrichment,1
"Stellar Experience - 3 treatments, use in 10 days, new customers only",menu_enrichment,1
Stellate Blockade,menu_enrichment,1
Stellate Ganglion Block (SGB),menu_enrichment,1
Stellate Ganglion Blocks,menu_enrichment,1
Stem Cell Banking,biohacking_map,1
Stem Cell Banking,menu_enrichment,1
Stem Cell Face Complex,menu_enrichment,1
Stem Cell Facial,menu_enrichment,1
Stem Cell for Facial Rejuvenation Package,bookimed_longevity,1
Stem Cell for Facial Rejuvenation Package,bookimed_longevity_thailand,1
Stem Cell for Herniated Disc,menu_enrichment,1
Stem Cell for Joint Pain,menu_enrichment,1
Stem Cell for Low Back Pain,menu_enrichment,1
Stem Cell for Men's Health Package,bookimed_longevity,1
Stem Cell for Men's Health Package,bookimed_longevity_thailand,1
Stem Cell for Neck Pain,menu_enrichment,1
Stem Cell for Sciatica,menu_enrichment,1
Stem Cell for Women's Health Package,bookimed_longevity,1
Stem Cell for Women's Health Package,bookimed_longevity_thailand,1
Stem Cell Hair Restoration with Exosomes — VIP Transfer & Recovery,bookimed_longevity,1
Stem Cell Hand Rejuvenation,menu_enrichment,1
Stem Cell Injury Treatments,menu_enrichment,1
Stem Cell IV Hydration,menu_enrichment,1
Stem Cell Joint Regeneration Package,bookimed_longevity,1
Stem Cell Joint Regeneration Package,bookimed_longevity_thailand,1
Stem Cell Joint Treatment,menu_enrichment,1
Stem Cell Neck and Décolletage Rejuvenation,menu_enrichment,1
Stem Cell Peptide Facial,menu_enrichment,1
Stem Cell Rejuvenation by EBOPRAS-Certified Surgeon with 15+ Years' Expertise — Transfer Included,bookimed_longevity,1
Stem Cell Rejuvenation by EBOPRAS-Certified Surgeon with 15+ Years' Expertise — Transfer Included,bookimed_longevity_turkey,1
Stem Cell Rejuvenation Package,bookimed_longevity,1
Stem Cell Rejuvenation Package,bookimed_longevity_thailand,1
Stem Cell Storage & Cryopreservation,menu_enrichment,1
Stem Cell Transplant Tu5 812,mymeditravel_regenerative_turkey,1
Stem Cell Treatment Bk 12489,mymeditravel_regenerative_thailand,1
Stem Cell Treatment Bk 13199,mymeditravel_regenerative_thailand,1
Stem Cell Treatment Bk 13430,mymeditravel_regenerative_thailand,1
Stem Cell Treatment Bk 13762,mymeditravel_regenerative_thailand,1
Stem cell treatment for Autism 50 million MSCs (IV + IT),bookimed_longevity_thailand,1
Stem cell treatment for Autism 50 million MSCs (IV),bookimed_longevity_thailand,1
Stem cell treatment for Autism 70 million MSCs (IV + IT),bookimed_longevity_thailand,1
Stem cell treatment for Autism 70 million MSCs (IV),bookimed_longevity_thailand,1
Stem Cell Treatment For Autoimmune Diseases Bk 14435,mymeditravel_regenerative_thailand,1
Stem Cell Treatment For Chronic Back Pain Bk 14281,mymeditravel_regenerative_thailand,1
Stem Cell Treatment For Chronic Back Pain Tu1 706,mymeditravel_regenerative_turkey,1
Stem cell treatment for Diabetes Mellitus Type I / II 150 million MSCs,bookimed_longevity_thailand,1
Stem cell treatment for Diabetes Mellitus Type I / II 200 million MSCs,bookimed_longevity_thailand,1
Stem cell treatment for Diabetes Mellitus Type I / II 80 million MSCs,bookimed_longevity_thailand,1
Stem cell treatment for Diabetic Wound and Chronic Wound 45 days,bookimed_longevity_thailand,1
Stem cell treatment for Erectile Dysfunction 20 million MSCs (IV),bookimed_longevity_thailand,1
Stem cell treatment for Erectile Dysfunction 60 million MSCs (Local + IV),bookimed_longevity_thailand,1
Stem cell treatment for Multiple Sclerosis (MS) 150 million MSCs,bookimed_longevity_thailand,1
Stem cell treatment for Multiple Sclerosis (MS) 200 million MSCs,bookimed_longevity_thailand,1
Stem cell treatment for Multiple Sclerosis (MS) 80 million MSCs,bookimed_longevity_thailand,1
Stem Cell Treatment For Parkinsons Disease Bk 14159,mymeditravel_regenerative_thailand,1
Stem cell treatment for Parkinson’s Disease 160 million MSCs (IV + IT),bookimed_longevity_thailand,1
Stem cell treatment for Parkinson’s Disease 160 million MSCs (IV),bookimed_longevity_thailand,1
Stem Cell Treatment So8 6056,mymeditravel_regenerative_southkorea,1
Stem Cell Treatment So8 6067,mymeditravel_regenerative_southkorea,1
Stem Cell Treatment Tu3 77,mymeditravel_regenerative_turkey,1
Stem Cell Treatments,menu_enrichment,1
Stem Cell-Infused Creams and Serums,menu_enrichment,1
Stem Cell-Infused Masks,menu_enrichment,1
Stem Plan Membership,menu_enrichment,1
STEMREGEN Mobilize - STEMREGEN,menu_enrichment,1
STEMREGEN Release - STEMREGEN,menu_enrichment,1
STEMREGEN Release SPORT - STEMREGEN,menu_enrichment,1
STEMREGEN Signal - STEMREGEN,menu_enrichment,1
Stereotactic (Needle Core) biopsy,menu_enrichment,1
Stereotactic Body Radiation Therapy (SBRT),menu_enrichment,1
Steroid Injection,menu_enrichment,1
Steroid Injections,menu_enrichment,1
Steroid Joint Injection,menu_enrichment,1
Steroid scalp injections,menu_enrichment,1
Stimulant Addiction Treatment,menu_enrichment,1
Stimulator Peel,menu_enrichment,1
Stitches,menu_enrichment,1
Stoffwechsel & Gewicht,menu_enrichment,1
Stomach Boost IV Drip - Stomach Boost,menu_enrichment,1
Stomach Bug,menu_enrichment,1
Stomach Bug PLUS,menu_enrichment,1
Stomach Flu IV,menu_enrichment,1
Stomach Line Waxing,menu_enrichment,1
Strain Counterstrain,menu_enrichment,1
"Straumann Dental Implant by ITI-Certified Dentist — 4★ Hotel, 9 Days",bookimed_longevity_korea,1
Strength After Breast Cancer,menu_enrichment,1
Strength and Balance Training,menu_enrichment,1
Strength and Conditioning Classes,menu_enrichment,1
Strength Balance Testing (Force Capacity Exam),menu_enrichment,1
Strength Classes,menu_enrichment,1
Strength Training,menu_enrichment,1
Strength-based Therapy,menu_enrichment,1
Strep Tests,menu_enrichment,1
Strep Throat PCR Test,menu_enrichment,1
Stress Analysis - HeartMath,menu_enrichment,1
Stress Echocardiography,menu_enrichment,1
Stress Electrocardiography Ecg So8 1798,mymeditravel_chaum_medical_center,1
"Stress IV - Contains fluids, electrolytes, B1, B2, B3, B5, B6, taurine, magnesium, & B12",menu_enrichment,1
Stress Management,menu_enrichment,1
Stress Management Consultation,menu_enrichment,1
Stress Reduction & Mindfulness,menu_enrichment,1
Stress Reliever - Touchless Package,menu_enrichment,1
"Stress Resilienz 2 - MAYRLIFE, 60 cap",menu_enrichment,1
Stress Therapy,menu_enrichment,1
"Stress Urinary Incontinence Surgery with Midurethral Sling (TVT, TOT, IVS etc.)",bookimed_longevity,1
"Stress Urinary Incontinence Surgery with Midurethral Sling (TVT, TOT, IVS etc.)",bookimed_longevity_turkey,1
Stretch Mark Treatment - Fotona,menu_enrichment,1
Stretch Therapy,menu_enrichment,1
Stretch Therapy / Flexology,menu_enrichment,1
Strip Method Hair Restoration,menu_enrichment,1
Stroke & Brain Injury Rehabilitation,menu_enrichment,1
Stroke Consultation Bk 14437,mymeditravel_regenerative_thailand,1
Stroke Prevention Health Check-up with Advanced Blood Analysis & Transfer,bookimed_longevity,1
Stroke Prevention Health Check-up with Advanced Blood Analysis & Transfer,bookimed_longevity_thailand,1
Stroke Rehab,menu_enrichment,1
Stroke Rehabilitation Program – Golden Period (3–6 Months) Intensive Recovery,bookimed_longevity,1
Stroke Rehabilitation Program – Golden Period (3–6 Months) Intensive Recovery,bookimed_longevity_thailand,1
Stroke/CVA,menu_enrichment,1
Strokes,menu_enrichment,1
"Strong Bone - Strong Bone, 120 Capsules",menu_enrichment,1
Sub Acromial Decompression,menu_enrichment,1
Subarachnoid Nerve Block and Neurolysis,menu_enrichment,1
Subcutaneously Tunneled Epidural Catheter and Port Implant (Epiport),menu_enrichment,1
Subluxation,menu_enrichment,1
Suboxone Treatment - Induction Visit (New Patient Visit),menu_enrichment,1
Suboxone Treatment - Monthly Maintenance Visits,menu_enrichment,1
Suboxone Treatment - Monthly Visits or New Visits,menu_enrichment,1
"Subsequent Matrix Repatterning Visit - Dr. Chris Bierbrauer, DC, CMRP",menu_enrichment,1
Substance Use Disorder Treatment,menu_enrichment,1
Suburethral Sling (TVT) Surgery — Minimally Invasive Treatment for Urinary Incontinence,bookimed_longevity,1
Sugaring - Breast (Women),menu_enrichment,1
Sugaring - Chest (Men),menu_enrichment,1
Sugaring - Full Back (Men),menu_enrichment,1
Sugaring - Full Back (Women),menu_enrichment,1
Sugaring - Full Legs (Men),menu_enrichment,1
Sugaring - Full Legs (Women),menu_enrichment,1
Sugaring - Full Stomach (Men),menu_enrichment,1
Sugaring - Full Stomach (Women),menu_enrichment,1
Sugaring - Half Back (Men),menu_enrichment,1
Sugaring - Half Back (Women),menu_enrichment,1
Sugaring - Lower Legs (Men),menu_enrichment,1
Sugaring - Lower Legs (Women),menu_enrichment,1
Sugaring - Lower Stomach (Men),menu_enrichment,1
Sugaring - Lower Stomach (Women),menu_enrichment,1
Sugaring - Neck/Chin/Cheeks (Men),menu_enrichment,1
Sugaring - Neck/Chin/Cheeks (Women),menu_enrichment,1
Sugaring - Nipples (Men),menu_enrichment,1
Sugaring - Nipples (Women),menu_enrichment,1
Sugaring - Shoulders (Men),menu_enrichment,1
Sugaring - Shoulders (Women),menu_enrichment,1
Sugaring - Sideburns/Forehead/Upper Lip (Men),menu_enrichment,1
Sugaring - Sideburns/Forehead/Upper Lip (Women),menu_enrichment,1
Sugaring - Upper Legs (Men),menu_enrichment,1
Sugaring - Upper Legs (Women),menu_enrichment,1
Summer 2026 Classes,menu_enrichment,1
Summer 6 Pack,menu_enrichment,1
Summer Dream Facial,menu_enrichment,1
Summer Glow Package,menu_enrichment,1
Summer Sale - 100 credits,menu_enrichment,1
Summer Skin Facial Package,menu_enrichment,1
Summer Special 15+3,menu_enrichment,1
Summer Special 4+1,menu_enrichment,1
Summer Special 8+2,menu_enrichment,1
Sun Damage & Brown Spots/Pigment Treatment - IPL,menu_enrichment,1
Sun Soothing Cryo Aloe Facial,menu_enrichment,1
Sunless Tan Firming Lotion,menu_enrichment,1
Sunshine in a Bottle - 60sg,menu_enrichment,1
"Supartz ""Gel"" Knee Injection",menu_enrichment,1
Super Myers Cocktail,menu_enrichment,1
Super Myers Cocktail (Mobile) - Mobile,menu_enrichment,1
SuperBoost Vitamin Shots,menu_enrichment,1
Supercharge Circuit - Protocol,menu_enrichment,1
SuperDrip IV Wellness,menu_enrichment,1
"Superficial Chemical Peels - SkinMedica Illuminize, Rejuvenize, Vitalize",menu_enrichment,1
Superficial Dry Needling,menu_enrichment,1
Superficial Radiation Therapy (SRT),menu_enrichment,1
Superhuman Protocol,menu_enrichment,1
Superior Capsular Reconstruction,menu_enrichment,1
Superior Microvascular Imaging (SMI),menu_enrichment,1
SuperNova Facial,menu_enrichment,1
Supervised Visitations/Observation,menu_enrichment,1
Supervised Weight Loss Program,menu_enrichment,1
Supplement Protocol,world_longevity_clinics,1
Supplement Protocols,biohacking_map,1
Supplements - Pharmaceutical-grade nutritional supplements,menu_enrichment,1
"Supplements - Vitamins A, K, D, QuickSilver Detox, OBVI, Replenza",menu_enrichment,1
Supplements/Herbs,menu_enrichment,1
Support for Perimenopause & Menopause,menu_enrichment,1
Support Group for Sex Addiction & Pornography Addiction,menu_enrichment,1
Supportive Care & Restoration - Foundational protocol,menu_enrichment,1
"Supportive Care for Chronic Inflammatory Conditions, Autoimmune Illnesses, Chronic Fatigue, and Long Haul Covid Symptoms",menu_enrichment,1
Supportive Injectables - B12 - B12,menu_enrichment,1
Supportive Injectables - Glutathione - Glutathione,menu_enrichment,1
Supportive Injectables - L-Carnitine - L-Carnitine,menu_enrichment,1
Supportive Parenting for Anxious Childhood Emotions (SPACE) or Parenting Coaching,menu_enrichment,1
Surgery Cm 1548,mymeditravel_regenerative_thailand,1
Surgery For Hypoplastic Left Heart Syndrome Bk 14434,mymeditravel_regenerative_thailand,1
Surgical center,biohacking_map,1
Surgical Hairline Advancement,menu_enrichment,1
"Surgical Treatment of Long Bone Fractures, Including Percutaneous Pinning Under Fluoroscopic Guidance",bookimed_longevity,1
"Surgical Treatment of Long Bone Fractures, Including Percutaneous Pinning Under Fluoroscopic Guidance",bookimed_longevity_turkey,1
Swedish Massage (Nordic Calm) - Nordic Calm,menu_enrichment,1
Swedish Massage - 60/90 minutes,menu_enrichment,1
Swedish Massage - Medical Massage,menu_enrichment,1
"Sweet Sixteen - Teen Facial, Sea Salt Body Polish, One Hour Swedish Massage and Hand & Foot Paraffin Treatment",menu_enrichment,1
Sweetheart Skincare Journey,menu_enrichment,1
SWiCH Dermal Rejuvenation,menu_enrichment,1
SWiCH Signature Peel,menu_enrichment,1
Swim Line Bikini,menu_enrichment,1
Swim Line Bikini Wax,menu_enrichment,1
Swiss Biological Medicine,menu_enrichment,1
Sylfirm X RF Microneedling - Sylfirm X,menu_enrichment,1
Symphony of the Cells - 30 min,menu_enrichment,1
Symphony of the Cells - Package of 5 treatments,menu_enrichment,1
Synapsin - Mental Focus,menu_enrichment,1
Synapsin - Mental Health,menu_enrichment,1
SYNC Health Coaching Program,menu_enrichment,1
SynovX Calm - 60 capsules,menu_enrichment,1
Systemic Approach Consultation - Clinical Consultation,menu_enrichment,1
Systemic Lupus Erythematosus Treatment,menu_enrichment,1
Systemic Sclerosis Treatment,menu_enrichment,1
Systems Approach,menu_enrichment,1
Séance découverte IHHT - IHHT,menu_enrichment,1
"Séance en chambre hyperbare - Gamow bag, basse pression, 1.3 ATA",menu_enrichment,1
T'Sphere Trigger Point Therapy,menu_enrichment,1
Tadalafil,menu_enrichment,1
Tadalafil - Sexual Health,menu_enrichment,1
Tailored Bikini,menu_enrichment,1
"TAJ Chair - TAJ Series, 40"" x 18""",menu_enrichment,1
"TAJ Mat - TAJ Series, 20"" x 20""",menu_enrichment,1
"TAJ Mat - TAJ Series, 72"" x 24""",menu_enrichment,1
"Talk Therapy - First Session (Self-Pay) - All other states, initial session",menu_enrichment,1
"Talk Therapy - Subsequent Sessions (Self-Pay) - All other states, follow-up",menu_enrichment,1
"Tanning Booths - Sun Capsule 360° Vertical UV, Unlimited per month",menu_enrichment,1
"TAO Chair - TAO Series, 40"" x 18""",menu_enrichment,1
"TAO Mat Matrix - TAO Series, 18"" x 18""",menu_enrichment,1
Targeted IV Protocols,biohacking_map,1
Targeted Oncothermia Hyperthermia for Stomach Cancer with Integrated Immunotherapy,bookimed_longevity,1
Targeted Oncothermia Hyperthermia for Stomach Cancer with Integrated Immunotherapy,bookimed_longevity_thailand,1
Tattoo Removal - Large,menu_enrichment,1
Tattoo Removal - Medium,menu_enrichment,1
Tattoo Removal - Small,menu_enrichment,1
Tattoo Removal - X-Large,menu_enrichment,1
Tattoo Removal - X-Small,menu_enrichment,1
Taurine,menu_enrichment,1
Taurine IM Injection,menu_enrichment,1
Taurine IM Injection - Taurine,menu_enrichment,1
"TB-500 - Regeneration, 30-Day Supply",menu_enrichment,1
TB-500 - TB-500,menu_enrichment,1
TCA Peel,menu_enrichment,1
TCM Acupuncture RE-evaluation,menu_enrichment,1
Tdap Vaccine,menu_enrichment,1
Teal Lotus Yoga Mat,menu_enrichment,1
Tech Neck Massage - 60 minutes,menu_enrichment,1
Tech Neck Massage - 90 minutes,menu_enrichment,1
"Tech session packages - Red light, Vielight, PEMF, Compression, Virtual Reality, 10 sessions",menu_enrichment,1
"Tech session packages - Red light, Vielight, PEMF, Compression, Virtual Reality, 25 sessions",menu_enrichment,1
"Tech session packages - Red light, Vielight, PEMF, Compression, Virtual Reality, 5 sessions",menu_enrichment,1
Teen Acne Facial,menu_enrichment,1
Teen D-Kleen,menu_enrichment,1
Teen Facial,menu_enrichment,1
Teeth Whitening (30 min),menu_enrichment,1
Teeth Whitening (60 min),menu_enrichment,1
Teeth Whitening Bk 13160,mymeditravel_regenerative_thailand,1
Teeth Whitening Cr 36,mymeditravel_regenerative_thailand,1
Tele Health,menu_enrichment,1
Tele-Health/Virtual Therapy,menu_enrichment,1
Telehealth appointments,menu_enrichment,1
Telehealth Appointments,menu_enrichment,1
Telehealth Consultation,menu_enrichment,1
TeleHealth consultation,menu_enrichment,1
Telehealth Physical Therapy,menu_enrichment,1
Telehealth PT Sessions - Zoom,menu_enrichment,1
Telehealth Services - Virtual Physician Visits,menu_enrichment,1
Telehealth – Hands Across Alaska,menu_enrichment,1
Telemedicine / Video Appointments,menu_enrichment,1
Telemedicine Consultations,menu_enrichment,1
Telemedicine Visit - Non-Member - per televisit,menu_enrichment,1
"Telemedicine Visit - Non-Member, per visit",menu_enrichment,1
"Telemedicine Visit - Non-Member, Video",menu_enrichment,1
Telemedicine Visits,menu_enrichment,1
Telephone Support,menu_enrichment,1
TeleVisit for Cold Sore Treatment,menu_enrichment,1
TeleVisit for Pink Eye (Conjunctivitis),menu_enrichment,1
TeleVisit for Rash or Eczema Relief,menu_enrichment,1
TeleVisit for Sinus Infection Relief,menu_enrichment,1
TeleVisit for Urinary Tract Infection (UTI),menu_enrichment,1
TeleVisit for Vaginal Infection Care,menu_enrichment,1
TeleVisit Nausea & Vomiting Consultation,menu_enrichment,1
Tender Beam,menu_enrichment,1
Tender Beam Bio-Light Gua Sha With RF Treatment - Tender Beam,menu_enrichment,1
Tendinitis and Bursitis Treatment,menu_enrichment,1
"Tendon & Ligament Support - Tendon & Ligament Support, 60 Capsules",menu_enrichment,1
Tendon Clinic,menu_enrichment,1
Tendon Tears Treatment,menu_enrichment,1
Tendonitis,menu_enrichment,1
Tendonova,menu_enrichment,1
Tenex Health TX® System - Tenex Health TX®,menu_enrichment,1
Tennis/Golfers Elbow,menu_enrichment,1
TENS Therapy,menu_enrichment,1
Tesamorelin - Peptide support,menu_enrichment,1
"Tesamorelin - Subcutaneous, Per Month",menu_enrichment,1
"Tesamorelin-Ipamorelin - Body Composition, 30-Day Supply",menu_enrichment,1
Testicular Ultrasound So8 1813,mymeditravel_chaum_medical_center,1
Testosterone,menu_enrichment,1
Testosterone - Hormonal Health,menu_enrichment,1
Testosterone Boosting,menu_enrichment,1
"Testosterone Compounded Cream - Compounded cream, Monthly",menu_enrichment,1
Testosterone Injections,menu_enrichment,1
Testosterone Replacement,menu_enrichment,1
Testosterone Replacement (TRT),menu_enrichment,1
Testosterone Replacement Therapy Program,menu_enrichment,1
Testosterone Therapy - monthly,menu_enrichment,1
Testosterone Treatment,menu_enrichment,1
Tests & Medications,menu_enrichment,1
Tetra CO2 Laser With CoolPeel™,menu_enrichment,1
Tetra CoolPeel CO2 Laser - Tetra CoolPeel,menu_enrichment,1
TFF Sweatshirt - Fitness Fits,menu_enrichment,1
TFF Unisex Hoodie - Fitness Fits,menu_enrichment,1
Thai & Lomi Lomi Massage,menu_enrichment,1
Thai Combination Massage (Rhythm of Balance) - Rhythm of Balance,menu_enrichment,1
Thai Herbal Ball Hot Compress Massage (Siam Compress) - Siam Compress,menu_enrichment,1
Thai Massage + Holistic Table Massage Combo,menu_enrichment,1
Thai Style Scalp Treatment,menu_enrichment,1
Thai Style Scalp Treatment (Couple),menu_enrichment,1
Thai Traditional Massage (Thai Heritage Ritual) - Thai Heritage Ritual,menu_enrichment,1
The Acne D-tox,menu_enrichment,1
The Akimat Classic Facial,menu_enrichment,1
The Alchemic Day Journey-Trauma Healing,menu_enrichment,1
The Basics Facial,menu_enrichment,1
The Bio Craniopathic System,menu_enrichment,1
THE BRIDGE: detox symptom relief,menu_enrichment,1
The Circle Membership - Monthly subscription,menu_enrichment,1
The Complete Set,menu_enrichment,1
The Deluxe Hydrafacial,menu_enrichment,1
The Diamond Glow Facial,menu_enrichment,1
The Discovery Visit - One-Time Introductory Medical Diagnostic Appointment,menu_enrichment,1
The Divine Mom-to-be,menu_enrichment,1
"The Dr. G Lift - Proprietary non-surgical facelift combining PDO thread lifts, bio-stimulating agents, PRF, and exosomes",menu_enrichment,1
The EMDR Coach eBook Bundle,menu_enrichment,1
The EMDR Therapy Progress Journal (EBOOK),menu_enrichment,1
The Energy Pad,menu_enrichment,1
The Energy Pad - PEMF,menu_enrichment,1
The Escape Package,menu_enrichment,1
The Executive IV - The Focus Fusion,menu_enrichment,1
The Exosome Facial Facelift,menu_enrichment,1
The Flex Sports / Deep Tissue Massage - Massages,menu_enrichment,1
The FreshAir Mobile,menu_enrichment,1
The Full Edit,menu_enrichment,1
The Glow Edit,menu_enrichment,1
The Glow Protocol,menu_enrichment,1
The Glow Up IV,menu_enrichment,1
The Great Escape Package,menu_enrichment,1
The Grief Recovery Method,menu_enrichment,1
"The Healing Plunge 6 to 9 Month Program - 6 hours one-on-one, 12 sessions Delving Deep Energetic Healing Work, 4 weeks meal plan",menu_enrichment,1
"The Healthy Delving Deeper 3 Month Program - 3 hours one-on-one, 6 sessions Energetic Healing Work, 4 weeks meal plan",menu_enrichment,1
The Healthy Pickler Program - Pickleball Injury & Performance,menu_enrichment,1
The Journey Begins-Corporate,menu_enrichment,1
The Journey Continues-Corporate,menu_enrichment,1
The Laser Membership,menu_enrichment,1
The Light of Life Treatments - The Light of Life Energy,menu_enrichment,1
The Luxe Escape,menu_enrichment,1
THE NOBLE,menu_enrichment,1
The O Shot,menu_enrichment,1
The ORIGINAL Green Peel (Herbal),menu_enrichment,1
The Portal - Group Treatment,menu_enrichment,1
The Radiance Reiki Reset,menu_enrichment,1
THE RECOVERY PLAN Membership,menu_enrichment,1
The Sculpt,menu_enrichment,1
The Signature Tokyo Ritual - Bamford,menu_enrichment,1
The Skin Membership,menu_enrichment,1
The Skinny (Lipotropic Injection),menu_enrichment,1
The SkinSol Hydrafacial,menu_enrichment,1
The Stress Detox Challenge - 7-day challenge,menu_enrichment,1
The Supreme King,menu_enrichment,1
The Transition to Parenthood,menu_enrichment,1
The Ultimate Facial,menu_enrichment,1
The Works,menu_enrichment,1
TheraLumen (Wearable Red-Light) & Allotropic Oral Methylene Blue,menu_enrichment,1
Therapeutic Activities,menu_enrichment,1
Therapeutic Activities and Exercise,menu_enrichment,1
Therapeutic Bodywork,menu_enrichment,1
Therapeutic Fasting,world_longevity_clinics,1
Therapeutic Immunology Services,menu_enrichment,1
Therapeutic Modalities / Procedures,menu_enrichment,1
Therapeutic Plasma Exchange,biohacking_map,1
Therapeutic Plasma Exchange,menu_enrichment,1
Therapeutic Plasma Exchange (TPE),world_longevity_clinics,1
Therapeutic Support Group for Moms,menu_enrichment,1
Theraphi Plasma Light Therapy,menu_enrichment,1
Therapy Appointment,menu_enrichment,1
Therapy During Pregnancy,menu_enrichment,1
Therapy for Anxiety & Panic Attacks,menu_enrichment,1
Therapy for Emerging Creatives and Performing Artists,menu_enrichment,1
Therapy for OCD - ExRP,menu_enrichment,1
Therapy for Women in Their 20s and 30s,menu_enrichment,1
Therapy for Young Professionals,menu_enrichment,1
Therapy Session (In-person or remote),menu_enrichment,1
Therapy Session - Established clients,menu_enrichment,1
"Therapy Session with Annabella Lipson, LMHC",menu_enrichment,1
"Therapy Session with Dana Carretta-Stein, EMDRIA Approved Consultant",menu_enrichment,1
"Therapy Session with Frank Sarrapochiello, MHC-LP",menu_enrichment,1
"Therapy Session with Jennifer Ludwig, LMHC",menu_enrichment,1
"Therapy Session with Lauren Arnau, LMHC",menu_enrichment,1
"Therapy Session with Sean O'Connor, LMHC",menu_enrichment,1
"Therapy Session with Stephanie Polizzi, LMHC",menu_enrichment,1
"Therapy Session with Steven Schilling, MHC-LP",menu_enrichment,1
Therapy/Counseling Services,menu_enrichment,1
Thermage,menu_enrichment,1
"Thermage FLX 1,200 Shots for Facial Rejuvenation — No Downtime",bookimed_longevity,1
"Thermage FLX 1,200 Shots for Facial Rejuvenation — No Downtime",bookimed_longevity_turkey,1
Thermage Sp 1389,mymeditravel_regenerative_thailand,1
Thermal Water Treatments,world_longevity_clinics,1
Thermismooth,menu_enrichment,1
"ThermiSmooth Face - ThermiSmooth, per session",menu_enrichment,1
Thermography,menu_enrichment,1
Thermography Breast Study,menu_enrichment,1
Thermography Breast Study (follow-up),menu_enrichment,1
Thermography Half Body (men),menu_enrichment,1
"Thermography Half Body (women, includes breast study)",menu_enrichment,1
Thermography Services,menu_enrichment,1
Thermography Whole Body (men),menu_enrichment,1
"Thermography Whole Body (women, includes breast study)",menu_enrichment,1
Thigh Lift Tu1 709,mymeditravel_regenerative_turkey,1
Thigh Lift with VASER Liposuction — 7 Nights at 5★ Hotel Included,bookimed_longevity,1
Thigh Lift with VASER Liposuction — 7 Nights at 5★ Hotel Included,bookimed_longevity_turkey,1
Thigh Liposuction Bk 13208,mymeditravel_regenerative_thailand,1
Thigh Liposuction Bk 14638,mymeditravel_regenerative_thailand,1
Thigh Liposuction So8 5993,mymeditravel_regenerative_southkorea,1
Thigh Liposuction with Tumescent Technique for Sculpted Contour,bookimed_longevity,1
Thigh Liposuction with Tumescent Technique for Sculpted Contour,bookimed_longevity_korea,1
THINkless with ThinTech - ThinTech,menu_enrichment,1
THINNR Maintenance Program,menu_enrichment,1
THINNR Plus,menu_enrichment,1
Third Eye Activation Ritual,menu_enrichment,1
Thoracic Epidural Injection,menu_enrichment,1
Thoracic Facet Injection,menu_enrichment,1
Thoracic Outlet Evaluation / Anterior Scalene Injection,menu_enrichment,1
Thread Butt Lift - PDO thread,menu_enrichment,1
Thread Cat Eye - PDO thread,menu_enrichment,1
Thread Crow's Feet,menu_enrichment,1
Thread Eyebrow Lift - PDO threads,menu_enrichment,1
Thread Follow Up,menu_enrichment,1
Thread Frown Lines - PDO thread,menu_enrichment,1
Thread Jowls - PDO thread,menu_enrichment,1
Thread Lift for Subtle Facial Rejuvenation — Non-Surgical Facelift,bookimed_longevity,1
Thread Lift for Subtle Facial Rejuvenation — Non-Surgical Facelift,bookimed_longevity_thailand,1
Thread lifting,menu_enrichment,1
Thread Lower Face Lift,menu_enrichment,1
Thread Mid Face Lift,menu_enrichment,1
Thread Neck Lift - PDO thread,menu_enrichment,1
Thread Smile Lines (Nasolabial Fold) - PDO thread,menu_enrichment,1
Thread Submental Star (Under Chin),menu_enrichment,1
Thread Sunken Temples - PDO threads,menu_enrichment,1
Thread Undereye Tear Trough - PDO threads,menu_enrichment,1
Threads (Face Lifting & Volume Booster) - PDO Thread Lift,menu_enrichment,1
Three for Me Laser Treatment - Cynosure Icon Laser,menu_enrichment,1
ThreeForMe (Non-Ablative Fractional) - Icon ThreeForMe,menu_enrichment,1
Thymosin Alpha-1 (TA1),menu_enrichment,1
Thyroid + Vitamin D Mini Panel,menu_enrichment,1
Thyroid Checkup Ph 1373,mymeditravel_regenerative_thailand,1
Thyroid Checkup Ph 840,mymeditravel_regenerative_thailand,1
Thyroid disorders treatment,menu_enrichment,1
Thyroid Dysfunction,menu_enrichment,1
Thyroid Optimization (T3/T4),menu_enrichment,1
"Thyroid Optimization Therapy - Natural desiccated thyroid (Armour, Nature-Throid, Westhroid, WP Thyroid, Tirosint, Cytomel T3)",menu_enrichment,1
Thyroid Panel,menu_enrichment,1
"Thyroid Synergy - Designs For Health, 120 Capsules",menu_enrichment,1
Thyroid Treatment,menu_enrichment,1
Thyroid Ultrasound So8 1814,mymeditravel_chaum_medical_center,1
Thyroidectomy Bk 13190,mymeditravel_regenerative_thailand,1
Tick bites,menu_enrichment,1
Tick bites treatment,menu_enrichment,1
Timeless Sandwich,menu_enrichment,1
Tirzepatide (GIP/GLP-1 RA) Therapy - Tirzepatide,menu_enrichment,1
Tirzepatide Injections,menu_enrichment,1
Tirzepatide Membership - TirzeBalance Plus,menu_enrichment,1
Tirzepatide Membership - TirzeFit Basic,menu_enrichment,1
Tirzepatide Membership - Ultimate Body Reset,menu_enrichment,1
Titanium Program,menu_enrichment,1
TLC Medical Exam,menu_enrichment,1
TMD Joint Therapy,menu_enrichment,1
TMJ (Temporomandibular Joint Disorder) Therapy,menu_enrichment,1
TMJ Conditions,menu_enrichment,1
TMJ Disorders,menu_enrichment,1
TMJ Physical Therapy Treatment,menu_enrichment,1
TMJ Therapy,menu_enrichment,1
TMJ Treatment,menu_enrichment,1
Toddler/young child/adolescent care,menu_enrichment,1
Toenail Fungus,menu_enrichment,1
Toenail Fungus Laser Treatment - Big Toes - Introductory Pricing,menu_enrichment,1
Toenail Fungus Laser Treatment - Small Toes - Introductory Pricing,menu_enrichment,1
Tone Perfect Facial,menu_enrichment,1
Tooth Extraction Cr 40,mymeditravel_regenerative_thailand,1
Tooth Filling Bk 13154,mymeditravel_regenerative_thailand,1
Tooth Filling Cr 39,mymeditravel_regenerative_thailand,1
Topical Cream - 200gr/gum,menu_enrichment,1
Topical Recovery Gel,menu_enrichment,1
Toradol - 15mg,menu_enrichment,1
Toradol - 30mg,menu_enrichment,1
Toradol Add-On,menu_enrichment,1
Torticollis Screening,menu_enrichment,1
Total Body Liposuction & HD Liposculpture by ISAPS-Certified Surgeon — 5 Nights at Hotel,bookimed_longevity_korea,1
Total Body Reshaping with Personalised Planning — 5★ Hotel Included,bookimed_longevity,1
Total Body Reshaping with Personalised Planning — 5★ Hotel Included,bookimed_longevity_turkey,1
Total Hip Replacement,menu_enrichment,1
TOTAL HİP REPLACEMENT,bookimed_longevity,1
TOTAL HİP REPLACEMENT,bookimed_longevity_turkey,1
Total Joint Replacement,menu_enrichment,1
Total Knee Replacement,menu_enrichment,1
Total Knee Replacement Surgery,menu_enrichment,1
Total Parenteral Nutrition (TPN),menu_enrichment,1
"Total Thyroidectomy, Bilateral (for Malignant Disease)",bookimed_longevity,1
"Total Thyroidectomy, Bilateral (for Malignant Disease)",bookimed_longevity_turkey,1
Total-Body Skin Cancer Exam,menu_enrichment,1
Total-Body Skin Cancer Exams,menu_enrichment,1
Tox,menu_enrichment,1
Toxic Metal Testing,menu_enrichment,1
TPI Golf Swing Analysis - TPI Medical Level 1 & 2 Certified,menu_enrichment,1
TPI Golf Swing Assessment,menu_enrichment,1
TrackMan Golf Simulator,menu_enrichment,1
Traction Therapy,menu_enrichment,1
Traditional Acupuncture,menu_enrichment,1
Training and Conditioning - 1-on-1 Sessions,menu_enrichment,1
Training and Conditioning - Small Group Sessions,menu_enrichment,1
Training and Conditioning - Team Sessions,menu_enrichment,1
Training center,biohacking_map,1
Trans-cranial Doppler Testing,menu_enrichment,1
Transcatheter Aortic Valve Implantation (TAVI) at JCI-Accredited Hospital,bookimed_longevity,1
Transcatheter Aortic Valve Implantation (TAVI) at JCI-Accredited Hospital,bookimed_longevity_turkey,1
Transcranial Magnetic Stimulation,menu_enrichment,1
Transcutaneous Electrical Nerve Stimulation (TENS),menu_enrichment,1
Transcutaneous Electrical Nerve Stimulators (TENS),menu_enrichment,1
"Transfer Factor Multi-Immune - Transfer Factor Multi-Immune, 90 Capsules",menu_enrichment,1
Transfer of Records,menu_enrichment,1
Transforaminal Epidural Injections,menu_enrichment,1
Transforaminal Injection,menu_enrichment,1
TransFORM Body Treatment - TriHex Technology®,menu_enrichment,1
Transformational Coaching,menu_enrichment,1
Transformational Genetic Counseling,menu_enrichment,1
Transformational Mental Health Counseling,menu_enrichment,1
Transformational Nutritional Counseling,menu_enrichment,1
Transitional Housing,menu_enrichment,1
Transitional Work Assignment Programs (TWA),menu_enrichment,1
Transurethral Resection (TURP) for Enlarged Prostate (>3cm) at JCI-Accredited Hospital,bookimed_longevity,1
Transurethral Resection (TURP) for Enlarged Prostate (>3cm) at JCI-Accredited Hospital,bookimed_longevity_turkey,1
Trauma / PTSD,menu_enrichment,1
Trauma and PTSD Therapy,menu_enrichment,1
Trauma and PTSD Treatment,menu_enrichment,1
Trauma Healing,menu_enrichment,1
Trauma Treatment,menu_enrichment,1
Trauma-Informed Therapy,menu_enrichment,1
Traumeel,menu_enrichment,1
Traumeel Specialty Infusion,menu_enrichment,1
Traumeel Specialty Infusion - Traumeel,menu_enrichment,1
Travel Clinic Immunization,menu_enrichment,1
Travel Discount,menu_enrichment,1
Travel Fee (per mile beyond 30-mile radius),menu_enrichment,1
Travel Medicine Consults,menu_enrichment,1
Travel Reset,menu_enrichment,1
Travel Reset - Morris Method™,menu_enrichment,1
Travel Testing,menu_enrichment,1
Travel Vaccines,menu_enrichment,1
Traveler IV Drip,menu_enrichment,1
Traveling Vaccination,menu_enrichment,1
Treatment for Arthritis,menu_enrichment,1
Treatment for Diabetes,menu_enrichment,1
Treatment for Gastroenteritis,menu_enrichment,1
Treatment for Hypertension,menu_enrichment,1
Treatment for Respiratory Illnesses,menu_enrichment,1
"Treatment of various ailments such as hypertension, diabetes, heart disease, obesity, and high cholesterol",menu_enrichment,1
Treatment of Work-Related Injuries and Illnesses,menu_enrichment,1
Tremor Treatment,menu_enrichment,1
Tremors,menu_enrichment,1
"Tri Immune Booster - Vitamin C, Zinc, Glutathione",menu_enrichment,1
Tri-Immune IM Injection,menu_enrichment,1
Tri-Immune IM Injection - Tri-Immune,menu_enrichment,1
Tri-Mix and Quad-Mix Injections,menu_enrichment,1
"Trial and Implant in the Cervical, Thoracic, and Lumbar Spine",menu_enrichment,1
Tribeca Advanced Signature Facial,menu_enrichment,1
Tribeca Essential Signature Facial - featuring Laser Genesis,menu_enrichment,1
Trigeminal Nerve Blockade and Radiofrequency Ablation,menu_enrichment,1
Trigger Finger Injections,menu_enrichment,1
Trigger Point Dry Needling,menu_enrichment,1
Triloka Incense Sticks,menu_enrichment,1
Trimix Injections,menu_enrichment,1
Triple Blush Palette In Kandy Kiss,menu_enrichment,1
Triple Crown Classic,menu_enrichment,1
Triple Crown Royale,menu_enrichment,1
TriVisc,menu_enrichment,1
TRT,menu_enrichment,1
"TRT & HCG Replacement - TRT + HCG, HCG 500 IU twice weekly",menu_enrichment,1
TRT (Testosterone Replacement Therapy),menu_enrichment,1
"TRT Basic Program - Testosterone Cypionate 200mg/mL, Aromatase inhibitor (Anastrozole if needed), injection supplies, labs every 6 months, doctor consultation, monthly",menu_enrichment,1
TRT Evaluation,menu_enrichment,1
"TRT Replacement - Testosterone Replacement Therapy, Monthly",menu_enrichment,1
TruDOSE Therapy,menu_enrichment,1
TrueBeam Radiation Therapy,menu_enrichment,1
"TrueBeam STx & Halcyon Radiotherapy with PET-CT Imaging — ESMO-Certified Oncologist, JCI Center",bookimed_longevity,1
"TrueBeam STx & Halcyon Radiotherapy with PET-CT Imaging — ESMO-Certified Oncologist, JCI Center",bookimed_longevity_turkey,1
TruFlex,menu_enrichment,1
TruSculpt 3D - Cutera TruSculpt 3D,menu_enrichment,1
TruSculpt 3D - TruSculpt 3D,menu_enrichment,1
TruSculpt Flex - TruSculpt® Flex,menu_enrichment,1
TruSculpt ID,menu_enrichment,1
truSculpt iD - truSculpt® iD,menu_enrichment,1
TruSculpt iD - TruSculpt® iD,menu_enrichment,1
Trusculpt ID Body Sculpting - Trusculpt ID,menu_enrichment,1
truSculpt iD For The Abdomen - truSculpt® iD,menu_enrichment,1
truSculpt iD For The Flanks - truSculpt® iD,menu_enrichment,1
Try & Buy Programme - 4 Weeks Try & Buy,menu_enrichment,1
Tubal Reversal,menu_enrichment,1
Tummy Liposuction Bk 13206,mymeditravel_regenerative_thailand,1
Tummy Liposuction Bk 14639,mymeditravel_regenerative_thailand,1
Tummy Liposuction So8 5951,mymeditravel_regenerative_southkorea,1
Tummy Tuck,menu_enrichment,1
Tummy Tuck & Liposuction by EBOPRAS-Certified Surgeon — 7 Nights at 4★ Hotel,bookimed_longevity,1
Tummy Tuck & Liposuction by EBOPRAS-Certified Surgeon — 7 Nights at 4★ Hotel,bookimed_longevity_turkey,1
Tummy Tuck + Liposuction — 7 Nights with Breakfast at 4★ Hotel,bookimed_longevity,1
Tummy Tuck + Liposuction — 7 Nights with Breakfast at 4★ Hotel,bookimed_longevity_korea,1
Tummy Tuck + Liposuction — 7 Nights with Breakfast at 4★ Hotel,bookimed_longevity_turkey,1
Tummy Tuck Bk 13197,mymeditravel_regenerative_thailand,1
Tummy Tuck Bk 14413,mymeditravel_regenerative_thailand,1
Tummy Tuck Bk 14649,mymeditravel_regenerative_thailand,1
Tummy Tuck by Professor with 900+ Procedures — 5★ Hotel & VIP Transfer,bookimed_longevity,1
Tummy Tuck by Professor with 900+ Procedures — 5★ Hotel & VIP Transfer,bookimed_longevity_turkey,1
Tummy Tuck So8 3559,mymeditravel_regenerative_southkorea,1
Tummy Tuck Tu2 1264,mymeditravel_regenerative_turkey,1
Tummy Tuck with Liposuction by European Board Certified Surgeon — All Included,bookimed_longevity,1
Tummy Tuck with Liposuction by European Board Certified Surgeon — All Included,bookimed_longevity_turkey,1
Tummy Tuck with Waist Liposuction by European Board-Certified Surgeon,bookimed_longevity,1
Tummy Tuck with Waist Liposuction by European Board-Certified Surgeon,bookimed_longevity_turkey,1
TummyTime! Method Classes,menu_enrichment,1
Tuning Fork for Pain Relief Add-On - Add On,menu_enrichment,1
Tuning Fork Therapy - Ancient Solfeggio frequencies,menu_enrichment,1
Turkey Neck Rescue,menu_enrichment,1
Turkey Tail,menu_enrichment,1
Turkey Tail - 90 Capsules,menu_enrichment,1
Twilight Facial,menu_enrichment,1
Two Jaw,menu_enrichment,1
Two-Circle Analysis,menu_enrichment,1
Two-Person Session,menu_enrichment,1
Type 2 Diabetes Remission Program,menu_enrichment,1
Ulnar Nerve Transposition (Ulnar Nerve Entrapment Neuropathy),bookimed_longevity,1
Ulnar Nerve Transposition (Ulnar Nerve Entrapment Neuropathy),bookimed_longevity_turkey,1
Ultherapy (HIFU),menu_enrichment,1
Ultherapy - Ultherapy,menu_enrichment,1
Ultherapy - Ultherapy®,menu_enrichment,1
Ultherapy for Face & Neck — FDA-Cleared Treatment for Lifted & Tightened Skin,bookimed_longevity,1
Ultherapy for Face & Neck — FDA-Cleared Treatment for Lifted & Tightened Skin,bookimed_longevity_turkey,1
Ultherapy Prime - Ultherapy Prime,menu_enrichment,1
Ultherapy Prime V-Lifting,menu_enrichment,1
Ultherapy® - Ultherapy®,menu_enrichment,1
Ultherma,menu_enrichment,1
Ultherma Tightening,menu_enrichment,1
Ultimate Athlete Program,menu_enrichment,1
Ultimate Body Makeover,menu_enrichment,1
Ultimate Membership - 40 credits per month,menu_enrichment,1
Ultimate Panel,menu_enrichment,1
Ultimate Panel - DexaFit,menu_enrichment,1
ULTIMATE Relaxation Facial,menu_enrichment,1
Ultimate Revive,menu_enrichment,1
Ultimate STD Screening Package,bookimed_longevity,1
Ultimate STD Screening Package,bookimed_longevity_thailand,1
Ultra Binder,menu_enrichment,1
Ultra laser,menu_enrichment,1
UltraShape - UltraShape,menu_enrichment,1
Ultrasound,bookimed_longevity,1
Ultrasound Cavitation,menu_enrichment,1
Ultrasound Guided Dry Needling,menu_enrichment,1
Ultrasound Guided Injection Therapies,menu_enrichment,1
Ultrasound Guided Procedures,menu_enrichment,1
Ultrasound Guided Sclerotherapy,menu_enrichment,1
Ultrasound Scan,menu_enrichment,1
Ultrasound Scan So8 1815,mymeditravel_chaum_medical_center,1
Ultrasound Therapy Bk 13169,mymeditravel_regenerative_thailand,1
Ultrasound Therapy Ph 848,mymeditravel_regenerative_thailand,1
Ultrasound-Guided Foam Sclerotherapy,menu_enrichment,1
Ultrasound-Guided Imaging,biohacking_map,1
Ultrasound-Guided Injections,menu_enrichment,1
Ultrasound-guided Nerve/Myofascial Plane Hydrodissection - Specialty Injection Services,menu_enrichment,1
Under Eye Fat Repositioning,menu_enrichment,1
Under-Eye Stem Cell Treatments,menu_enrichment,1
Underarm,menu_enrichment,1
Underarm Bleaching,menu_enrichment,1
Underarm Hair Removal,menu_enrichment,1
Underarm Waxing,menu_enrichment,1
Underarms Waxing,menu_enrichment,1
Unicondylar Knee Replacement,menu_enrichment,1
Unisex Lightweight Hoodie,menu_enrichment,1
Unisex Tri-Blend T-Shirt,menu_enrichment,1
University,biohacking_map,1
Unlimited All Access,menu_enrichment,1
Unlimited Recurring Monthly Salt Cave Membership - per month,menu_enrichment,1
Unlimited Sessions Membership,menu_enrichment,1
Unlimited Tanning Booths,menu_enrichment,1
Unsteadiness,menu_enrichment,1
Updating and Changing Supplement Schedules,menu_enrichment,1
Upgrade to 1000ml - 1000ml upgrade,menu_enrichment,1
UPKEEP Upgrade,menu_enrichment,1
UPKEEP Upgrade - Package of 4 - Package of 4,menu_enrichment,1
"UPKEEP Upgrade - Package of 4, 4 sessions",menu_enrichment,1
Upneeq,menu_enrichment,1
Upneeq Eye Lifting Drops - Upneeq®,menu_enrichment,1
Upper & Lower Blepharoplasty - All Included,bookimed_longevity,1
Upper & Lower Blepharoplasty - All Included,bookimed_longevity_turkey,1
Upper & Lower Blepharoplasty for Refreshed Eyes — VIP Transfer & 7 Nights at Hotel,bookimed_longevity,1
Upper & Lower Blepharoplasty for Refreshed Eyes — VIP Transfer & 7 Nights at Hotel,bookimed_longevity_turkey,1
Upper and Middle Back Pain,menu_enrichment,1
Upper blepharoplasty,menu_enrichment,1
Upper Blepharoplasty by EBOPRAS-Certified Surgeon — VIP Transfer & 6 Night at Hotel,bookimed_longevity,1
Upper Blepharoplasty by EBOPRAS-Certified Surgeon — VIP Transfer & 6 Night at Hotel,bookimed_longevity_turkey,1
Upper Extremity Lymphedema Treatment,menu_enrichment,1
Upper/lower Eye Ptosis Correction,menu_enrichment,1
Ureteroscopy with Laser Lithotripsy — Minimally Invasive Kidney Stone Removal,bookimed_longevity,1
Urgent Care - Allergies & Asthma,menu_enrichment,1
Urgent Care - Cold/Flu,menu_enrichment,1
Urgent Care - Ear Infections,menu_enrichment,1
Urgent Care - Fractures and Sprains,menu_enrichment,1
Urgent Care - Headaches & Fevers,menu_enrichment,1
Urgent Care - Stitches,menu_enrichment,1
Urgent Care - Walk in Services,menu_enrichment,1
Urgent Care Access,menu_enrichment,1
Urgent Care Telehealth Visit - Shareable Urgent Care Televisits,menu_enrichment,1
Urinalysis,menu_enrichment,1
Urinary Tract Infection,menu_enrichment,1
Urinary tract infection treatment,menu_enrichment,1
Urine Pregnancy Tests,menu_enrichment,1
UritraX - 47 Grams,menu_enrichment,1
Urodynamic Testing,menu_enrichment,1
Urologist,biohacking_map,1
Urology,menu_enrichment,1
"Urology - Vasectomy, prostate biopsy",menu_enrichment,1
Urology Check-up with PSA Test & Prostate Ultrasound in Turkey,bookimed_longevity,1
Urology Check-up with PSA Test & Prostate Ultrasound in Turkey,bookimed_longevity_turkey,1
Urology Consultation Cr 30,mymeditravel_regenerative_thailand,1
Urology Consultation So8 98,mymeditravel_chaum_medical_center,1
Urology Services,menu_enrichment,1
Urology Ultrasound So8 1871,mymeditravel_chaum_medical_center,1
USCIS Exams,menu_enrichment,1
USCIS Medical Exam,menu_enrichment,1
Uterine Fibroid / Adenomyoma Ablation,bookimed_longevity,1
Uterine Fibroid Embolization (UFE),menu_enrichment,1
Uterine Prolapse Surgery So8 1847,mymeditravel_chaum_medical_center,1
UTI Diagnosis and Treatment,menu_enrichment,1
UTI testing,menu_enrichment,1
UTI Testing & Treatment,menu_enrichment,1
UTI testing and treatment,menu_enrichment,1
Uveitis Injections,menu_enrichment,1
Vaccinations & Immunizations,menu_enrichment,1
Vaccinations & Physicals,menu_enrichment,1
Vaccinations & Testing,menu_enrichment,1
Vaccinations (including Flu and Yellow Fever),menu_enrichment,1
Vaccinations and Immunizations,menu_enrichment,1
Vaccines & Immunizations,menu_enrichment,1
Vaccines and Flu Shots,menu_enrichment,1
Vacuum Body Therapy,menu_enrichment,1
Vacuum Therapy,menu_enrichment,1
Vaginal & Transvaginal Sonograms,menu_enrichment,1
Vaginal Canal Tightening - Fotona IntimaLase,menu_enrichment,1
"Vaginal Rejuvenation - FemTouch, ThermiVa, Emsella",menu_enrichment,1
Vaginoplasty Bk 14643,mymeditravel_regenerative_thailand,1
Vaginoplasty by EBOPRAS-Certified Surgeon— 4 Nights at 4★ Hotel with VIP Transfer,bookimed_longevity,1
Vaginoplasty by EBOPRAS-Certified Surgeon— 4 Nights at 4★ Hotel with VIP Transfer,bookimed_longevity_turkey,1
Vaginoplasty for Enhanced Comfort & Confidence — JCI-Accredited Hospital,bookimed_longevity_turkey,1
Vaginoplasty So8 1848,mymeditravel_chaum_medical_center,1
Vaginoplasty Tu2 1251,mymeditravel_regenerative_turkey,1
Vagus nerve stimulation,menu_enrichment,1
VALIDATE Velvet Liquid Lipstick,menu_enrichment,1
VanquishME - VanquishME,menu_enrichment,1
Varicose Vein Sclerotherapy,menu_enrichment,1
Varicose Veins Treatment Bk 13182,mymeditravel_regenerative_thailand,1
Vascular,menu_enrichment,1
Vascular & Vein Care,menu_enrichment,1
Vascular Aging Analysis,menu_enrichment,1
Vascular Imaging,world_longevity_clinics,1
Vascular Lesion Treatment,menu_enrichment,1
Vascular Medicine Consultation So8 1875,mymeditravel_chaum_medical_center,1
Vascular Screening,world_longevity_clinics,1
Vascular Surgery Consults,menu_enrichment,1
Vascular Testing,menu_enrichment,1
Vasculitis Treatment,menu_enrichment,1
Vasectomies,menu_enrichment,1
Vasectomy Bk 13428,mymeditravel_regenerative_thailand,1
VASER 360° Liposuction + Tummy Tuck by EBOPRAS-Certified Surgeon,bookimed_longevity_korea,1
VASER Liposuction — 3 Areas by European Board-Certified Surgeon — All Included,bookimed_longevity,1
VASER Liposuction — 3 Areas by European Board-Certified Surgeon — All Included,bookimed_longevity_turkey,1
VASER Tummy Tuck with Diastasis Correction — 5 Nights at Hotel & VIP Transfer,bookimed_longevity_korea,1
Vaserliposuction So8 3902,mymeditravel_regenerative_southkorea,1
VBeam - VBeam,menu_enrichment,1
VBeam Perfecta,menu_enrichment,1
Vegan Chlorophyll Drops - Mary Ruth's,menu_enrichment,1
Vegan Makeup Setting Spray,menu_enrichment,1
Vein Procedures,menu_enrichment,1
Vein Therapy - Cutera XEO vascular laser,menu_enrichment,1
Vein Treatment,menu_enrichment,1
Veins,menu_enrichment,1
Veline neck surgery (Platysmal lengthening),menu_enrichment,1
Velvet Liquid Lipstick VOODOO,menu_enrichment,1
VenaSeal Closure,menu_enrichment,1
Venipuncture,menu_enrichment,1
Venous Disease Treatment,menu_enrichment,1
"Ventilation Tube (VT) Insertion, Unilateral",bookimed_longevity,1
"Ventilation Tube (VT) Insertion, Unilateral",bookimed_longevity_turkey,1
Ventosaterapia,menu_enrichment,1
Venus Closure,menu_enrichment,1
"Venus Freeze - Skin Tightening - Butt & Thighs - Package of 3 - Venus Freeze, Package of 3",menu_enrichment,1
Venus Freeze - Skin Tightening - Butt & Thighs - Single - Venus Freeze,menu_enrichment,1
"Venus Freeze - Skin Tightening - Face - Package of 3 - Venus Freeze, Package of 3",menu_enrichment,1
Venus Freeze - Skin Tightening - Face - Single - Venus Freeze,menu_enrichment,1
"Venus Freeze - Skin Tightening - Stomach & Flanks - Package of 3 - Venus Freeze, Package of 3",menu_enrichment,1
Venus Freeze - Skin Tightening - Stomach & Flanks - Single - Venus Freeze,menu_enrichment,1
Venus Freeze - Venus Freeze,menu_enrichment,1
"Venus Freeze skin-tightening treatments - Venus Freeze, Three treatments on a medium area",menu_enrichment,1
"Venus Freeze skin-tightening treatments - Venus Freeze, Three treatments on a small area",menu_enrichment,1
"Venus Freeze — Skin Tightening - Butt & Thighs, Package of 3",menu_enrichment,1
"Venus Freeze — Skin Tightening - Butt & Thighs, Package of 3, 3 sessions",menu_enrichment,1
"Venus Freeze — Skin Tightening - Face, Package of 3",menu_enrichment,1
"Venus Freeze — Skin Tightening - Face, Package of 3, 3 sessions",menu_enrichment,1
"Venus Freeze — Skin Tightening - Stomach & Flanks, Package of 3",menu_enrichment,1
"Venus Freeze — Skin Tightening - Stomach & Flanks, Package of 3, 3 sessions",menu_enrichment,1
Venus Legacy,menu_enrichment,1
Vertigo Treatment,menu_enrichment,1
Vertigo/Balance Training,menu_enrichment,1
Vertigo/Dizziness Treatment,menu_enrichment,1
Vestibular & Balance Rehabilitation,menu_enrichment,1
Vestibular Nystagmography (VNG),menu_enrichment,1
Vestibular Physical Therapy,menu_enrichment,1
Vestibular Rehab,menu_enrichment,1
Vestibular Rehab (Vertigo),menu_enrichment,1
Vestibular Rehabilitation - Physical Therapy,menu_enrichment,1
Vestibular Rehabilitation Services,menu_enrichment,1
Vestibular Rehabilitation Therapy (VRT),menu_enrichment,1
Vestibular Therapy & Neurological Rehabilitation,menu_enrichment,1
Veteran & First Responder Care,menu_enrichment,1
VI Chemical Peels,menu_enrichment,1
VI Peel,menu_enrichment,1
VI Peel - VI Peel®,menu_enrichment,1
VI Peel - VIPeel,menu_enrichment,1
VI Peel Advanced - VI Peel,menu_enrichment,1
VI Peel and Acne,menu_enrichment,1
VI Peel Body - VI Peel,menu_enrichment,1
VI Peel Original - VI Peel,menu_enrichment,1
VI Peel Precision Plus - VI Peel,menu_enrichment,1
VI Peel Purify Precision Plus - VI Peel,menu_enrichment,1
VI Peels,menu_enrichment,1
ViaDisc,menu_enrichment,1
Viagra & Cialis,menu_enrichment,1
Viality Fat Transfer,menu_enrichment,1
ViaSure™,menu_enrichment,1
Vibe's Signature Meditation Massage,menu_enrichment,1
Vibration Platform,menu_enrichment,1
Vibration Therapy,menu_enrichment,1
Video EEG,menu_enrichment,1
Video Gait Analysis,menu_enrichment,1
Videonystagmography (VNG) testing,menu_enrichment,1
"Videonystagmography, VNG testing",menu_enrichment,1
Videothoracoscopic Wedge Resection by Surgeon with 30+ Years of Experience,bookimed_longevity,1
Videothoracoscopic Wedge Resection by Surgeon with 30+ Years of Experience,bookimed_longevity_turkey,1
Vielight,menu_enrichment,1
Vinyasa Glow,menu_enrichment,1
VIP All Access - Limited Time Offer - VIP All-Access,menu_enrichment,1
VIP All Access 1 Day Pass - VIP All-Access,menu_enrichment,1
VIP All Access Annual - VIP All-Access,menu_enrichment,1
VIP All Access Membership - VIP All-Access,menu_enrichment,1
VIP All Access Visit - VIP All-Access,menu_enrichment,1
VIP Concierge,menu_enrichment,1
VIP Day Pass,menu_enrichment,1
VIP Membership,menu_enrichment,1
VIP Membership - VIP,menu_enrichment,1
Virtual / Distant Reiki Healing,menu_enrichment,1
Virtual Aesthetic Consultation,menu_enrichment,1
Virtual Colonoscopy,world_longevity_clinics,1
Virtual Consultations,menu_enrichment,1
Virtual Free Consultation,menu_enrichment,1
Virtual iPhone Facetime,menu_enrichment,1
Virtual Physical Therapy,menu_enrichment,1
Virtual Physician Visits,menu_enrichment,1
Virtual Reality,menu_enrichment,1
Virtual Reality Therapy,menu_enrichment,1
Virtual Sick Visit,menu_enrichment,1
Virtual Therapy,menu_enrichment,1
"Virtual Visit - uninsured patient, payment at the time of service",menu_enrichment,1
Virtual Visits (Telehealth),menu_enrichment,1
Virtual-Personal Fitness Training,menu_enrichment,1
Visceral Therapy,menu_enrichment,1
"Viscoelastic Joint Injections - Synvisc, Hyalgan and Orthovisc",menu_enrichment,1
Viscosupplement gel injection for OA,menu_enrichment,1
Viscosupplementation Gel Injections,menu_enrichment,1
Vision Testing,menu_enrichment,1
Visit with Dr. Maxwell,menu_enrichment,1
Visiting Nurse,menu_enrichment,1
Visiting nurse service,menu_enrichment,1
Visiting Physical Therapy,menu_enrichment,1
Visual Field Testing,menu_enrichment,1
Visual Motor Integrated Exercises,menu_enrichment,1
Vita - Glow,menu_enrichment,1
Vita-Glow by AKIMAT,menu_enrichment,1
Vital Essential Membership,menu_enrichment,1
Vital Hydrate IV Drip (Quench),menu_enrichment,1
Vital Professional Membership,menu_enrichment,1
Vital VIP Membership,menu_enrichment,1
Vitality IV Membership,menu_enrichment,1
Vitality Plus IV Membership,menu_enrichment,1
Vitamin B Complex Injections,menu_enrichment,1
Vitamin B-12 Shot - Package of 4,menu_enrichment,1
Vitamin B-12 Shot - Package of 8,menu_enrichment,1
Vitamin B-12 Shot - Single,menu_enrichment,1
Vitamin B-Complex Add-on,menu_enrichment,1
Vitamin B12 Injection - Vitamin B12,menu_enrichment,1
Vitamin B12 Shot,menu_enrichment,1
Vitamin B12 Therapy,menu_enrichment,1
Vitamin Boost Injections,menu_enrichment,1
"Vitamin Booster Shot - B12, Biotin, or Immunity support",menu_enrichment,1
Vitamin C Add-On,menu_enrichment,1
Vitamin C Booster,menu_enrichment,1
Vitamin C Injection,menu_enrichment,1
Vitamin C Injections,menu_enrichment,1
"Vitamin Credit Package - 10 Vitamin Credits, member vs non-member",menu_enrichment,1
Vitamin D IM Injection,menu_enrichment,1
Vitamin D IM Injection - Vitamin D,menu_enrichment,1
Vitamin D/CaD,menu_enrichment,1
Vitamin D3,menu_enrichment,1
Vitamin Injection,menu_enrichment,1
Vitamin Injections,biohacking_map,1
Vitamin Injections & Infusions,menu_enrichment,1
"Vitamin Injections - Vitamin B12, Vitamin D, Glutathione, and more",menu_enrichment,1
Vitamin Shot Bar,menu_enrichment,1
Vitamin Shot Therapy,menu_enrichment,1
Vitamin Shots,menu_enrichment,1
Vitamin Therapy,menu_enrichment,1
Vitamin Therapy - In-Office & At Home,menu_enrichment,1
Vitamin Therapy Program,menu_enrichment,1
Vitamin-C Serum Black Currant,menu_enrichment,1
Vitamins & Supplements,menu_enrichment,1
VITL Topical DHT Blocker Serum - VITL,menu_enrichment,1
"Vivace RF Microneedling - Vivace, per session, face",menu_enrichment,1
VMP Cream,menu_enrichment,1
VNG (Video Nystagmography),menu_enrichment,1
VO2max,menu_enrichment,1
VO2max Testing,menu_enrichment,1
VO2max Testing (Ergospirometry),world_longevity_clinics,1
Volbella XC & Tear Troughs,menu_enrichment,1
Volcanic Sand Bath - per session,menu_enrichment,1
Vollure Injections,menu_enrichment,1
Voluma XC,menu_enrichment,1
Volume Fill,menu_enrichment,1
Volume Full Set,menu_enrichment,1
Volumetric Modulated Arc Therapy (VMAT),menu_enrichment,1
Voluminous Water Resistant Mascara,menu_enrichment,1
Votiva Treatment - Votiva,menu_enrichment,1
Votiva Vaginal Rejuvenation - Votiva,menu_enrichment,1
Vulvar Biopsy,menu_enrichment,1
Wahls Protocol,menu_enrichment,1
Waist Liposuction Bk 14642,mymeditravel_regenerative_thailand,1
Wait Liposuction So8 5930,mymeditravel_regenerative_southkorea,1
Walk The Back Massage,menu_enrichment,1
Walk-In Foot & Ankle Clinic,menu_enrichment,1
Walk-In Primary Care Visit - Adult Care,menu_enrichment,1
Walking & Gait Training,menu_enrichment,1
Warts & Skin Tags - Aerolase,menu_enrichment,1
Warts and Skin Condition Treatment,menu_enrichment,1
Warts Treatment,menu_enrichment,1
Watch & Drip,menu_enrichment,1
Waterproof Mascara Jet Black,menu_enrichment,1
WAVi Brain EEG,biohacking_map,1
Wax,menu_enrichment,1
Waxing & Tinting,menu_enrichment,1
Waxing/Threading,menu_enrichment,1
Wearable Integration,menu_enrichment,1
Webinars,menu_enrichment,1
Webster Technique,menu_enrichment,1
Webster Technique for Expectant Mothers,menu_enrichment,1
Weekend Recovery,menu_enrichment,1
Weekly Membership - 100 credits/week,menu_enrichment,1
Weekly Membership - 120 credits/week,menu_enrichment,1
Weekly Membership - 20 credits/week,menu_enrichment,1
Weekly Membership - 40 credits/week,menu_enrichment,1
Weekly Membership - 60 credits/week,menu_enrichment,1
Weekly Membership - 80 credits/week,menu_enrichment,1
Weight Control,menu_enrichment,1
Weight Loss & Body Sculpting,menu_enrichment,1
Weight Loss & Fat Reduction - Semaglutide & Tirzepatide protocols,menu_enrichment,1
Weight Loss & Wellness,menu_enrichment,1
Weight Loss - Advanced Program,menu_enrichment,1
Weight Loss - Core Program,menu_enrichment,1
Weight Loss - NutriMost,menu_enrichment,1
Weight Loss - Semaglutide,menu_enrichment,1
Weight Loss - THINNR,menu_enrichment,1
Weight Loss Care Visit - Evoke Weight Loss Care,menu_enrichment,1
Weight Loss Coaching - Ideal Protein,menu_enrichment,1
Weight Loss Fat Burner,menu_enrichment,1
Weight Loss Fat Burner (Mobile) - Mobile,menu_enrichment,1
"Weight Loss Injections - GLP-1, Lipotropic",menu_enrichment,1
"Weight Loss Injections - Semaglutide (Wegovy, Ozempic); Tirzepatide (Mounjaro, Zepbound), weekly injections",menu_enrichment,1
"Weight Loss Lab - CBC, CMP14, Lipid",menu_enrichment,1
Weight loss management,menu_enrichment,1
Weight Loss Management,menu_enrichment,1
Weight Loss Medication,menu_enrichment,1
"Weight Loss Membership - Monthly Membership, per month",menu_enrichment,1
Weight Loss Metabolic Safety Mini Panel,menu_enrichment,1
"Weight Loss Mounjaro Pre-Filled Pen - Mounjaro (tirzepatide), 2.5mg",menu_enrichment,1
Weight Loss Optimization Package - with bloodwork,menu_enrichment,1
Weight Loss Optimization Package - without bloodwork,menu_enrichment,1
"Weight Loss Package - Includes ear seeds, 10 sessions",menu_enrichment,1
Weight Loss Program - Bronze,menu_enrichment,1
Weight Loss Program - Established Patient,menu_enrichment,1
Weight Loss Program - First Month - Kickstart 2026,menu_enrichment,1
Weight Loss Program - Gold,menu_enrichment,1
Weight Loss Program - New Patient,menu_enrichment,1
Weight Loss Program - Silver,menu_enrichment,1
Weight Loss Program Renewal,menu_enrichment,1
Weight Loss Program Renewal - Weigh-ins Only,menu_enrichment,1
Weight Loss Solutions,menu_enrichment,1
Weight Loss Therapies,menu_enrichment,1
Weight Loss Therapy,menu_enrichment,1
Weight Loss Treatment,menu_enrichment,1
Weight Management & HCG Programs,menu_enrichment,1
Weight Management & Wellness Coaching,menu_enrichment,1
Weight Management Consultation,menu_enrichment,1
Weight Management Counseling,menu_enrichment,1
Weight Management Evaluation,menu_enrichment,1
Weight Management Medication,menu_enrichment,1
Weight Management Therapy,menu_enrichment,1
Weight Management with Skinny Shots - Skinny Shots,menu_enrichment,1
Weight Optimization,menu_enrichment,1
Weight Reduction Program,menu_enrichment,1
Weight/Obesity Management,menu_enrichment,1
Weightloss Management,menu_enrichment,1
Welcome Credit,menu_enrichment,1
Well Child Care Visit,menu_enrichment,1
Well Wednesdays,menu_enrichment,1
Well Woman Exam,menu_enrichment,1
Well Women Visits,menu_enrichment,1
Well-Woman Exam,menu_enrichment,1
Well-woman exams including pap smear,menu_enrichment,1
Well-Women's Visit,menu_enrichment,1
Wellness & Lifestyle Guidance,menu_enrichment,1
Wellness & Longevity,menu_enrichment,1
Wellness - SENS Solution,menu_enrichment,1
Wellness and Preventative Care,menu_enrichment,1
Wellness Body Rituals,menu_enrichment,1
Wellness care,menu_enrichment,1
Wellness care through other ancillary services offered by the practice,menu_enrichment,1
Wellness Coach Service,menu_enrichment,1
Wellness Coaching,menu_enrichment,1
Wellness Consult - Follow Up,menu_enrichment,1
Wellness Consult - Initial Visit,menu_enrichment,1
Wellness Exams,menu_enrichment,1
Wellness Exercise Series - Drop-in class,menu_enrichment,1
Wellness Exercise Series - Individual + spouse membership,menu_enrichment,1
Wellness Exercise Series - Individual membership,menu_enrichment,1
Wellness Experience,menu_enrichment,1
Wellness hotel,biohacking_map,1
Wellness Injections,menu_enrichment,1
"Wellness Membership - Monthly Membership, per month",menu_enrichment,1
Wellness Myers Cocktail - Mission Wellness,menu_enrichment,1
Wellness Plan,menu_enrichment,1
Wellness Preparation Package,menu_enrichment,1
Wellness Retreats,menu_enrichment,1
Wellness Sandwich,menu_enrichment,1
Wellness Starter Protocol - Sermorelin or Ipamorelin + GHK-Cu,menu_enrichment,1
Wellness Visit,menu_enrichment,1
Wellness visits,menu_enrichment,1
Wellness/Physical Exams,menu_enrichment,1
Westchester Torticollis Program,menu_enrichment,1
Wharton's Jelly Therapy,menu_enrichment,1
Whiplash,menu_enrichment,1
Whiplash Recovery Treatment,menu_enrichment,1
Whiplash Treatment,menu_enrichment,1
Whipple Surgery at JCI-Accredited Hospital — Multi-Specialty Consultation Included,bookimed_longevity,1
Whipple Surgery at JCI-Accredited Hospital — Multi-Specialty Consultation Included,bookimed_longevity_turkey,1
"Whipple Surgery for Pancreatic Cancer by Surgeon with 1,100+ Procedures",bookimed_longevity,1
"Whipple Surgery for Pancreatic Cancer by Surgeon with 1,100+ Procedures",bookimed_longevity_turkey,1
White Rose Facial,menu_enrichment,1
White Sage Smudge Stick,menu_enrichment,1
Whitening,menu_enrichment,1
Winback TECAR Therapy - BACK4,menu_enrichment,1
Withdrawal Management,menu_enrichment,1
WJ and Exosome Administration via Nebulizer,menu_enrichment,1
WJ and Exosome Intranasal Injection,menu_enrichment,1
Wolverine Blend,menu_enrichment,1
Wolverine Stack - Peptide Stack,menu_enrichment,1
Women & Men's Health Therapy,menu_enrichment,1
Women Face Waxing,menu_enrichment,1
Women's BHRT,menu_enrichment,1
Women's Cowl Neck Lightweight Hoodie,menu_enrichment,1
Women's Day Special,menu_enrichment,1
Women's General Health,menu_enrichment,1
Women's Health & Fertility,menu_enrichment,1
Women's Health / Pregnancy,menu_enrichment,1
"Women's Health Bundle (GYN; Primary Care; Urgent Care) - Fam Membership, annually",menu_enrichment,1
"Women's Health Bundle - GYN, Primary Care, Urgent Care, annual contract, $11/day",menu_enrichment,1
Women's Health Bundle - GYN; Primary Care; Urgent Care,menu_enrichment,1
"Women's Health Bundle - GYN; Primary Care; Urgent Care, annual contract",menu_enrichment,1
"Women's Health Bundle - GYN; Primary Care; Urgent Care, per year",menu_enrichment,1
"Women's Health Bundle Membership - Women's Health Bundle (GYN; Primary Care; Urgent Care), annual contract, $11 per day",menu_enrichment,1
"Women's Health Bundle Membership - Women's Health Bundle (GYN; Primary Care; Urgent Care), annually, $11 per member per day",menu_enrichment,1
Women's Health Check-up Ages 41-50 with Hormone Profile & Pap Smear,bookimed_longevity,1
Women's Health Check-up Ages 41-50 with Hormone Profile & Pap Smear,bookimed_longevity_thailand,1
Women's Health Optimization Package - with bloodwork,menu_enrichment,1
Women's Health Optimization Package - without bloodwork,menu_enrichment,1
Women's Health Panel (Baseline),menu_enrichment,1
Women's Heart Health Clinic,menu_enrichment,1
Women's Hormones,menu_enrichment,1
Women's Housing,menu_enrichment,1
Women's Imaging,menu_enrichment,1
Women's Injury Treatments,menu_enrichment,1
Women's Longevity+ Panel,menu_enrichment,1
Women's Midlife Panel,menu_enrichment,1
Women's Physical Therapy,menu_enrichment,1
Women's Racerback Tank - Fitness Fits,menu_enrichment,1
Women's TRT Therapy - Cream or injection options,menu_enrichment,1
Women's Wellness,menu_enrichment,1
"Women's Wellness Infusion - PMS, Pregnancy",menu_enrichment,1
"Women's Wellness Infusion - PMS, Pregnancy Support",menu_enrichment,1
Womens Health,menu_enrichment,1
Women’s Foot Care,menu_enrichment,1
Women’s Wellness,menu_enrichment,1
Work & Financial Issues,menu_enrichment,1
Work Conditioning & Simulation,menu_enrichment,1
Work Hardening,menu_enrichment,1
Work Hardening / Work Conditioning Evaluation - Services for Workers Comp,menu_enrichment,1
Work Hardening / Work Conditioning Treatment - Services for Workers Comp,menu_enrichment,1
Work Hardening/Conditioning,menu_enrichment,1
Work Injuries Rehab,menu_enrichment,1
Work Injury,menu_enrichment,1
Work Performance Evaluation/Functional Capacity Evaluation,menu_enrichment,1
Work Related Injuries - Workers Comp,menu_enrichment,1
Work Related Injuries Treatment,menu_enrichment,1
Work Related Injury,menu_enrichment,1
Work Smart Injury Prevention,menu_enrichment,1
Work-Related Physicals,menu_enrichment,1
Workbook PDF - Deep Dive Down the Rabbit Hole Into Hyper Health,menu_enrichment,1
Workers Compensation Injuries Treatment,menu_enrichment,1
Workers Compensation Physical Therapy,menu_enrichment,1
Workers' Compensation Consultations,menu_enrichment,1
Workers' Compensation Physical Therapy,menu_enrichment,1
Workplace Injury Therapy - Workers' Comp,menu_enrichment,1
WorkSteps,menu_enrichment,1
Wound Care Services,menu_enrichment,1
Wound Vac,menu_enrichment,1
Wound Vac Therapy,menu_enrichment,1
Wrinkle and Stretch Marks Reduction - Icoone,menu_enrichment,1
Wrinkle Reduction,menu_enrichment,1
Wrinkle Reduction Treatment with PicoWay,menu_enrichment,1
Wrinkle Relaxers,menu_enrichment,1
Wrinkle Treatment,menu_enrichment,1
Wrinkle Treatment Bk 14656,mymeditravel_regenerative_thailand,1
Wrinkle Treatment Pa 1559,mymeditravel_regenerative_thailand,1
Wrinkle Treatment Sp 1388,mymeditravel_regenerative_thailand,1
Wrist Treatments,menu_enrichment,1
X-Ray (ONLY),menu_enrichment,1
X-Ray Imaging,menu_enrichment,1
X-Ray Scan,menu_enrichment,1
Xcellent - 60 capsules,menu_enrichment,1
XEO + Yag Laser,menu_enrichment,1
Xeomin (Neuromodulators) - Xeomin,menu_enrichment,1
"Xeomin - Xeomin, 20 Units",menu_enrichment,1
Xeomin - XEOMIN®,menu_enrichment,1
XERF,menu_enrichment,1
Xerf (Radiofrequency),menu_enrichment,1
XERF - XERF,menu_enrichment,1
Xerf Facial,menu_enrichment,1
XERF Permanent Makeup - XERF,menu_enrichment,1
XO Shot,menu_enrichment,1
Y-Strap Adjustment,menu_enrichment,1
Yearly Physical Exam,menu_enrichment,1
Yearly Physical Examination,menu_enrichment,1
Yeast infection treatment,menu_enrichment,1
Yellow Fever Vaccination,menu_enrichment,1
Yoga & Meditation Classes,menu_enrichment,1
Yoga (1 to 1),menu_enrichment,1
Yoga (1 to 1) - 5 sessions,menu_enrichment,1
Yoga - 10 sessions,menu_enrichment,1
Yoga - 5 sessions,menu_enrichment,1
Yoga - Cours collectif,menu_enrichment,1
Yoga instructor,biohacking_map,1
"Yoga Membership - 12 sessions per month, 3 month sign up",menu_enrichment,1
Yoga Privates,menu_enrichment,1
"Yoga Privates Package - Package of 5, 5 sessions",menu_enrichment,1
Yoga prénatal - Cours collectif,menu_enrichment,1
Yoga prénatal - Cours individuel,menu_enrichment,1
Yoga Therapy and Rehabilitation - Mind-Body Techniques,menu_enrichment,1
Yoni Steam,menu_enrichment,1
Youth Athlete Rehab,menu_enrichment,1
Youth Development,menu_enrichment,1
Youth EssentiA Vita-Peptide Toner - Environ,menu_enrichment,1
YOU™ for Hair - YOU™,menu_enrichment,1
YOU™ for Skin - YOU™,menu_enrichment,1
Yumi Lash Lift,menu_enrichment,1
Z-Shot,menu_enrichment,1
Zen Detox - 1 Liter,menu_enrichment,1
Zen Detox - Half Liter,menu_enrichment,1
Zen Mama Prenatal Massage - Massages,menu_enrichment,1
ZenVR Retreat,menu_enrichment,1
Zerona Laser Treatment - Zerona Z6,menu_enrichment,1
Zinc Add-On,menu_enrichment,1
ZO 3-Step Peel - ZO,menu_enrichment,1
Zofran - 4mg,menu_enrichment,1
Zofran - 8mg,menu_enrichment,1
Zofran Add-On,menu_enrichment,1
Ästhetische Medizin & Longevity,menu_enrichment,1
ÇA VA BIEN Mini Facial,menu_enrichment,1
ÇA VA BIEN Signature Facial,menu_enrichment,1
🧠 Premium Package – Epilepsy Surgery Program in Barcelona,bookimed_longevity,1
